ISO-10303-21;
HEADER;
/* Generated by software containing ST-Developer
 * from STEP Tools, Inc. (www.steptools.com) 
 */
/* OPTION: using custom renumber hook */

FILE_DESCRIPTION(
/* description */ ('STEP AP214'),
/* implementation_level */ '2;1');

FILE_NAME(
/* name */ '0ZCH0110AF2E',
/* time_stamp */ '2025-06-23T19:47:56+02:00',
/* author */ ('License CC BY-ND 4.0'),
/* organization */ ('CADENAS'),
/* preprocessor_version */ 'ST-DEVELOPER v19.3',
/* originating_system */ 'PARTsolutions',
/* authorisation */ '  ');

FILE_SCHEMA (('AUTOMOTIVE_DESIGN {1 0 10303 214 3 1 1}'));
ENDSEC;

DATA;
#10=PROPERTY_DEFINITION_REPRESENTATION(#14,#12);
#11=PROPERTY_DEFINITION_REPRESENTATION(#15,#13);
#12=REPRESENTATION('',(#16),#7565);
#13=REPRESENTATION('',(#17),#7565);
#14=PROPERTY_DEFINITION('pmi validation property','',#7600);
#15=PROPERTY_DEFINITION('pmi validation property','',#7600);
#16=VALUE_REPRESENTATION_ITEM('number of annotations',COUNT_MEASURE(0.));
#17=VALUE_REPRESENTATION_ITEM('number of views',COUNT_MEASURE(0.));
#18=CIRCLE('',#4460,0.35);
#19=CIRCLE('',#4461,0.35);
#20=CIRCLE('',#4463,0.35);
#21=CIRCLE('',#4464,0.35);
#22=CIRCLE('',#4475,0.35);
#23=CIRCLE('',#4477,0.315);
#24=CIRCLE('',#4482,0.35);
#25=CIRCLE('',#4483,1.554);
#26=CIRCLE('',#4486,1.554);
#27=CIRCLE('',#4489,0.35);
#28=CIRCLE('',#4491,0.35);
#29=CIRCLE('',#4494,1.554);
#30=CIRCLE('',#4497,1.554);
#31=CIRCLE('',#4500,0.35);
#32=CIRCLE('',#4502,0.35);
#33=CIRCLE('',#4505,0.315);
#34=CIRCLE('',#4514,0.35);
#35=CIRCLE('',#4523,0.315);
#36=CIRCLE('',#4525,0.35);
#37=CIRCLE('',#4526,1.3);
#38=CIRCLE('',#4530,1.3);
#39=CIRCLE('',#4532,0.35);
#40=CIRCLE('',#4534,0.35);
#41=CIRCLE('',#4536,0.35);
#42=CIRCLE('',#4537,1.3);
#43=CIRCLE('',#4541,1.3);
#44=CIRCLE('',#4544,0.35);
#45=CIRCLE('',#4547,0.315);
#46=CIRCLE('',#4561,0.28);
#47=CIRCLE('',#4566,0.315);
#48=CIRCLE('',#4568,0.315);
#49=CIRCLE('',#4571,0.28);
#50=CIRCLE('',#4580,0.315);
#51=CIRCLE('',#4585,0.28);
#52=CIRCLE('',#4587,0.315);
#53=CIRCLE('',#4589,0.28);
#54=CIRCLE('',#4599,0.35);
#55=CIRCLE('',#4600,0.35);
#56=CIRCLE('',#4602,0.35);
#57=CIRCLE('',#4603,0.35);
#58=CIRCLE('',#4614,0.35);
#59=CIRCLE('',#4615,0.35);
#60=CIRCLE('',#4617,0.35);
#61=CIRCLE('',#4618,0.35);
#62=CYLINDRICAL_SURFACE('',#4459,0.35);
#63=CYLINDRICAL_SURFACE('',#4462,0.35);
#64=CYLINDRICAL_SURFACE('',#4485,1.554);
#65=CYLINDRICAL_SURFACE('',#4490,0.35);
#66=CYLINDRICAL_SURFACE('',#4492,0.35);
#67=CYLINDRICAL_SURFACE('',#4496,1.554);
#68=CYLINDRICAL_SURFACE('',#4501,0.35);
#69=CYLINDRICAL_SURFACE('',#4504,0.315);
#70=CYLINDRICAL_SURFACE('',#4529,1.3);
#71=CYLINDRICAL_SURFACE('',#4533,0.35);
#72=CYLINDRICAL_SURFACE('',#4540,1.3);
#73=CYLINDRICAL_SURFACE('',#4543,0.35);
#74=CYLINDRICAL_SURFACE('',#4545,0.35);
#75=CYLINDRICAL_SURFACE('',#4546,0.315);
#76=CYLINDRICAL_SURFACE('',#4567,0.315);
#77=CYLINDRICAL_SURFACE('',#4570,0.28);
#78=CYLINDRICAL_SURFACE('',#4586,0.315);
#79=CYLINDRICAL_SURFACE('',#4588,0.28);
#80=CYLINDRICAL_SURFACE('',#4598,0.35);
#81=CYLINDRICAL_SURFACE('',#4601,0.35);
#82=CYLINDRICAL_SURFACE('',#4613,0.35);
#83=CYLINDRICAL_SURFACE('',#4616,0.35);
#84=CONTEXT_DEPENDENT_SHAPE_REPRESENTATION(#114,#7602);
#85=CONTEXT_DEPENDENT_SHAPE_REPRESENTATION(#115,#7604);
#86=CONTEXT_DEPENDENT_SHAPE_REPRESENTATION(#116,#7606);
#87=CONTEXT_DEPENDENT_SHAPE_REPRESENTATION(#117,#7608);
#88=CONTEXT_DEPENDENT_SHAPE_REPRESENTATION(#118,#7610);
#89=CONTEXT_DEPENDENT_SHAPE_REPRESENTATION(#119,#7612);
#90=CONTEXT_DEPENDENT_SHAPE_REPRESENTATION(#120,#7614);
#91=CONTEXT_DEPENDENT_SHAPE_REPRESENTATION(#121,#7616);
#92=CONTEXT_DEPENDENT_SHAPE_REPRESENTATION(#122,#7618);
#93=CONTEXT_DEPENDENT_SHAPE_REPRESENTATION(#123,#7620);
#94=CONTEXT_DEPENDENT_SHAPE_REPRESENTATION(#124,#7622);
#95=CONTEXT_DEPENDENT_SHAPE_REPRESENTATION(#125,#7624);
#96=CONTEXT_DEPENDENT_SHAPE_REPRESENTATION(#126,#7626);
#97=CONTEXT_DEPENDENT_SHAPE_REPRESENTATION(#127,#7628);
#98=CONTEXT_DEPENDENT_SHAPE_REPRESENTATION(#128,#7630);
#99=NEXT_ASSEMBLY_USAGE_OCCURRENCE('NAUO1','0ZCH0110AF2E_PART1',
'0ZCH0110AF2E_PART1',#7631,#7632,'');
#100=NEXT_ASSEMBLY_USAGE_OCCURRENCE('NAUO2','0ZCH0110AF2E_PART2',
'0ZCH0110AF2E_PART2',#7631,#7633,'');
#101=NEXT_ASSEMBLY_USAGE_OCCURRENCE('NAUO3','0ZCH0110AF2E_PART3',
'0ZCH0110AF2E_PART3',#7631,#7634,'');
#102=NEXT_ASSEMBLY_USAGE_OCCURRENCE('NAUO4','0ZCH0110AF2E_PART4',
'0ZCH0110AF2E_PART4',#7631,#7635,'');
#103=NEXT_ASSEMBLY_USAGE_OCCURRENCE('NAUO5','0ZCH0110AF2E_PART5',
'0ZCH0110AF2E_PART5',#7631,#7636,'');
#104=NEXT_ASSEMBLY_USAGE_OCCURRENCE('NAUO6','0ZCH0110AF2E_PART6',
'0ZCH0110AF2E_PART6',#7631,#7637,'');
#105=NEXT_ASSEMBLY_USAGE_OCCURRENCE('NAUO7','0ZCH0110AF2E_PART7',
'0ZCH0110AF2E_PART7',#7631,#7638,'');
#106=NEXT_ASSEMBLY_USAGE_OCCURRENCE('NAUO8','0ZCH0110AF2E_PART8',
'0ZCH0110AF2E_PART8',#7631,#7639,'');
#107=NEXT_ASSEMBLY_USAGE_OCCURRENCE('NAUO9','0ZCH0110AF2E_PART9',
'0ZCH0110AF2E_PART9',#7631,#7640,'');
#108=NEXT_ASSEMBLY_USAGE_OCCURRENCE('NAUO10','0ZCH0110AF2E_PART10',
'0ZCH0110AF2E_PART10',#7631,#7641,'');
#109=NEXT_ASSEMBLY_USAGE_OCCURRENCE('NAUO11','0ZCH0110AF2E_PART11',
'0ZCH0110AF2E_PART11',#7631,#7642,'');
#110=NEXT_ASSEMBLY_USAGE_OCCURRENCE('NAUO12','0ZCH0110AF2E_PART12',
'0ZCH0110AF2E_PART12',#7631,#7643,'');
#111=NEXT_ASSEMBLY_USAGE_OCCURRENCE('NAUO13','0ZCH0110AF2E_PART13',
'0ZCH0110AF2E_PART13',#7631,#7644,'');
#112=NEXT_ASSEMBLY_USAGE_OCCURRENCE('NAUO14','0ZCH0110AF2E_PART14',
'0ZCH0110AF2E_PART14',#7631,#7645,'');
#113=NEXT_ASSEMBLY_USAGE_OCCURRENCE('NAUO15','0ZCH0110AF2E_PART15',
'0ZCH0110AF2E_PART15',#7631,#7646,'');
#114=(
REPRESENTATION_RELATIONSHIP(' ',' ',#4373,#4372)
REPRESENTATION_RELATIONSHIP_WITH_TRANSFORMATION(#129)
SHAPE_REPRESENTATION_RELATIONSHIP()
);
#115=(
REPRESENTATION_RELATIONSHIP(' ',' ',#4374,#4372)
REPRESENTATION_RELATIONSHIP_WITH_TRANSFORMATION(#130)
SHAPE_REPRESENTATION_RELATIONSHIP()
);
#116=(
REPRESENTATION_RELATIONSHIP(' ',' ',#4375,#4372)
REPRESENTATION_RELATIONSHIP_WITH_TRANSFORMATION(#131)
SHAPE_REPRESENTATION_RELATIONSHIP()
);
#117=(
REPRESENTATION_RELATIONSHIP(' ',' ',#4376,#4372)
REPRESENTATION_RELATIONSHIP_WITH_TRANSFORMATION(#132)
SHAPE_REPRESENTATION_RELATIONSHIP()
);
#118=(
REPRESENTATION_RELATIONSHIP(' ',' ',#4377,#4372)
REPRESENTATION_RELATIONSHIP_WITH_TRANSFORMATION(#133)
SHAPE_REPRESENTATION_RELATIONSHIP()
);
#119=(
REPRESENTATION_RELATIONSHIP(' ',' ',#4378,#4372)
REPRESENTATION_RELATIONSHIP_WITH_TRANSFORMATION(#134)
SHAPE_REPRESENTATION_RELATIONSHIP()
);
#120=(
REPRESENTATION_RELATIONSHIP(' ',' ',#4379,#4372)
REPRESENTATION_RELATIONSHIP_WITH_TRANSFORMATION(#135)
SHAPE_REPRESENTATION_RELATIONSHIP()
);
#121=(
REPRESENTATION_RELATIONSHIP(' ',' ',#4380,#4372)
REPRESENTATION_RELATIONSHIP_WITH_TRANSFORMATION(#136)
SHAPE_REPRESENTATION_RELATIONSHIP()
);
#122=(
REPRESENTATION_RELATIONSHIP(' ',' ',#4381,#4372)
REPRESENTATION_RELATIONSHIP_WITH_TRANSFORMATION(#137)
SHAPE_REPRESENTATION_RELATIONSHIP()
);
#123=(
REPRESENTATION_RELATIONSHIP(' ',' ',#4382,#4372)
REPRESENTATION_RELATIONSHIP_WITH_TRANSFORMATION(#138)
SHAPE_REPRESENTATION_RELATIONSHIP()
);
#124=(
REPRESENTATION_RELATIONSHIP(' ',' ',#4383,#4372)
REPRESENTATION_RELATIONSHIP_WITH_TRANSFORMATION(#139)
SHAPE_REPRESENTATION_RELATIONSHIP()
);
#125=(
REPRESENTATION_RELATIONSHIP(' ',' ',#4384,#4372)
REPRESENTATION_RELATIONSHIP_WITH_TRANSFORMATION(#140)
SHAPE_REPRESENTATION_RELATIONSHIP()
);
#126=(
REPRESENTATION_RELATIONSHIP(' ',' ',#4385,#4372)
REPRESENTATION_RELATIONSHIP_WITH_TRANSFORMATION(#141)
SHAPE_REPRESENTATION_RELATIONSHIP()
);
#127=(
REPRESENTATION_RELATIONSHIP(' ',' ',#4386,#4372)
REPRESENTATION_RELATIONSHIP_WITH_TRANSFORMATION(#142)
SHAPE_REPRESENTATION_RELATIONSHIP()
);
#128=(
REPRESENTATION_RELATIONSHIP(' ',' ',#4387,#4372)
REPRESENTATION_RELATIONSHIP_WITH_TRANSFORMATION(#143)
SHAPE_REPRESENTATION_RELATIONSHIP()
);
#129=ITEM_DEFINED_TRANSFORMATION(' ',' ',#4388,#4396);
#130=ITEM_DEFINED_TRANSFORMATION(' ',' ',#4388,#4405);
#131=ITEM_DEFINED_TRANSFORMATION(' ',' ',#4388,#4414);
#132=ITEM_DEFINED_TRANSFORMATION(' ',' ',#4388,#4422);
#133=ITEM_DEFINED_TRANSFORMATION(' ',' ',#4388,#4433);
#134=ITEM_DEFINED_TRANSFORMATION(' ',' ',#4388,#4444);
#135=ITEM_DEFINED_TRANSFORMATION(' ',' ',#4388,#4451);
#136=ITEM_DEFINED_TRANSFORMATION(' ',' ',#4388,#4458);
#137=ITEM_DEFINED_TRANSFORMATION(' ',' ',#4388,#4473);
#138=ITEM_DEFINED_TRANSFORMATION(' ',' ',#4388,#4512);
#139=ITEM_DEFINED_TRANSFORMATION(' ',' ',#4388,#4559);
#140=ITEM_DEFINED_TRANSFORMATION(' ',' ',#4388,#4578);
#141=ITEM_DEFINED_TRANSFORMATION(' ',' ',#4388,#4597);
#142=ITEM_DEFINED_TRANSFORMATION(' ',' ',#4388,#4612);
#143=ITEM_DEFINED_TRANSFORMATION(' ',' ',#4388,#4627);
#144=SHAPE_REPRESENTATION_RELATIONSHIP('','',#4373,#159);
#145=SHAPE_REPRESENTATION_RELATIONSHIP('','',#4374,#160);
#146=SHAPE_REPRESENTATION_RELATIONSHIP('','',#4375,#161);
#147=SHAPE_REPRESENTATION_RELATIONSHIP('','',#4376,#162);
#148=SHAPE_REPRESENTATION_RELATIONSHIP('','',#4377,#163);
#149=SHAPE_REPRESENTATION_RELATIONSHIP('','',#4378,#164);
#150=SHAPE_REPRESENTATION_RELATIONSHIP('','',#4379,#165);
#151=SHAPE_REPRESENTATION_RELATIONSHIP('','',#4380,#166);
#152=SHAPE_REPRESENTATION_RELATIONSHIP('','',#4381,#167);
#153=SHAPE_REPRESENTATION_RELATIONSHIP('','',#4382,#168);
#154=SHAPE_REPRESENTATION_RELATIONSHIP('','',#4383,#169);
#155=SHAPE_REPRESENTATION_RELATIONSHIP('','',#4384,#170);
#156=SHAPE_REPRESENTATION_RELATIONSHIP('','',#4385,#171);
#157=SHAPE_REPRESENTATION_RELATIONSHIP('','',#4386,#172);
#158=SHAPE_REPRESENTATION_RELATIONSHIP('','',#4387,#173);
#159=ADVANCED_BREP_SHAPE_REPRESENTATION('',(#4341),#7566);
#160=ADVANCED_BREP_SHAPE_REPRESENTATION('',(#4342),#7567);
#161=ADVANCED_BREP_SHAPE_REPRESENTATION('',(#4343),#7568);
#162=ADVANCED_BREP_SHAPE_REPRESENTATION('',(#4344),#7569);
#163=ADVANCED_BREP_SHAPE_REPRESENTATION('',(#4345),#7570);
#164=ADVANCED_BREP_SHAPE_REPRESENTATION('',(#4346),#7571);
#165=ADVANCED_BREP_SHAPE_REPRESENTATION('',(#4347),#7572);
#166=ADVANCED_BREP_SHAPE_REPRESENTATION('',(#4348),#7573);
#167=ADVANCED_BREP_SHAPE_REPRESENTATION('',(#4349),#7574);
#168=ADVANCED_BREP_SHAPE_REPRESENTATION('',(#4350),#7575);
#169=ADVANCED_BREP_SHAPE_REPRESENTATION('',(#4351),#7576);
#170=ADVANCED_BREP_SHAPE_REPRESENTATION('',(#4352),#7577);
#171=ADVANCED_BREP_SHAPE_REPRESENTATION('',(#4353),#7578);
#172=ADVANCED_BREP_SHAPE_REPRESENTATION('',(#4354),#7579);
#173=ADVANCED_BREP_SHAPE_REPRESENTATION('',(#4355),#7580);
#174=PLANE('',#4389);
#175=PLANE('',#4390);
#176=PLANE('',#4391);
#177=PLANE('',#4392);
#178=PLANE('',#4393);
#179=PLANE('',#4394);
#180=PLANE('',#4395);
#181=PLANE('',#4397);
#182=PLANE('',#4398);
#183=PLANE('',#4399);
#184=PLANE('',#4400);
#185=PLANE('',#4401);
#186=PLANE('',#4402);
#187=PLANE('',#4403);
#188=PLANE('',#4404);
#189=PLANE('',#4406);
#190=PLANE('',#4407);
#191=PLANE('',#4408);
#192=PLANE('',#4409);
#193=PLANE('',#4410);
#194=PLANE('',#4411);
#195=PLANE('',#4412);
#196=PLANE('',#4413);
#197=PLANE('',#4415);
#198=PLANE('',#4416);
#199=PLANE('',#4417);
#200=PLANE('',#4418);
#201=PLANE('',#4419);
#202=PLANE('',#4420);
#203=PLANE('',#4421);
#204=PLANE('',#4423);
#205=PLANE('',#4424);
#206=PLANE('',#4425);
#207=PLANE('',#4426);
#208=PLANE('',#4427);
#209=PLANE('',#4428);
#210=PLANE('',#4429);
#211=PLANE('',#4430);
#212=PLANE('',#4431);
#213=PLANE('',#4432);
#214=PLANE('',#4434);
#215=PLANE('',#4435);
#216=PLANE('',#4436);
#217=PLANE('',#4437);
#218=PLANE('',#4438);
#219=PLANE('',#4439);
#220=PLANE('',#4440);
#221=PLANE('',#4441);
#222=PLANE('',#4442);
#223=PLANE('',#4443);
#224=PLANE('',#4445);
#225=PLANE('',#4446);
#226=PLANE('',#4447);
#227=PLANE('',#4448);
#228=PLANE('',#4449);
#229=PLANE('',#4450);
#230=PLANE('',#4452);
#231=PLANE('',#4453);
#232=PLANE('',#4454);
#233=PLANE('',#4455);
#234=PLANE('',#4456);
#235=PLANE('',#4457);
#236=PLANE('',#4465);
#237=PLANE('',#4466);
#238=PLANE('',#4467);
#239=PLANE('',#4468);
#240=PLANE('',#4469);
#241=PLANE('',#4470);
#242=PLANE('',#4471);
#243=PLANE('',#4472);
#244=PLANE('',#4474);
#245=PLANE('',#4476);
#246=PLANE('',#4478);
#247=PLANE('',#4479);
#248=PLANE('',#4480);
#249=PLANE('',#4481);
#250=PLANE('',#4484);
#251=PLANE('',#4487);
#252=PLANE('',#4488);
#253=PLANE('',#4493);
#254=PLANE('',#4495);
#255=PLANE('',#4498);
#256=PLANE('',#4499);
#257=PLANE('',#4503);
#258=PLANE('',#4506);
#259=PLANE('',#4507);
#260=PLANE('',#4508);
#261=PLANE('',#4509);
#262=PLANE('',#4510);
#263=PLANE('',#4511);
#264=PLANE('',#4513);
#265=PLANE('',#4515);
#266=PLANE('',#4516);
#267=PLANE('',#4517);
#268=PLANE('',#4518);
#269=PLANE('',#4519);
#270=PLANE('',#4520);
#271=PLANE('',#4521);
#272=PLANE('',#4522);
#273=PLANE('',#4524);
#274=PLANE('',#4527);
#275=PLANE('',#4528);
#276=PLANE('',#4531);
#277=PLANE('',#4535);
#278=PLANE('',#4538);
#279=PLANE('',#4539);
#280=PLANE('',#4542);
#281=PLANE('',#4548);
#282=PLANE('',#4549);
#283=PLANE('',#4550);
#284=PLANE('',#4551);
#285=PLANE('',#4552);
#286=PLANE('',#4553);
#287=PLANE('',#4554);
#288=PLANE('',#4555);
#289=PLANE('',#4556);
#290=PLANE('',#4557);
#291=PLANE('',#4558);
#292=PLANE('',#4560);
#293=PLANE('',#4562);
#294=PLANE('',#4563);
#295=PLANE('',#4564);
#296=PLANE('',#4565);
#297=PLANE('',#4569);
#298=PLANE('',#4572);
#299=PLANE('',#4573);
#300=PLANE('',#4574);
#301=PLANE('',#4575);
#302=PLANE('',#4576);
#303=PLANE('',#4577);
#304=PLANE('',#4579);
#305=PLANE('',#4581);
#306=PLANE('',#4582);
#307=PLANE('',#4583);
#308=PLANE('',#4584);
#309=PLANE('',#4590);
#310=PLANE('',#4591);
#311=PLANE('',#4592);
#312=PLANE('',#4593);
#313=PLANE('',#4594);
#314=PLANE('',#4595);
#315=PLANE('',#4596);
#316=PLANE('',#4604);
#317=PLANE('',#4605);
#318=PLANE('',#4606);
#319=PLANE('',#4607);
#320=PLANE('',#4608);
#321=PLANE('',#4609);
#322=PLANE('',#4610);
#323=PLANE('',#4611);
#324=PLANE('',#4619);
#325=PLANE('',#4620);
#326=PLANE('',#4621);
#327=PLANE('',#4622);
#328=PLANE('',#4623);
#329=PLANE('',#4624);
#330=PLANE('',#4625);
#331=PLANE('',#4626);
#332=LINE('',#5578,#784);
#333=LINE('',#5586,#785);
#334=LINE('',#5609,#786);
#335=LINE('',#5632,#787);
#336=LINE('',#5655,#788);
#337=LINE('',#5678,#789);
#338=LINE('',#5701,#790);
#339=LINE('',#5724,#791);
#340=LINE('',#5746,#792);
#341=LINE('',#5749,#793);
#342=LINE('',#5751,#794);
#343=LINE('',#5753,#795);
#344=LINE('',#5755,#796);
#345=LINE('',#5757,#797);
#346=LINE('',#5759,#798);
#347=LINE('',#5761,#799);
#348=LINE('',#5763,#800);
#349=LINE('',#5765,#801);
#350=LINE('',#5767,#802);
#351=LINE('',#5769,#803);
#352=LINE('',#5771,#804);
#353=LINE('',#5794,#805);
#354=LINE('',#5817,#806);
#355=LINE('',#5840,#807);
#356=LINE('',#5863,#808);
#357=LINE('',#5886,#809);
#358=LINE('',#5909,#810);
#359=LINE('',#5932,#811);
#360=LINE('',#5955,#812);
#361=LINE('',#5957,#813);
#362=LINE('',#5958,#814);
#363=LINE('',#5963,#815);
#364=LINE('',#5966,#816);
#365=LINE('',#5968,#817);
#366=LINE('',#5970,#818);
#367=LINE('',#5972,#819);
#368=LINE('',#5974,#820);
#369=LINE('',#5976,#821);
#370=LINE('',#5978,#822);
#371=LINE('',#5980,#823);
#372=LINE('',#5982,#824);
#373=LINE('',#6005,#825);
#374=LINE('',#6028,#826);
#375=LINE('',#6051,#827);
#376=LINE('',#6053,#828);
#377=LINE('',#6055,#829);
#378=LINE('',#6057,#830);
#379=LINE('',#6080,#831);
#380=LINE('',#6103,#832);
#381=LINE('',#6126,#833);
#382=LINE('',#6149,#834);
#383=LINE('',#6151,#835);
#384=LINE('',#6153,#836);
#385=LINE('',#6155,#837);
#386=LINE('',#6157,#838);
#387=LINE('',#6158,#839);
#388=LINE('',#6163,#840);
#389=LINE('',#6166,#841);
#390=LINE('',#6168,#842);
#391=LINE('',#6170,#843);
#392=LINE('',#6172,#844);
#393=LINE('',#6174,#845);
#394=LINE('',#6176,#846);
#395=LINE('',#6178,#847);
#396=LINE('',#6180,#848);
#397=LINE('',#6182,#849);
#398=LINE('',#6205,#850);
#399=LINE('',#6228,#851);
#400=LINE('',#6251,#852);
#401=LINE('',#6253,#853);
#402=LINE('',#6255,#854);
#403=LINE('',#6257,#855);
#404=LINE('',#6280,#856);
#405=LINE('',#6303,#857);
#406=LINE('',#6326,#858);
#407=LINE('',#6349,#859);
#408=LINE('',#6351,#860);
#409=LINE('',#6353,#861);
#410=LINE('',#6355,#862);
#411=LINE('',#6357,#863);
#412=LINE('',#6358,#864);
#413=LINE('',#6379,#865);
#414=LINE('',#6387,#866);
#415=LINE('',#6410,#867);
#416=LINE('',#6433,#868);
#417=LINE('',#6456,#869);
#418=LINE('',#6479,#870);
#419=LINE('',#6502,#871);
#420=LINE('',#6525,#872);
#421=LINE('',#6547,#873);
#422=LINE('',#6550,#874);
#423=LINE('',#6552,#875);
#424=LINE('',#6554,#876);
#425=LINE('',#6556,#877);
#426=LINE('',#6558,#878);
#427=LINE('',#6560,#879);
#428=LINE('',#6562,#880);
#429=LINE('',#6564,#881);
#430=LINE('',#6566,#882);
#431=LINE('',#6568,#883);
#432=LINE('',#6570,#884);
#433=LINE('',#6572,#885);
#434=LINE('',#6595,#886);
#435=LINE('',#6618,#887);
#436=LINE('',#6641,#888);
#437=LINE('',#6664,#889);
#438=LINE('',#6687,#890);
#439=LINE('',#6710,#891);
#440=LINE('',#6733,#892);
#441=LINE('',#6756,#893);
#442=LINE('',#6758,#894);
#443=LINE('',#6759,#895);
#444=LINE('',#6764,#896);
#445=LINE('',#6767,#897);
#446=LINE('',#6769,#898);
#447=LINE('',#6771,#899);
#448=LINE('',#6773,#900);
#449=LINE('',#6775,#901);
#450=LINE('',#6777,#902);
#451=LINE('',#6779,#903);
#452=LINE('',#6781,#904);
#453=LINE('',#6783,#905);
#454=LINE('',#6785,#906);
#455=LINE('',#6787,#907);
#456=LINE('',#6789,#908);
#457=LINE('',#6791,#909);
#458=LINE('',#6793,#910);
#459=LINE('',#6795,#911);
#460=LINE('',#6797,#912);
#461=LINE('',#6799,#913);
#462=LINE('',#6801,#914);
#463=LINE('',#6803,#915);
#464=LINE('',#6805,#916);
#465=LINE('',#6807,#917);
#466=LINE('',#6809,#918);
#467=LINE('',#6810,#919);
#468=LINE('',#6815,#920);
#469=LINE('',#6818,#921);
#470=LINE('',#6820,#922);
#471=LINE('',#6822,#923);
#472=LINE('',#6824,#924);
#473=LINE('',#6826,#925);
#474=LINE('',#6828,#926);
#475=LINE('',#6830,#927);
#476=LINE('',#6832,#928);
#477=LINE('',#6834,#929);
#478=LINE('',#6836,#930);
#479=LINE('',#6838,#931);
#480=LINE('',#6840,#932);
#481=LINE('',#6842,#933);
#482=LINE('',#6844,#934);
#483=LINE('',#6846,#935);
#484=LINE('',#6848,#936);
#485=LINE('',#6850,#937);
#486=LINE('',#6852,#938);
#487=LINE('',#6854,#939);
#488=LINE('',#6856,#940);
#489=LINE('',#6858,#941);
#490=LINE('',#6860,#942);
#491=LINE('',#6861,#943);
#492=LINE('',#6866,#944);
#493=LINE('',#6869,#945);
#494=LINE('',#6871,#946);
#495=LINE('',#6873,#947);
#496=LINE('',#6875,#948);
#497=LINE('',#6877,#949);
#498=LINE('',#6879,#950);
#499=LINE('',#6881,#951);
#500=LINE('',#6883,#952);
#501=LINE('',#6885,#953);
#502=LINE('',#6887,#954);
#503=LINE('',#6888,#955);
#504=LINE('',#6893,#956);
#505=LINE('',#6896,#957);
#506=LINE('',#6898,#958);
#507=LINE('',#6900,#959);
#508=LINE('',#6902,#960);
#509=LINE('',#6904,#961);
#510=LINE('',#6906,#962);
#511=LINE('',#6908,#963);
#512=LINE('',#6910,#964);
#513=LINE('',#6912,#965);
#514=LINE('',#6914,#966);
#515=LINE('',#6915,#967);
#516=LINE('',#6923,#968);
#517=LINE('',#6927,#969);
#518=LINE('',#6932,#970);
#519=LINE('',#6936,#971);
#520=LINE('',#6938,#972);
#521=LINE('',#6940,#973);
#522=LINE('',#6942,#974);
#523=LINE('',#6944,#975);
#524=LINE('',#6946,#976);
#525=LINE('',#6947,#977);
#526=LINE('',#6949,#978);
#527=LINE('',#6951,#979);
#528=LINE('',#6953,#980);
#529=LINE('',#6955,#981);
#530=LINE('',#6957,#982);
#531=LINE('',#6959,#983);
#532=LINE('',#6960,#984);
#533=LINE('',#6962,#985);
#534=LINE('',#6964,#986);
#535=LINE('',#6967,#987);
#536=LINE('',#6974,#988);
#537=LINE('',#6976,#989);
#538=LINE('',#6978,#990);
#539=LINE('',#6980,#991);
#540=LINE('',#6982,#992);
#541=LINE('',#6987,#993);
#542=LINE('',#6989,#994);
#543=LINE('',#6991,#995);
#544=LINE('',#6993,#996);
#545=LINE('',#6995,#997);
#546=LINE('',#6997,#998);
#547=LINE('',#6998,#999);
#548=LINE('',#7000,#1000);
#549=LINE('',#7002,#1001);
#550=LINE('',#7007,#1002);
#551=LINE('',#7009,#1003);
#552=LINE('',#7013,#1004);
#553=LINE('',#7015,#1005);
#554=LINE('',#7017,#1006);
#555=LINE('',#7020,#1007);
#556=LINE('',#7021,#1008);
#557=LINE('',#7025,#1009);
#558=LINE('',#7027,#1010);
#559=LINE('',#7029,#1011);
#560=LINE('',#7034,#1012);
#561=LINE('',#7035,#1013);
#562=LINE('',#7037,#1014);
#563=LINE('',#7041,#1015);
#564=LINE('',#7043,#1016);
#565=LINE('',#7044,#1017);
#566=LINE('',#7046,#1018);
#567=LINE('',#7048,#1019);
#568=LINE('',#7052,#1020);
#569=LINE('',#7054,#1021);
#570=LINE('',#7056,#1022);
#571=LINE('',#7058,#1023);
#572=LINE('',#7060,#1024);
#573=LINE('',#7064,#1025);
#574=LINE('',#7066,#1026);
#575=LINE('',#7068,#1027);
#576=LINE('',#7073,#1028);
#577=LINE('',#7074,#1029);
#578=LINE('',#7076,#1030);
#579=LINE('',#7080,#1031);
#580=LINE('',#7082,#1032);
#581=LINE('',#7084,#1033);
#582=LINE('',#7086,#1034);
#583=LINE('',#7088,#1035);
#584=LINE('',#7090,#1036);
#585=LINE('',#7092,#1037);
#586=LINE('',#7094,#1038);
#587=LINE('',#7098,#1039);
#588=LINE('',#7100,#1040);
#589=LINE('',#7102,#1041);
#590=LINE('',#7104,#1042);
#591=LINE('',#7106,#1043);
#592=LINE('',#7108,#1044);
#593=LINE('',#7110,#1045);
#594=LINE('',#7112,#1046);
#595=LINE('',#7114,#1047);
#596=LINE('',#7121,#1048);
#597=LINE('',#7123,#1049);
#598=LINE('',#7125,#1050);
#599=LINE('',#7127,#1051);
#600=LINE('',#7129,#1052);
#601=LINE('',#7131,#1053);
#602=LINE('',#7133,#1054);
#603=LINE('',#7135,#1055);
#604=LINE('',#7137,#1056);
#605=LINE('',#7139,#1057);
#606=LINE('',#7141,#1058);
#607=LINE('',#7143,#1059);
#608=LINE('',#7145,#1060);
#609=LINE('',#7147,#1061);
#610=LINE('',#7149,#1062);
#611=LINE('',#7151,#1063);
#612=LINE('',#7153,#1064);
#613=LINE('',#7155,#1065);
#614=LINE('',#7157,#1066);
#615=LINE('',#7159,#1067);
#616=LINE('',#7161,#1068);
#617=LINE('',#7163,#1069);
#618=LINE('',#7165,#1070);
#619=LINE('',#7167,#1071);
#620=LINE('',#7172,#1072);
#621=LINE('',#7173,#1073);
#622=LINE('',#7178,#1074);
#623=LINE('',#7180,#1075);
#624=LINE('',#7184,#1076);
#625=LINE('',#7186,#1077);
#626=LINE('',#7188,#1078);
#627=LINE('',#7190,#1079);
#628=LINE('',#7192,#1080);
#629=LINE('',#7194,#1081);
#630=LINE('',#7196,#1082);
#631=LINE('',#7198,#1083);
#632=LINE('',#7205,#1084);
#633=LINE('',#7206,#1085);
#634=LINE('',#7208,#1086);
#635=LINE('',#7212,#1087);
#636=LINE('',#7217,#1088);
#637=LINE('',#7219,#1089);
#638=LINE('',#7223,#1090);
#639=LINE('',#7225,#1091);
#640=LINE('',#7227,#1092);
#641=LINE('',#7230,#1093);
#642=LINE('',#7231,#1094);
#643=LINE('',#7233,#1095);
#644=LINE('',#7236,#1096);
#645=LINE('',#7237,#1097);
#646=LINE('',#7241,#1098);
#647=LINE('',#7242,#1099);
#648=LINE('',#7244,#1100);
#649=LINE('',#7248,#1101);
#650=LINE('',#7250,#1102);
#651=LINE('',#7251,#1103);
#652=LINE('',#7253,#1104);
#653=LINE('',#7257,#1105);
#654=LINE('',#7259,#1106);
#655=LINE('',#7261,#1107);
#656=LINE('',#7263,#1108);
#657=LINE('',#7265,#1109);
#658=LINE('',#7267,#1110);
#659=LINE('',#7269,#1111);
#660=LINE('',#7271,#1112);
#661=LINE('',#7273,#1113);
#662=LINE('',#7275,#1114);
#663=LINE('',#7277,#1115);
#664=LINE('',#7279,#1116);
#665=LINE('',#7281,#1117);
#666=LINE('',#7283,#1118);
#667=LINE('',#7285,#1119);
#668=LINE('',#7288,#1120);
#669=LINE('',#7289,#1121);
#670=LINE('',#7291,#1122);
#671=LINE('',#7293,#1123);
#672=LINE('',#7295,#1124);
#673=LINE('',#7297,#1125);
#674=LINE('',#7299,#1126);
#675=LINE('',#7301,#1127);
#676=LINE('',#7303,#1128);
#677=LINE('',#7305,#1129);
#678=LINE('',#7307,#1130);
#679=LINE('',#7309,#1131);
#680=LINE('',#7316,#1132);
#681=LINE('',#7318,#1133);
#682=LINE('',#7320,#1134);
#683=LINE('',#7322,#1135);
#684=LINE('',#7324,#1136);
#685=LINE('',#7326,#1137);
#686=LINE('',#7329,#1138);
#687=LINE('',#7330,#1139);
#688=LINE('',#7332,#1140);
#689=LINE('',#7334,#1141);
#690=LINE('',#7336,#1142);
#691=LINE('',#7338,#1143);
#692=LINE('',#7343,#1144);
#693=LINE('',#7344,#1145);
#694=LINE('',#7346,#1146);
#695=LINE('',#7350,#1147);
#696=LINE('',#7352,#1148);
#697=LINE('',#7354,#1149);
#698=LINE('',#7356,#1150);
#699=LINE('',#7358,#1151);
#700=LINE('',#7360,#1152);
#701=LINE('',#7362,#1153);
#702=LINE('',#7366,#1154);
#703=LINE('',#7368,#1155);
#704=LINE('',#7370,#1156);
#705=LINE('',#7372,#1157);
#706=LINE('',#7374,#1158);
#707=LINE('',#7376,#1159);
#708=LINE('',#7378,#1160);
#709=LINE('',#7380,#1161);
#710=LINE('',#7382,#1162);
#711=LINE('',#7384,#1163);
#712=LINE('',#7391,#1164);
#713=LINE('',#7393,#1165);
#714=LINE('',#7395,#1166);
#715=LINE('',#7397,#1167);
#716=LINE('',#7399,#1168);
#717=LINE('',#7401,#1169);
#718=LINE('',#7403,#1170);
#719=LINE('',#7405,#1171);
#720=LINE('',#7407,#1172);
#721=LINE('',#7409,#1173);
#722=LINE('',#7411,#1174);
#723=LINE('',#7413,#1175);
#724=LINE('',#7418,#1176);
#725=LINE('',#7419,#1177);
#726=LINE('',#7421,#1178);
#727=LINE('',#7425,#1179);
#728=LINE('',#7427,#1180);
#729=LINE('',#7429,#1181);
#730=LINE('',#7433,#1182);
#731=LINE('',#7435,#1183);
#732=LINE('',#7437,#1184);
#733=LINE('',#7439,#1185);
#734=LINE('',#7441,#1186);
#735=LINE('',#7443,#1187);
#736=LINE('',#7445,#1188);
#737=LINE('',#7447,#1189);
#738=LINE('',#7449,#1190);
#739=LINE('',#7451,#1191);
#740=LINE('',#7453,#1192);
#741=LINE('',#7455,#1193);
#742=LINE('',#7457,#1194);
#743=LINE('',#7459,#1195);
#744=LINE('',#7463,#1196);
#745=LINE('',#7468,#1197);
#746=LINE('',#7472,#1198);
#747=LINE('',#7477,#1199);
#748=LINE('',#7481,#1200);
#749=LINE('',#7483,#1201);
#750=LINE('',#7485,#1202);
#751=LINE('',#7487,#1203);
#752=LINE('',#7489,#1204);
#753=LINE('',#7491,#1205);
#754=LINE('',#7493,#1206);
#755=LINE('',#7495,#1207);
#756=LINE('',#7496,#1208);
#757=LINE('',#7498,#1209);
#758=LINE('',#7500,#1210);
#759=LINE('',#7502,#1211);
#760=LINE('',#7504,#1212);
#761=LINE('',#7506,#1213);
#762=LINE('',#7508,#1214);
#763=LINE('',#7510,#1215);
#764=LINE('',#7514,#1216);
#765=LINE('',#7519,#1217);
#766=LINE('',#7523,#1218);
#767=LINE('',#7528,#1219);
#768=LINE('',#7532,#1220);
#769=LINE('',#7534,#1221);
#770=LINE('',#7536,#1222);
#771=LINE('',#7538,#1223);
#772=LINE('',#7540,#1224);
#773=LINE('',#7542,#1225);
#774=LINE('',#7544,#1226);
#775=LINE('',#7546,#1227);
#776=LINE('',#7547,#1228);
#777=LINE('',#7549,#1229);
#778=LINE('',#7551,#1230);
#779=LINE('',#7553,#1231);
#780=LINE('',#7555,#1232);
#781=LINE('',#7557,#1233);
#782=LINE('',#7559,#1234);
#783=LINE('',#7561,#1235);
#784=VECTOR('',#4630,1000.);
#785=VECTOR('',#4631,1000.);
#786=VECTOR('',#4632,1000.);
#787=VECTOR('',#4633,1000.);
#788=VECTOR('',#4634,1000.);
#789=VECTOR('',#4635,1000.);
#790=VECTOR('',#4636,1000.);
#791=VECTOR('',#4637,1000.);
#792=VECTOR('',#4640,1000.);
#793=VECTOR('',#4641,1000.);
#794=VECTOR('',#4642,1000.);
#795=VECTOR('',#4643,1000.);
#796=VECTOR('',#4646,1000.);
#797=VECTOR('',#4647,1000.);
#798=VECTOR('',#4648,1000.);
#799=VECTOR('',#4651,1000.);
#800=VECTOR('',#4652,1000.);
#801=VECTOR('',#4653,1000.);
#802=VECTOR('',#4656,1000.);
#803=VECTOR('',#4657,1000.);
#804=VECTOR('',#4658,1000.);
#805=VECTOR('',#4659,1000.);
#806=VECTOR('',#4660,1000.);
#807=VECTOR('',#4661,1000.);
#808=VECTOR('',#4662,1000.);
#809=VECTOR('',#4663,1000.);
#810=VECTOR('',#4664,1000.);
#811=VECTOR('',#4665,1000.);
#812=VECTOR('',#4666,1000.);
#813=VECTOR('',#4669,1000.);
#814=VECTOR('',#4670,1000.);
#815=VECTOR('',#4679,1000.);
#816=VECTOR('',#4680,1000.);
#817=VECTOR('',#4681,1000.);
#818=VECTOR('',#4682,1000.);
#819=VECTOR('',#4685,1000.);
#820=VECTOR('',#4686,1000.);
#821=VECTOR('',#4687,1000.);
#822=VECTOR('',#4690,1000.);
#823=VECTOR('',#4691,1000.);
#824=VECTOR('',#4692,1000.);
#825=VECTOR('',#4693,1000.);
#826=VECTOR('',#4694,1000.);
#827=VECTOR('',#4695,1000.);
#828=VECTOR('',#4698,1000.);
#829=VECTOR('',#4699,1000.);
#830=VECTOR('',#4700,1000.);
#831=VECTOR('',#4701,1000.);
#832=VECTOR('',#4702,1000.);
#833=VECTOR('',#4703,1000.);
#834=VECTOR('',#4704,1000.);
#835=VECTOR('',#4707,1000.);
#836=VECTOR('',#4708,1000.);
#837=VECTOR('',#4709,1000.);
#838=VECTOR('',#4712,1000.);
#839=VECTOR('',#4713,1000.);
#840=VECTOR('',#4722,1000.);
#841=VECTOR('',#4723,1000.);
#842=VECTOR('',#4724,1000.);
#843=VECTOR('',#4725,1000.);
#844=VECTOR('',#4728,1000.);
#845=VECTOR('',#4729,1000.);
#846=VECTOR('',#4730,1000.);
#847=VECTOR('',#4733,1000.);
#848=VECTOR('',#4734,1000.);
#849=VECTOR('',#4735,1000.);
#850=VECTOR('',#4736,1000.);
#851=VECTOR('',#4737,1000.);
#852=VECTOR('',#4738,1000.);
#853=VECTOR('',#4741,1000.);
#854=VECTOR('',#4742,1000.);
#855=VECTOR('',#4743,1000.);
#856=VECTOR('',#4744,1000.);
#857=VECTOR('',#4745,1000.);
#858=VECTOR('',#4746,1000.);
#859=VECTOR('',#4747,1000.);
#860=VECTOR('',#4750,1000.);
#861=VECTOR('',#4751,1000.);
#862=VECTOR('',#4752,1000.);
#863=VECTOR('',#4755,1000.);
#864=VECTOR('',#4756,1000.);
#865=VECTOR('',#4763,1000.);
#866=VECTOR('',#4764,1000.);
#867=VECTOR('',#4765,1000.);
#868=VECTOR('',#4766,1000.);
#869=VECTOR('',#4767,1000.);
#870=VECTOR('',#4768,1000.);
#871=VECTOR('',#4769,1000.);
#872=VECTOR('',#4770,1000.);
#873=VECTOR('',#4773,1000.);
#874=VECTOR('',#4774,1000.);
#875=VECTOR('',#4775,1000.);
#876=VECTOR('',#4776,1000.);
#877=VECTOR('',#4779,1000.);
#878=VECTOR('',#4780,1000.);
#879=VECTOR('',#4781,1000.);
#880=VECTOR('',#4784,1000.);
#881=VECTOR('',#4785,1000.);
#882=VECTOR('',#4786,1000.);
#883=VECTOR('',#4789,1000.);
#884=VECTOR('',#4790,1000.);
#885=VECTOR('',#4791,1000.);
#886=VECTOR('',#4792,1000.);
#887=VECTOR('',#4793,1000.);
#888=VECTOR('',#4794,1000.);
#889=VECTOR('',#4795,1000.);
#890=VECTOR('',#4796,1000.);
#891=VECTOR('',#4797,1000.);
#892=VECTOR('',#4798,1000.);
#893=VECTOR('',#4799,1000.);
#894=VECTOR('',#4802,1000.);
#895=VECTOR('',#4803,1000.);
#896=VECTOR('',#4812,1000.);
#897=VECTOR('',#4813,1000.);
#898=VECTOR('',#4814,1000.);
#899=VECTOR('',#4815,1000.);
#900=VECTOR('',#4818,1000.);
#901=VECTOR('',#4819,1000.);
#902=VECTOR('',#4820,1000.);
#903=VECTOR('',#4823,1000.);
#904=VECTOR('',#4824,1000.);
#905=VECTOR('',#4825,1000.);
#906=VECTOR('',#4828,1000.);
#907=VECTOR('',#4829,1000.);
#908=VECTOR('',#4830,1000.);
#909=VECTOR('',#4833,1000.);
#910=VECTOR('',#4834,1000.);
#911=VECTOR('',#4835,1000.);
#912=VECTOR('',#4838,1000.);
#913=VECTOR('',#4839,1000.);
#914=VECTOR('',#4840,1000.);
#915=VECTOR('',#4843,1000.);
#916=VECTOR('',#4844,1000.);
#917=VECTOR('',#4845,1000.);
#918=VECTOR('',#4848,1000.);
#919=VECTOR('',#4849,1000.);
#920=VECTOR('',#4858,1000.);
#921=VECTOR('',#4859,1000.);
#922=VECTOR('',#4860,1000.);
#923=VECTOR('',#4861,1000.);
#924=VECTOR('',#4864,1000.);
#925=VECTOR('',#4865,1000.);
#926=VECTOR('',#4866,1000.);
#927=VECTOR('',#4869,1000.);
#928=VECTOR('',#4870,1000.);
#929=VECTOR('',#4871,1000.);
#930=VECTOR('',#4874,1000.);
#931=VECTOR('',#4875,1000.);
#932=VECTOR('',#4876,1000.);
#933=VECTOR('',#4879,1000.);
#934=VECTOR('',#4880,1000.);
#935=VECTOR('',#4881,1000.);
#936=VECTOR('',#4884,1000.);
#937=VECTOR('',#4885,1000.);
#938=VECTOR('',#4886,1000.);
#939=VECTOR('',#4889,1000.);
#940=VECTOR('',#4890,1000.);
#941=VECTOR('',#4891,1000.);
#942=VECTOR('',#4894,1000.);
#943=VECTOR('',#4895,1000.);
#944=VECTOR('',#4904,1000.);
#945=VECTOR('',#4905,1000.);
#946=VECTOR('',#4906,1000.);
#947=VECTOR('',#4907,1000.);
#948=VECTOR('',#4910,1000.);
#949=VECTOR('',#4911,1000.);
#950=VECTOR('',#4912,1000.);
#951=VECTOR('',#4915,1000.);
#952=VECTOR('',#4916,1000.);
#953=VECTOR('',#4917,1000.);
#954=VECTOR('',#4920,1000.);
#955=VECTOR('',#4921,1000.);
#956=VECTOR('',#4930,1000.);
#957=VECTOR('',#4931,1000.);
#958=VECTOR('',#4932,1000.);
#959=VECTOR('',#4933,1000.);
#960=VECTOR('',#4936,1000.);
#961=VECTOR('',#4937,1000.);
#962=VECTOR('',#4938,1000.);
#963=VECTOR('',#4941,1000.);
#964=VECTOR('',#4942,1000.);
#965=VECTOR('',#4943,1000.);
#966=VECTOR('',#4946,1000.);
#967=VECTOR('',#4947,1000.);
#968=VECTOR('',#4958,1000.);
#969=VECTOR('',#4961,1000.);
#970=VECTOR('',#4966,1000.);
#971=VECTOR('',#4969,1000.);
#972=VECTOR('',#4972,1000.);
#973=VECTOR('',#4973,1000.);
#974=VECTOR('',#4974,1000.);
#975=VECTOR('',#4977,1000.);
#976=VECTOR('',#4978,1000.);
#977=VECTOR('',#4979,1000.);
#978=VECTOR('',#4980,1000.);
#979=VECTOR('',#4981,1000.);
#980=VECTOR('',#4984,1000.);
#981=VECTOR('',#4985,1000.);
#982=VECTOR('',#4988,1000.);
#983=VECTOR('',#4989,1000.);
#984=VECTOR('',#4990,1000.);
#985=VECTOR('',#4991,1000.);
#986=VECTOR('',#4994,1000.);
#987=VECTOR('',#4999,1000.);
#988=VECTOR('',#5008,1000.);
#989=VECTOR('',#5009,1000.);
#990=VECTOR('',#5010,1000.);
#991=VECTOR('',#5011,1000.);
#992=VECTOR('',#5012,1000.);
#993=VECTOR('',#5017,1000.);
#994=VECTOR('',#5018,1000.);
#995=VECTOR('',#5019,1000.);
#996=VECTOR('',#5020,1000.);
#997=VECTOR('',#5021,1000.);
#998=VECTOR('',#5024,1000.);
#999=VECTOR('',#5025,1000.);
#1000=VECTOR('',#5028,1000.);
#1001=VECTOR('',#5031,1000.);
#1002=VECTOR('',#5036,1000.);
#1003=VECTOR('',#5037,1000.);
#1004=VECTOR('',#5040,1000.);
#1005=VECTOR('',#5041,1000.);
#1006=VECTOR('',#5044,1000.);
#1007=VECTOR('',#5045,1000.);
#1008=VECTOR('',#5046,1000.);
#1009=VECTOR('',#5051,1000.);
#1010=VECTOR('',#5054,1000.);
#1011=VECTOR('',#5055,1000.);
#1012=VECTOR('',#5060,1000.);
#1013=VECTOR('',#5061,1000.);
#1014=VECTOR('',#5064,1000.);
#1015=VECTOR('',#5067,1000.);
#1016=VECTOR('',#5070,1000.);
#1017=VECTOR('',#5071,1000.);
#1018=VECTOR('',#5074,1000.);
#1019=VECTOR('',#5075,1000.);
#1020=VECTOR('',#5078,1000.);
#1021=VECTOR('',#5079,1000.);
#1022=VECTOR('',#5082,1000.);
#1023=VECTOR('',#5083,1000.);
#1024=VECTOR('',#5084,1000.);
#1025=VECTOR('',#5089,1000.);
#1026=VECTOR('',#5092,1000.);
#1027=VECTOR('',#5093,1000.);
#1028=VECTOR('',#5098,1000.);
#1029=VECTOR('',#5099,1000.);
#1030=VECTOR('',#5102,1000.);
#1031=VECTOR('',#5105,1000.);
#1032=VECTOR('',#5108,1000.);
#1033=VECTOR('',#5109,1000.);
#1034=VECTOR('',#5110,1000.);
#1035=VECTOR('',#5111,1000.);
#1036=VECTOR('',#5112,1000.);
#1037=VECTOR('',#5115,1000.);
#1038=VECTOR('',#5116,1000.);
#1039=VECTOR('',#5121,1000.);
#1040=VECTOR('',#5122,1000.);
#1041=VECTOR('',#5125,1000.);
#1042=VECTOR('',#5126,1000.);
#1043=VECTOR('',#5129,1000.);
#1044=VECTOR('',#5130,1000.);
#1045=VECTOR('',#5133,1000.);
#1046=VECTOR('',#5134,1000.);
#1047=VECTOR('',#5137,1000.);
#1048=VECTOR('',#5146,1000.);
#1049=VECTOR('',#5147,1000.);
#1050=VECTOR('',#5148,1000.);
#1051=VECTOR('',#5149,1000.);
#1052=VECTOR('',#5150,1000.);
#1053=VECTOR('',#5151,1000.);
#1054=VECTOR('',#5152,1000.);
#1055=VECTOR('',#5153,1000.);
#1056=VECTOR('',#5154,1000.);
#1057=VECTOR('',#5157,1000.);
#1058=VECTOR('',#5158,1000.);
#1059=VECTOR('',#5159,1000.);
#1060=VECTOR('',#5162,1000.);
#1061=VECTOR('',#5163,1000.);
#1062=VECTOR('',#5166,1000.);
#1063=VECTOR('',#5167,1000.);
#1064=VECTOR('',#5170,1000.);
#1065=VECTOR('',#5171,1000.);
#1066=VECTOR('',#5174,1000.);
#1067=VECTOR('',#5175,1000.);
#1068=VECTOR('',#5178,1000.);
#1069=VECTOR('',#5179,1000.);
#1070=VECTOR('',#5180,1000.);
#1071=VECTOR('',#5183,1000.);
#1072=VECTOR('',#5188,1000.);
#1073=VECTOR('',#5189,1000.);
#1074=VECTOR('',#5194,1000.);
#1075=VECTOR('',#5195,1000.);
#1076=VECTOR('',#5198,1000.);
#1077=VECTOR('',#5199,1000.);
#1078=VECTOR('',#5202,1000.);
#1079=VECTOR('',#5203,1000.);
#1080=VECTOR('',#5204,1000.);
#1081=VECTOR('',#5207,1000.);
#1082=VECTOR('',#5208,1000.);
#1083=VECTOR('',#5209,1000.);
#1084=VECTOR('',#5218,1000.);
#1085=VECTOR('',#5219,1000.);
#1086=VECTOR('',#5222,1000.);
#1087=VECTOR('',#5225,1000.);
#1088=VECTOR('',#5230,1000.);
#1089=VECTOR('',#5231,1000.);
#1090=VECTOR('',#5234,1000.);
#1091=VECTOR('',#5235,1000.);
#1092=VECTOR('',#5238,1000.);
#1093=VECTOR('',#5239,1000.);
#1094=VECTOR('',#5240,1000.);
#1095=VECTOR('',#5243,1000.);
#1096=VECTOR('',#5244,1000.);
#1097=VECTOR('',#5245,1000.);
#1098=VECTOR('',#5252,1000.);
#1099=VECTOR('',#5253,1000.);
#1100=VECTOR('',#5256,1000.);
#1101=VECTOR('',#5259,1000.);
#1102=VECTOR('',#5262,1000.);
#1103=VECTOR('',#5263,1000.);
#1104=VECTOR('',#5266,1000.);
#1105=VECTOR('',#5269,1000.);
#1106=VECTOR('',#5272,1000.);
#1107=VECTOR('',#5273,1000.);
#1108=VECTOR('',#5274,1000.);
#1109=VECTOR('',#5275,1000.);
#1110=VECTOR('',#5276,1000.);
#1111=VECTOR('',#5277,1000.);
#1112=VECTOR('',#5278,1000.);
#1113=VECTOR('',#5279,1000.);
#1114=VECTOR('',#5280,1000.);
#1115=VECTOR('',#5283,1000.);
#1116=VECTOR('',#5284,1000.);
#1117=VECTOR('',#5287,1000.);
#1118=VECTOR('',#5288,1000.);
#1119=VECTOR('',#5291,1000.);
#1120=VECTOR('',#5292,1000.);
#1121=VECTOR('',#5293,1000.);
#1122=VECTOR('',#5296,1000.);
#1123=VECTOR('',#5297,1000.);
#1124=VECTOR('',#5300,1000.);
#1125=VECTOR('',#5301,1000.);
#1126=VECTOR('',#5304,1000.);
#1127=VECTOR('',#5305,1000.);
#1128=VECTOR('',#5308,1000.);
#1129=VECTOR('',#5311,1000.);
#1130=VECTOR('',#5312,1000.);
#1131=VECTOR('',#5315,1000.);
#1132=VECTOR('',#5324,1000.);
#1133=VECTOR('',#5325,1000.);
#1134=VECTOR('',#5326,1000.);
#1135=VECTOR('',#5327,1000.);
#1136=VECTOR('',#5328,1000.);
#1137=VECTOR('',#5331,1000.);
#1138=VECTOR('',#5332,1000.);
#1139=VECTOR('',#5333,1000.);
#1140=VECTOR('',#5336,1000.);
#1141=VECTOR('',#5337,1000.);
#1142=VECTOR('',#5340,1000.);
#1143=VECTOR('',#5341,1000.);
#1144=VECTOR('',#5346,1000.);
#1145=VECTOR('',#5347,1000.);
#1146=VECTOR('',#5350,1000.);
#1147=VECTOR('',#5353,1000.);
#1148=VECTOR('',#5356,1000.);
#1149=VECTOR('',#5357,1000.);
#1150=VECTOR('',#5358,1000.);
#1151=VECTOR('',#5359,1000.);
#1152=VECTOR('',#5360,1000.);
#1153=VECTOR('',#5363,1000.);
#1154=VECTOR('',#5366,1000.);
#1155=VECTOR('',#5369,1000.);
#1156=VECTOR('',#5370,1000.);
#1157=VECTOR('',#5373,1000.);
#1158=VECTOR('',#5374,1000.);
#1159=VECTOR('',#5377,1000.);
#1160=VECTOR('',#5378,1000.);
#1161=VECTOR('',#5381,1000.);
#1162=VECTOR('',#5382,1000.);
#1163=VECTOR('',#5385,1000.);
#1164=VECTOR('',#5394,1000.);
#1165=VECTOR('',#5395,1000.);
#1166=VECTOR('',#5396,1000.);
#1167=VECTOR('',#5397,1000.);
#1168=VECTOR('',#5398,1000.);
#1169=VECTOR('',#5401,1000.);
#1170=VECTOR('',#5402,1000.);
#1171=VECTOR('',#5403,1000.);
#1172=VECTOR('',#5406,1000.);
#1173=VECTOR('',#5407,1000.);
#1174=VECTOR('',#5408,1000.);
#1175=VECTOR('',#5411,1000.);
#1176=VECTOR('',#5416,1000.);
#1177=VECTOR('',#5417,1000.);
#1178=VECTOR('',#5420,1000.);
#1179=VECTOR('',#5423,1000.);
#1180=VECTOR('',#5426,1000.);
#1181=VECTOR('',#5427,1000.);
#1182=VECTOR('',#5432,1000.);
#1183=VECTOR('',#5433,1000.);
#1184=VECTOR('',#5434,1000.);
#1185=VECTOR('',#5435,1000.);
#1186=VECTOR('',#5436,1000.);
#1187=VECTOR('',#5439,1000.);
#1188=VECTOR('',#5440,1000.);
#1189=VECTOR('',#5443,1000.);
#1190=VECTOR('',#5444,1000.);
#1191=VECTOR('',#5447,1000.);
#1192=VECTOR('',#5448,1000.);
#1193=VECTOR('',#5451,1000.);
#1194=VECTOR('',#5452,1000.);
#1195=VECTOR('',#5455,1000.);
#1196=VECTOR('',#5462,1000.);
#1197=VECTOR('',#5465,1000.);
#1198=VECTOR('',#5470,1000.);
#1199=VECTOR('',#5473,1000.);
#1200=VECTOR('',#5478,1000.);
#1201=VECTOR('',#5479,1000.);
#1202=VECTOR('',#5480,1000.);
#1203=VECTOR('',#5483,1000.);
#1204=VECTOR('',#5484,1000.);
#1205=VECTOR('',#5485,1000.);
#1206=VECTOR('',#5488,1000.);
#1207=VECTOR('',#5489,1000.);
#1208=VECTOR('',#5490,1000.);
#1209=VECTOR('',#5491,1000.);
#1210=VECTOR('',#5494,1000.);
#1211=VECTOR('',#5495,1000.);
#1212=VECTOR('',#5498,1000.);
#1213=VECTOR('',#5499,1000.);
#1214=VECTOR('',#5502,1000.);
#1215=VECTOR('',#5505,1000.);
#1216=VECTOR('',#5512,1000.);
#1217=VECTOR('',#5515,1000.);
#1218=VECTOR('',#5520,1000.);
#1219=VECTOR('',#5523,1000.);
#1220=VECTOR('',#5528,1000.);
#1221=VECTOR('',#5529,1000.);
#1222=VECTOR('',#5530,1000.);
#1223=VECTOR('',#5533,1000.);
#1224=VECTOR('',#5534,1000.);
#1225=VECTOR('',#5535,1000.);
#1226=VECTOR('',#5538,1000.);
#1227=VECTOR('',#5539,1000.);
#1228=VECTOR('',#5540,1000.);
#1229=VECTOR('',#5541,1000.);
#1230=VECTOR('',#5544,1000.);
#1231=VECTOR('',#5545,1000.);
#1232=VECTOR('',#5548,1000.);
#1233=VECTOR('',#5549,1000.);
#1234=VECTOR('',#5552,1000.);
#1235=VECTOR('',#5555,1000.);
#1236=ORIENTED_EDGE('',*,*,#2412,.F.);
#1237=ORIENTED_EDGE('',*,*,#2413,.T.);
#1238=ORIENTED_EDGE('',*,*,#2414,.F.);
#1239=ORIENTED_EDGE('',*,*,#2415,.F.);
#1240=ORIENTED_EDGE('',*,*,#2416,.F.);
#1241=ORIENTED_EDGE('',*,*,#2415,.T.);
#1242=ORIENTED_EDGE('',*,*,#2417,.F.);
#1243=ORIENTED_EDGE('',*,*,#2418,.F.);
#1244=ORIENTED_EDGE('',*,*,#2419,.F.);
#1245=ORIENTED_EDGE('',*,*,#2418,.T.);
#1246=ORIENTED_EDGE('',*,*,#2420,.F.);
#1247=ORIENTED_EDGE('',*,*,#2421,.F.);
#1248=ORIENTED_EDGE('',*,*,#2422,.F.);
#1249=ORIENTED_EDGE('',*,*,#2421,.T.);
#1250=ORIENTED_EDGE('',*,*,#2423,.F.);
#1251=ORIENTED_EDGE('',*,*,#2424,.F.);
#1252=ORIENTED_EDGE('',*,*,#2425,.F.);
#1253=ORIENTED_EDGE('',*,*,#2424,.T.);
#1254=ORIENTED_EDGE('',*,*,#2426,.F.);
#1255=ORIENTED_EDGE('',*,*,#2427,.F.);
#1256=ORIENTED_EDGE('',*,*,#2428,.F.);
#1257=ORIENTED_EDGE('',*,*,#2427,.T.);
#1258=ORIENTED_EDGE('',*,*,#2429,.F.);
#1259=ORIENTED_EDGE('',*,*,#2430,.F.);
#1260=ORIENTED_EDGE('',*,*,#2431,.F.);
#1261=ORIENTED_EDGE('',*,*,#2430,.T.);
#1262=ORIENTED_EDGE('',*,*,#2432,.F.);
#1263=ORIENTED_EDGE('',*,*,#2433,.F.);
#1264=ORIENTED_EDGE('',*,*,#2434,.F.);
#1265=ORIENTED_EDGE('',*,*,#2433,.T.);
#1266=ORIENTED_EDGE('',*,*,#2435,.F.);
#1267=ORIENTED_EDGE('',*,*,#2413,.F.);
#1268=ORIENTED_EDGE('',*,*,#2436,.F.);
#1269=ORIENTED_EDGE('',*,*,#2437,.T.);
#1270=ORIENTED_EDGE('',*,*,#2438,.F.);
#1271=ORIENTED_EDGE('',*,*,#2439,.F.);
#1272=ORIENTED_EDGE('',*,*,#2440,.F.);
#1273=ORIENTED_EDGE('',*,*,#2439,.T.);
#1274=ORIENTED_EDGE('',*,*,#2441,.F.);
#1275=ORIENTED_EDGE('',*,*,#2442,.F.);
#1276=ORIENTED_EDGE('',*,*,#2443,.F.);
#1277=ORIENTED_EDGE('',*,*,#2442,.T.);
#1278=ORIENTED_EDGE('',*,*,#2444,.F.);
#1279=ORIENTED_EDGE('',*,*,#2445,.F.);
#1280=ORIENTED_EDGE('',*,*,#2446,.F.);
#1281=ORIENTED_EDGE('',*,*,#2445,.T.);
#1282=ORIENTED_EDGE('',*,*,#2447,.F.);
#1283=ORIENTED_EDGE('',*,*,#2448,.F.);
#1284=ORIENTED_EDGE('',*,*,#2449,.F.);
#1285=ORIENTED_EDGE('',*,*,#2448,.T.);
#1286=ORIENTED_EDGE('',*,*,#2450,.F.);
#1287=ORIENTED_EDGE('',*,*,#2451,.F.);
#1288=ORIENTED_EDGE('',*,*,#2452,.F.);
#1289=ORIENTED_EDGE('',*,*,#2451,.T.);
#1290=ORIENTED_EDGE('',*,*,#2453,.F.);
#1291=ORIENTED_EDGE('',*,*,#2454,.F.);
#1292=ORIENTED_EDGE('',*,*,#2455,.F.);
#1293=ORIENTED_EDGE('',*,*,#2454,.T.);
#1294=ORIENTED_EDGE('',*,*,#2456,.F.);
#1295=ORIENTED_EDGE('',*,*,#2457,.F.);
#1296=ORIENTED_EDGE('',*,*,#2458,.F.);
#1297=ORIENTED_EDGE('',*,*,#2457,.T.);
#1298=ORIENTED_EDGE('',*,*,#2459,.F.);
#1299=ORIENTED_EDGE('',*,*,#2460,.F.);
#1300=ORIENTED_EDGE('',*,*,#2461,.F.);
#1301=ORIENTED_EDGE('',*,*,#2460,.T.);
#1302=ORIENTED_EDGE('',*,*,#2462,.F.);
#1303=ORIENTED_EDGE('',*,*,#2463,.F.);
#1304=ORIENTED_EDGE('',*,*,#2464,.F.);
#1305=ORIENTED_EDGE('',*,*,#2463,.T.);
#1306=ORIENTED_EDGE('',*,*,#2465,.F.);
#1307=ORIENTED_EDGE('',*,*,#2466,.F.);
#1308=ORIENTED_EDGE('',*,*,#2467,.F.);
#1309=ORIENTED_EDGE('',*,*,#2466,.T.);
#1310=ORIENTED_EDGE('',*,*,#2468,.F.);
#1311=ORIENTED_EDGE('',*,*,#2469,.F.);
#1312=ORIENTED_EDGE('',*,*,#2470,.F.);
#1313=ORIENTED_EDGE('',*,*,#2469,.T.);
#1314=ORIENTED_EDGE('',*,*,#2471,.F.);
#1315=ORIENTED_EDGE('',*,*,#2472,.F.);
#1316=ORIENTED_EDGE('',*,*,#2473,.F.);
#1317=ORIENTED_EDGE('',*,*,#2472,.T.);
#1318=ORIENTED_EDGE('',*,*,#2474,.F.);
#1319=ORIENTED_EDGE('',*,*,#2437,.F.);
#1320=ORIENTED_EDGE('',*,*,#2474,.T.);
#1321=ORIENTED_EDGE('',*,*,#2471,.T.);
#1322=ORIENTED_EDGE('',*,*,#2468,.T.);
#1323=ORIENTED_EDGE('',*,*,#2465,.T.);
#1324=ORIENTED_EDGE('',*,*,#2462,.T.);
#1325=ORIENTED_EDGE('',*,*,#2459,.T.);
#1326=ORIENTED_EDGE('',*,*,#2456,.T.);
#1327=ORIENTED_EDGE('',*,*,#2453,.T.);
#1328=ORIENTED_EDGE('',*,*,#2450,.T.);
#1329=ORIENTED_EDGE('',*,*,#2447,.T.);
#1330=ORIENTED_EDGE('',*,*,#2444,.T.);
#1331=ORIENTED_EDGE('',*,*,#2441,.T.);
#1332=ORIENTED_EDGE('',*,*,#2438,.T.);
#1333=ORIENTED_EDGE('',*,*,#2435,.T.);
#1334=ORIENTED_EDGE('',*,*,#2432,.T.);
#1335=ORIENTED_EDGE('',*,*,#2429,.T.);
#1336=ORIENTED_EDGE('',*,*,#2426,.T.);
#1337=ORIENTED_EDGE('',*,*,#2423,.T.);
#1338=ORIENTED_EDGE('',*,*,#2420,.T.);
#1339=ORIENTED_EDGE('',*,*,#2417,.T.);
#1340=ORIENTED_EDGE('',*,*,#2414,.T.);
#1341=ORIENTED_EDGE('',*,*,#2473,.T.);
#1342=ORIENTED_EDGE('',*,*,#2436,.T.);
#1343=ORIENTED_EDGE('',*,*,#2440,.T.);
#1344=ORIENTED_EDGE('',*,*,#2443,.T.);
#1345=ORIENTED_EDGE('',*,*,#2446,.T.);
#1346=ORIENTED_EDGE('',*,*,#2449,.T.);
#1347=ORIENTED_EDGE('',*,*,#2452,.T.);
#1348=ORIENTED_EDGE('',*,*,#2455,.T.);
#1349=ORIENTED_EDGE('',*,*,#2458,.T.);
#1350=ORIENTED_EDGE('',*,*,#2461,.T.);
#1351=ORIENTED_EDGE('',*,*,#2464,.T.);
#1352=ORIENTED_EDGE('',*,*,#2467,.T.);
#1353=ORIENTED_EDGE('',*,*,#2470,.T.);
#1354=ORIENTED_EDGE('',*,*,#2434,.T.);
#1355=ORIENTED_EDGE('',*,*,#2412,.T.);
#1356=ORIENTED_EDGE('',*,*,#2416,.T.);
#1357=ORIENTED_EDGE('',*,*,#2419,.T.);
#1358=ORIENTED_EDGE('',*,*,#2422,.T.);
#1359=ORIENTED_EDGE('',*,*,#2425,.T.);
#1360=ORIENTED_EDGE('',*,*,#2428,.T.);
#1361=ORIENTED_EDGE('',*,*,#2431,.T.);
#1362=ORIENTED_EDGE('',*,*,#2475,.F.);
#1363=ORIENTED_EDGE('',*,*,#2476,.T.);
#1364=ORIENTED_EDGE('',*,*,#2477,.F.);
#1365=ORIENTED_EDGE('',*,*,#2478,.F.);
#1366=ORIENTED_EDGE('',*,*,#2479,.F.);
#1367=ORIENTED_EDGE('',*,*,#2478,.T.);
#1368=ORIENTED_EDGE('',*,*,#2480,.F.);
#1369=ORIENTED_EDGE('',*,*,#2481,.F.);
#1370=ORIENTED_EDGE('',*,*,#2482,.F.);
#1371=ORIENTED_EDGE('',*,*,#2481,.T.);
#1372=ORIENTED_EDGE('',*,*,#2483,.F.);
#1373=ORIENTED_EDGE('',*,*,#2484,.F.);
#1374=ORIENTED_EDGE('',*,*,#2485,.F.);
#1375=ORIENTED_EDGE('',*,*,#2484,.T.);
#1376=ORIENTED_EDGE('',*,*,#2486,.F.);
#1377=ORIENTED_EDGE('',*,*,#2487,.F.);
#1378=ORIENTED_EDGE('',*,*,#2488,.F.);
#1379=ORIENTED_EDGE('',*,*,#2487,.T.);
#1380=ORIENTED_EDGE('',*,*,#2489,.F.);
#1381=ORIENTED_EDGE('',*,*,#2490,.F.);
#1382=ORIENTED_EDGE('',*,*,#2491,.F.);
#1383=ORIENTED_EDGE('',*,*,#2490,.T.);
#1384=ORIENTED_EDGE('',*,*,#2492,.F.);
#1385=ORIENTED_EDGE('',*,*,#2493,.F.);
#1386=ORIENTED_EDGE('',*,*,#2494,.F.);
#1387=ORIENTED_EDGE('',*,*,#2493,.T.);
#1388=ORIENTED_EDGE('',*,*,#2495,.F.);
#1389=ORIENTED_EDGE('',*,*,#2496,.F.);
#1390=ORIENTED_EDGE('',*,*,#2497,.F.);
#1391=ORIENTED_EDGE('',*,*,#2496,.T.);
#1392=ORIENTED_EDGE('',*,*,#2498,.F.);
#1393=ORIENTED_EDGE('',*,*,#2499,.F.);
#1394=ORIENTED_EDGE('',*,*,#2500,.F.);
#1395=ORIENTED_EDGE('',*,*,#2499,.T.);
#1396=ORIENTED_EDGE('',*,*,#2501,.F.);
#1397=ORIENTED_EDGE('',*,*,#2502,.F.);
#1398=ORIENTED_EDGE('',*,*,#2503,.F.);
#1399=ORIENTED_EDGE('',*,*,#2502,.T.);
#1400=ORIENTED_EDGE('',*,*,#2504,.F.);
#1401=ORIENTED_EDGE('',*,*,#2505,.F.);
#1402=ORIENTED_EDGE('',*,*,#2506,.F.);
#1403=ORIENTED_EDGE('',*,*,#2505,.T.);
#1404=ORIENTED_EDGE('',*,*,#2507,.F.);
#1405=ORIENTED_EDGE('',*,*,#2508,.F.);
#1406=ORIENTED_EDGE('',*,*,#2509,.F.);
#1407=ORIENTED_EDGE('',*,*,#2508,.T.);
#1408=ORIENTED_EDGE('',*,*,#2510,.F.);
#1409=ORIENTED_EDGE('',*,*,#2511,.F.);
#1410=ORIENTED_EDGE('',*,*,#2512,.F.);
#1411=ORIENTED_EDGE('',*,*,#2511,.T.);
#1412=ORIENTED_EDGE('',*,*,#2513,.F.);
#1413=ORIENTED_EDGE('',*,*,#2476,.F.);
#1414=ORIENTED_EDGE('',*,*,#2513,.T.);
#1415=ORIENTED_EDGE('',*,*,#2510,.T.);
#1416=ORIENTED_EDGE('',*,*,#2507,.T.);
#1417=ORIENTED_EDGE('',*,*,#2504,.T.);
#1418=ORIENTED_EDGE('',*,*,#2501,.T.);
#1419=ORIENTED_EDGE('',*,*,#2498,.T.);
#1420=ORIENTED_EDGE('',*,*,#2495,.T.);
#1421=ORIENTED_EDGE('',*,*,#2492,.T.);
#1422=ORIENTED_EDGE('',*,*,#2489,.T.);
#1423=ORIENTED_EDGE('',*,*,#2486,.T.);
#1424=ORIENTED_EDGE('',*,*,#2483,.T.);
#1425=ORIENTED_EDGE('',*,*,#2480,.T.);
#1426=ORIENTED_EDGE('',*,*,#2477,.T.);
#1427=ORIENTED_EDGE('',*,*,#2512,.T.);
#1428=ORIENTED_EDGE('',*,*,#2475,.T.);
#1429=ORIENTED_EDGE('',*,*,#2479,.T.);
#1430=ORIENTED_EDGE('',*,*,#2482,.T.);
#1431=ORIENTED_EDGE('',*,*,#2485,.T.);
#1432=ORIENTED_EDGE('',*,*,#2488,.T.);
#1433=ORIENTED_EDGE('',*,*,#2491,.T.);
#1434=ORIENTED_EDGE('',*,*,#2494,.T.);
#1435=ORIENTED_EDGE('',*,*,#2497,.T.);
#1436=ORIENTED_EDGE('',*,*,#2500,.T.);
#1437=ORIENTED_EDGE('',*,*,#2503,.T.);
#1438=ORIENTED_EDGE('',*,*,#2506,.T.);
#1439=ORIENTED_EDGE('',*,*,#2509,.T.);
#1440=ORIENTED_EDGE('',*,*,#2514,.F.);
#1441=ORIENTED_EDGE('',*,*,#2515,.T.);
#1442=ORIENTED_EDGE('',*,*,#2516,.F.);
#1443=ORIENTED_EDGE('',*,*,#2517,.F.);
#1444=ORIENTED_EDGE('',*,*,#2518,.F.);
#1445=ORIENTED_EDGE('',*,*,#2517,.T.);
#1446=ORIENTED_EDGE('',*,*,#2519,.F.);
#1447=ORIENTED_EDGE('',*,*,#2520,.F.);
#1448=ORIENTED_EDGE('',*,*,#2521,.F.);
#1449=ORIENTED_EDGE('',*,*,#2520,.T.);
#1450=ORIENTED_EDGE('',*,*,#2522,.F.);
#1451=ORIENTED_EDGE('',*,*,#2523,.F.);
#1452=ORIENTED_EDGE('',*,*,#2524,.F.);
#1453=ORIENTED_EDGE('',*,*,#2523,.T.);
#1454=ORIENTED_EDGE('',*,*,#2525,.F.);
#1455=ORIENTED_EDGE('',*,*,#2526,.F.);
#1456=ORIENTED_EDGE('',*,*,#2527,.F.);
#1457=ORIENTED_EDGE('',*,*,#2526,.T.);
#1458=ORIENTED_EDGE('',*,*,#2528,.F.);
#1459=ORIENTED_EDGE('',*,*,#2529,.F.);
#1460=ORIENTED_EDGE('',*,*,#2530,.F.);
#1461=ORIENTED_EDGE('',*,*,#2529,.T.);
#1462=ORIENTED_EDGE('',*,*,#2531,.F.);
#1463=ORIENTED_EDGE('',*,*,#2532,.F.);
#1464=ORIENTED_EDGE('',*,*,#2533,.F.);
#1465=ORIENTED_EDGE('',*,*,#2532,.T.);
#1466=ORIENTED_EDGE('',*,*,#2534,.F.);
#1467=ORIENTED_EDGE('',*,*,#2535,.F.);
#1468=ORIENTED_EDGE('',*,*,#2536,.F.);
#1469=ORIENTED_EDGE('',*,*,#2535,.T.);
#1470=ORIENTED_EDGE('',*,*,#2537,.F.);
#1471=ORIENTED_EDGE('',*,*,#2538,.F.);
#1472=ORIENTED_EDGE('',*,*,#2539,.F.);
#1473=ORIENTED_EDGE('',*,*,#2538,.T.);
#1474=ORIENTED_EDGE('',*,*,#2540,.F.);
#1475=ORIENTED_EDGE('',*,*,#2541,.F.);
#1476=ORIENTED_EDGE('',*,*,#2542,.F.);
#1477=ORIENTED_EDGE('',*,*,#2541,.T.);
#1478=ORIENTED_EDGE('',*,*,#2543,.F.);
#1479=ORIENTED_EDGE('',*,*,#2544,.F.);
#1480=ORIENTED_EDGE('',*,*,#2545,.F.);
#1481=ORIENTED_EDGE('',*,*,#2544,.T.);
#1482=ORIENTED_EDGE('',*,*,#2546,.F.);
#1483=ORIENTED_EDGE('',*,*,#2547,.F.);
#1484=ORIENTED_EDGE('',*,*,#2548,.F.);
#1485=ORIENTED_EDGE('',*,*,#2547,.T.);
#1486=ORIENTED_EDGE('',*,*,#2549,.F.);
#1487=ORIENTED_EDGE('',*,*,#2550,.F.);
#1488=ORIENTED_EDGE('',*,*,#2551,.F.);
#1489=ORIENTED_EDGE('',*,*,#2550,.T.);
#1490=ORIENTED_EDGE('',*,*,#2552,.F.);
#1491=ORIENTED_EDGE('',*,*,#2515,.F.);
#1492=ORIENTED_EDGE('',*,*,#2552,.T.);
#1493=ORIENTED_EDGE('',*,*,#2549,.T.);
#1494=ORIENTED_EDGE('',*,*,#2546,.T.);
#1495=ORIENTED_EDGE('',*,*,#2543,.T.);
#1496=ORIENTED_EDGE('',*,*,#2540,.T.);
#1497=ORIENTED_EDGE('',*,*,#2537,.T.);
#1498=ORIENTED_EDGE('',*,*,#2534,.T.);
#1499=ORIENTED_EDGE('',*,*,#2531,.T.);
#1500=ORIENTED_EDGE('',*,*,#2528,.T.);
#1501=ORIENTED_EDGE('',*,*,#2525,.T.);
#1502=ORIENTED_EDGE('',*,*,#2522,.T.);
#1503=ORIENTED_EDGE('',*,*,#2519,.T.);
#1504=ORIENTED_EDGE('',*,*,#2516,.T.);
#1505=ORIENTED_EDGE('',*,*,#2551,.T.);
#1506=ORIENTED_EDGE('',*,*,#2514,.T.);
#1507=ORIENTED_EDGE('',*,*,#2518,.T.);
#1508=ORIENTED_EDGE('',*,*,#2521,.T.);
#1509=ORIENTED_EDGE('',*,*,#2524,.T.);
#1510=ORIENTED_EDGE('',*,*,#2527,.T.);
#1511=ORIENTED_EDGE('',*,*,#2530,.T.);
#1512=ORIENTED_EDGE('',*,*,#2533,.T.);
#1513=ORIENTED_EDGE('',*,*,#2536,.T.);
#1514=ORIENTED_EDGE('',*,*,#2539,.T.);
#1515=ORIENTED_EDGE('',*,*,#2542,.T.);
#1516=ORIENTED_EDGE('',*,*,#2545,.T.);
#1517=ORIENTED_EDGE('',*,*,#2548,.T.);
#1518=ORIENTED_EDGE('',*,*,#2553,.F.);
#1519=ORIENTED_EDGE('',*,*,#2554,.T.);
#1520=ORIENTED_EDGE('',*,*,#2555,.F.);
#1521=ORIENTED_EDGE('',*,*,#2556,.F.);
#1522=ORIENTED_EDGE('',*,*,#2557,.F.);
#1523=ORIENTED_EDGE('',*,*,#2556,.T.);
#1524=ORIENTED_EDGE('',*,*,#2558,.F.);
#1525=ORIENTED_EDGE('',*,*,#2559,.F.);
#1526=ORIENTED_EDGE('',*,*,#2560,.F.);
#1527=ORIENTED_EDGE('',*,*,#2559,.T.);
#1528=ORIENTED_EDGE('',*,*,#2561,.F.);
#1529=ORIENTED_EDGE('',*,*,#2562,.F.);
#1530=ORIENTED_EDGE('',*,*,#2563,.F.);
#1531=ORIENTED_EDGE('',*,*,#2562,.T.);
#1532=ORIENTED_EDGE('',*,*,#2564,.F.);
#1533=ORIENTED_EDGE('',*,*,#2565,.F.);
#1534=ORIENTED_EDGE('',*,*,#2566,.F.);
#1535=ORIENTED_EDGE('',*,*,#2565,.T.);
#1536=ORIENTED_EDGE('',*,*,#2567,.F.);
#1537=ORIENTED_EDGE('',*,*,#2568,.F.);
#1538=ORIENTED_EDGE('',*,*,#2569,.F.);
#1539=ORIENTED_EDGE('',*,*,#2568,.T.);
#1540=ORIENTED_EDGE('',*,*,#2570,.F.);
#1541=ORIENTED_EDGE('',*,*,#2571,.F.);
#1542=ORIENTED_EDGE('',*,*,#2572,.F.);
#1543=ORIENTED_EDGE('',*,*,#2571,.T.);
#1544=ORIENTED_EDGE('',*,*,#2573,.F.);
#1545=ORIENTED_EDGE('',*,*,#2574,.F.);
#1546=ORIENTED_EDGE('',*,*,#2575,.F.);
#1547=ORIENTED_EDGE('',*,*,#2574,.T.);
#1548=ORIENTED_EDGE('',*,*,#2576,.F.);
#1549=ORIENTED_EDGE('',*,*,#2554,.F.);
#1550=ORIENTED_EDGE('',*,*,#2577,.F.);
#1551=ORIENTED_EDGE('',*,*,#2578,.T.);
#1552=ORIENTED_EDGE('',*,*,#2579,.F.);
#1553=ORIENTED_EDGE('',*,*,#2580,.F.);
#1554=ORIENTED_EDGE('',*,*,#2581,.F.);
#1555=ORIENTED_EDGE('',*,*,#2580,.T.);
#1556=ORIENTED_EDGE('',*,*,#2582,.F.);
#1557=ORIENTED_EDGE('',*,*,#2583,.F.);
#1558=ORIENTED_EDGE('',*,*,#2584,.F.);
#1559=ORIENTED_EDGE('',*,*,#2583,.T.);
#1560=ORIENTED_EDGE('',*,*,#2585,.F.);
#1561=ORIENTED_EDGE('',*,*,#2586,.F.);
#1562=ORIENTED_EDGE('',*,*,#2587,.F.);
#1563=ORIENTED_EDGE('',*,*,#2586,.T.);
#1564=ORIENTED_EDGE('',*,*,#2588,.F.);
#1565=ORIENTED_EDGE('',*,*,#2589,.F.);
#1566=ORIENTED_EDGE('',*,*,#2590,.F.);
#1567=ORIENTED_EDGE('',*,*,#2589,.T.);
#1568=ORIENTED_EDGE('',*,*,#2591,.F.);
#1569=ORIENTED_EDGE('',*,*,#2592,.F.);
#1570=ORIENTED_EDGE('',*,*,#2593,.F.);
#1571=ORIENTED_EDGE('',*,*,#2592,.T.);
#1572=ORIENTED_EDGE('',*,*,#2594,.F.);
#1573=ORIENTED_EDGE('',*,*,#2595,.F.);
#1574=ORIENTED_EDGE('',*,*,#2596,.F.);
#1575=ORIENTED_EDGE('',*,*,#2595,.T.);
#1576=ORIENTED_EDGE('',*,*,#2597,.F.);
#1577=ORIENTED_EDGE('',*,*,#2598,.F.);
#1578=ORIENTED_EDGE('',*,*,#2599,.F.);
#1579=ORIENTED_EDGE('',*,*,#2598,.T.);
#1580=ORIENTED_EDGE('',*,*,#2600,.F.);
#1581=ORIENTED_EDGE('',*,*,#2601,.F.);
#1582=ORIENTED_EDGE('',*,*,#2602,.F.);
#1583=ORIENTED_EDGE('',*,*,#2601,.T.);
#1584=ORIENTED_EDGE('',*,*,#2603,.F.);
#1585=ORIENTED_EDGE('',*,*,#2604,.F.);
#1586=ORIENTED_EDGE('',*,*,#2605,.F.);
#1587=ORIENTED_EDGE('',*,*,#2604,.T.);
#1588=ORIENTED_EDGE('',*,*,#2606,.F.);
#1589=ORIENTED_EDGE('',*,*,#2607,.F.);
#1590=ORIENTED_EDGE('',*,*,#2608,.F.);
#1591=ORIENTED_EDGE('',*,*,#2607,.T.);
#1592=ORIENTED_EDGE('',*,*,#2609,.F.);
#1593=ORIENTED_EDGE('',*,*,#2610,.F.);
#1594=ORIENTED_EDGE('',*,*,#2611,.F.);
#1595=ORIENTED_EDGE('',*,*,#2610,.T.);
#1596=ORIENTED_EDGE('',*,*,#2612,.F.);
#1597=ORIENTED_EDGE('',*,*,#2613,.F.);
#1598=ORIENTED_EDGE('',*,*,#2614,.F.);
#1599=ORIENTED_EDGE('',*,*,#2613,.T.);
#1600=ORIENTED_EDGE('',*,*,#2615,.F.);
#1601=ORIENTED_EDGE('',*,*,#2578,.F.);
#1602=ORIENTED_EDGE('',*,*,#2615,.T.);
#1603=ORIENTED_EDGE('',*,*,#2612,.T.);
#1604=ORIENTED_EDGE('',*,*,#2609,.T.);
#1605=ORIENTED_EDGE('',*,*,#2606,.T.);
#1606=ORIENTED_EDGE('',*,*,#2603,.T.);
#1607=ORIENTED_EDGE('',*,*,#2600,.T.);
#1608=ORIENTED_EDGE('',*,*,#2597,.T.);
#1609=ORIENTED_EDGE('',*,*,#2594,.T.);
#1610=ORIENTED_EDGE('',*,*,#2591,.T.);
#1611=ORIENTED_EDGE('',*,*,#2588,.T.);
#1612=ORIENTED_EDGE('',*,*,#2585,.T.);
#1613=ORIENTED_EDGE('',*,*,#2582,.T.);
#1614=ORIENTED_EDGE('',*,*,#2579,.T.);
#1615=ORIENTED_EDGE('',*,*,#2576,.T.);
#1616=ORIENTED_EDGE('',*,*,#2573,.T.);
#1617=ORIENTED_EDGE('',*,*,#2570,.T.);
#1618=ORIENTED_EDGE('',*,*,#2567,.T.);
#1619=ORIENTED_EDGE('',*,*,#2564,.T.);
#1620=ORIENTED_EDGE('',*,*,#2561,.T.);
#1621=ORIENTED_EDGE('',*,*,#2558,.T.);
#1622=ORIENTED_EDGE('',*,*,#2555,.T.);
#1623=ORIENTED_EDGE('',*,*,#2614,.T.);
#1624=ORIENTED_EDGE('',*,*,#2577,.T.);
#1625=ORIENTED_EDGE('',*,*,#2581,.T.);
#1626=ORIENTED_EDGE('',*,*,#2584,.T.);
#1627=ORIENTED_EDGE('',*,*,#2587,.T.);
#1628=ORIENTED_EDGE('',*,*,#2590,.T.);
#1629=ORIENTED_EDGE('',*,*,#2593,.T.);
#1630=ORIENTED_EDGE('',*,*,#2596,.T.);
#1631=ORIENTED_EDGE('',*,*,#2599,.T.);
#1632=ORIENTED_EDGE('',*,*,#2602,.T.);
#1633=ORIENTED_EDGE('',*,*,#2605,.T.);
#1634=ORIENTED_EDGE('',*,*,#2608,.T.);
#1635=ORIENTED_EDGE('',*,*,#2611,.T.);
#1636=ORIENTED_EDGE('',*,*,#2575,.T.);
#1637=ORIENTED_EDGE('',*,*,#2553,.T.);
#1638=ORIENTED_EDGE('',*,*,#2557,.T.);
#1639=ORIENTED_EDGE('',*,*,#2560,.T.);
#1640=ORIENTED_EDGE('',*,*,#2563,.T.);
#1641=ORIENTED_EDGE('',*,*,#2566,.T.);
#1642=ORIENTED_EDGE('',*,*,#2569,.T.);
#1643=ORIENTED_EDGE('',*,*,#2572,.T.);
#1644=ORIENTED_EDGE('',*,*,#2616,.T.);
#1645=ORIENTED_EDGE('',*,*,#2617,.F.);
#1646=ORIENTED_EDGE('',*,*,#2618,.T.);
#1647=ORIENTED_EDGE('',*,*,#2619,.T.);
#1648=ORIENTED_EDGE('',*,*,#2620,.T.);
#1649=ORIENTED_EDGE('',*,*,#2619,.F.);
#1650=ORIENTED_EDGE('',*,*,#2621,.F.);
#1651=ORIENTED_EDGE('',*,*,#2622,.T.);
#1652=ORIENTED_EDGE('',*,*,#2623,.T.);
#1653=ORIENTED_EDGE('',*,*,#2622,.F.);
#1654=ORIENTED_EDGE('',*,*,#2624,.F.);
#1655=ORIENTED_EDGE('',*,*,#2625,.T.);
#1656=ORIENTED_EDGE('',*,*,#2626,.T.);
#1657=ORIENTED_EDGE('',*,*,#2625,.F.);
#1658=ORIENTED_EDGE('',*,*,#2627,.F.);
#1659=ORIENTED_EDGE('',*,*,#2628,.T.);
#1660=ORIENTED_EDGE('',*,*,#2629,.T.);
#1661=ORIENTED_EDGE('',*,*,#2628,.F.);
#1662=ORIENTED_EDGE('',*,*,#2630,.T.);
#1663=ORIENTED_EDGE('',*,*,#2631,.T.);
#1664=ORIENTED_EDGE('',*,*,#2632,.T.);
#1665=ORIENTED_EDGE('',*,*,#2631,.F.);
#1666=ORIENTED_EDGE('',*,*,#2633,.T.);
#1667=ORIENTED_EDGE('',*,*,#2634,.T.);
#1668=ORIENTED_EDGE('',*,*,#2635,.T.);
#1669=ORIENTED_EDGE('',*,*,#2634,.F.);
#1670=ORIENTED_EDGE('',*,*,#2636,.T.);
#1671=ORIENTED_EDGE('',*,*,#2637,.T.);
#1672=ORIENTED_EDGE('',*,*,#2638,.T.);
#1673=ORIENTED_EDGE('',*,*,#2637,.F.);
#1674=ORIENTED_EDGE('',*,*,#2639,.T.);
#1675=ORIENTED_EDGE('',*,*,#2617,.T.);
#1676=ORIENTED_EDGE('',*,*,#2627,.T.);
#1677=ORIENTED_EDGE('',*,*,#2624,.T.);
#1678=ORIENTED_EDGE('',*,*,#2621,.T.);
#1679=ORIENTED_EDGE('',*,*,#2618,.F.);
#1680=ORIENTED_EDGE('',*,*,#2639,.F.);
#1681=ORIENTED_EDGE('',*,*,#2636,.F.);
#1682=ORIENTED_EDGE('',*,*,#2633,.F.);
#1683=ORIENTED_EDGE('',*,*,#2630,.F.);
#1684=ORIENTED_EDGE('',*,*,#2629,.F.);
#1685=ORIENTED_EDGE('',*,*,#2632,.F.);
#1686=ORIENTED_EDGE('',*,*,#2635,.F.);
#1687=ORIENTED_EDGE('',*,*,#2638,.F.);
#1688=ORIENTED_EDGE('',*,*,#2616,.F.);
#1689=ORIENTED_EDGE('',*,*,#2620,.F.);
#1690=ORIENTED_EDGE('',*,*,#2623,.F.);
#1691=ORIENTED_EDGE('',*,*,#2626,.F.);
#1692=ORIENTED_EDGE('',*,*,#2640,.F.);
#1693=ORIENTED_EDGE('',*,*,#2641,.F.);
#1694=ORIENTED_EDGE('',*,*,#2642,.F.);
#1695=ORIENTED_EDGE('',*,*,#2643,.T.);
#1696=ORIENTED_EDGE('',*,*,#2644,.F.);
#1697=ORIENTED_EDGE('',*,*,#2645,.F.);
#1698=ORIENTED_EDGE('',*,*,#2646,.T.);
#1699=ORIENTED_EDGE('',*,*,#2641,.T.);
#1700=ORIENTED_EDGE('',*,*,#2647,.F.);
#1701=ORIENTED_EDGE('',*,*,#2648,.F.);
#1702=ORIENTED_EDGE('',*,*,#2649,.T.);
#1703=ORIENTED_EDGE('',*,*,#2645,.T.);
#1704=ORIENTED_EDGE('',*,*,#2650,.F.);
#1705=ORIENTED_EDGE('',*,*,#2651,.F.);
#1706=ORIENTED_EDGE('',*,*,#2652,.T.);
#1707=ORIENTED_EDGE('',*,*,#2648,.T.);
#1708=ORIENTED_EDGE('',*,*,#2653,.F.);
#1709=ORIENTED_EDGE('',*,*,#2654,.F.);
#1710=ORIENTED_EDGE('',*,*,#2655,.F.);
#1711=ORIENTED_EDGE('',*,*,#2651,.T.);
#1712=ORIENTED_EDGE('',*,*,#2656,.F.);
#1713=ORIENTED_EDGE('',*,*,#2657,.F.);
#1714=ORIENTED_EDGE('',*,*,#2658,.F.);
#1715=ORIENTED_EDGE('',*,*,#2654,.T.);
#1716=ORIENTED_EDGE('',*,*,#2659,.F.);
#1717=ORIENTED_EDGE('',*,*,#2660,.F.);
#1718=ORIENTED_EDGE('',*,*,#2661,.F.);
#1719=ORIENTED_EDGE('',*,*,#2657,.T.);
#1720=ORIENTED_EDGE('',*,*,#2662,.F.);
#1721=ORIENTED_EDGE('',*,*,#2643,.F.);
#1722=ORIENTED_EDGE('',*,*,#2663,.F.);
#1723=ORIENTED_EDGE('',*,*,#2660,.T.);
#1724=ORIENTED_EDGE('',*,*,#2652,.F.);
#1725=ORIENTED_EDGE('',*,*,#2655,.T.);
#1726=ORIENTED_EDGE('',*,*,#2658,.T.);
#1727=ORIENTED_EDGE('',*,*,#2661,.T.);
#1728=ORIENTED_EDGE('',*,*,#2663,.T.);
#1729=ORIENTED_EDGE('',*,*,#2642,.T.);
#1730=ORIENTED_EDGE('',*,*,#2646,.F.);
#1731=ORIENTED_EDGE('',*,*,#2649,.F.);
#1732=ORIENTED_EDGE('',*,*,#2653,.T.);
#1733=ORIENTED_EDGE('',*,*,#2650,.T.);
#1734=ORIENTED_EDGE('',*,*,#2647,.T.);
#1735=ORIENTED_EDGE('',*,*,#2644,.T.);
#1736=ORIENTED_EDGE('',*,*,#2640,.T.);
#1737=ORIENTED_EDGE('',*,*,#2662,.T.);
#1738=ORIENTED_EDGE('',*,*,#2659,.T.);
#1739=ORIENTED_EDGE('',*,*,#2656,.T.);
#1740=ORIENTED_EDGE('',*,*,#2664,.F.);
#1741=ORIENTED_EDGE('',*,*,#2665,.F.);
#1742=ORIENTED_EDGE('',*,*,#2666,.F.);
#1743=ORIENTED_EDGE('',*,*,#2667,.T.);
#1744=ORIENTED_EDGE('',*,*,#2668,.F.);
#1745=ORIENTED_EDGE('',*,*,#2667,.F.);
#1746=ORIENTED_EDGE('',*,*,#2669,.F.);
#1747=ORIENTED_EDGE('',*,*,#2670,.T.);
#1748=ORIENTED_EDGE('',*,*,#2671,.F.);
#1749=ORIENTED_EDGE('',*,*,#2670,.F.);
#1750=ORIENTED_EDGE('',*,*,#2672,.F.);
#1751=ORIENTED_EDGE('',*,*,#2673,.T.);
#1752=ORIENTED_EDGE('',*,*,#2674,.F.);
#1753=ORIENTED_EDGE('',*,*,#2673,.F.);
#1754=ORIENTED_EDGE('',*,*,#2675,.T.);
#1755=ORIENTED_EDGE('',*,*,#2665,.T.);
#1756=ORIENTED_EDGE('',*,*,#2669,.T.);
#1757=ORIENTED_EDGE('',*,*,#2666,.T.);
#1758=ORIENTED_EDGE('',*,*,#2675,.F.);
#1759=ORIENTED_EDGE('',*,*,#2672,.T.);
#1760=ORIENTED_EDGE('',*,*,#2671,.T.);
#1761=ORIENTED_EDGE('',*,*,#2674,.T.);
#1762=ORIENTED_EDGE('',*,*,#2664,.T.);
#1763=ORIENTED_EDGE('',*,*,#2668,.T.);
#1764=ORIENTED_EDGE('',*,*,#2676,.T.);
#1765=ORIENTED_EDGE('',*,*,#2677,.F.);
#1766=ORIENTED_EDGE('',*,*,#2678,.T.);
#1767=ORIENTED_EDGE('',*,*,#2679,.T.);
#1768=ORIENTED_EDGE('',*,*,#2680,.T.);
#1769=ORIENTED_EDGE('',*,*,#2681,.F.);
#1770=ORIENTED_EDGE('',*,*,#2682,.T.);
#1771=ORIENTED_EDGE('',*,*,#2677,.T.);
#1772=ORIENTED_EDGE('',*,*,#2683,.T.);
#1773=ORIENTED_EDGE('',*,*,#2684,.F.);
#1774=ORIENTED_EDGE('',*,*,#2685,.T.);
#1775=ORIENTED_EDGE('',*,*,#2681,.T.);
#1776=ORIENTED_EDGE('',*,*,#2686,.T.);
#1777=ORIENTED_EDGE('',*,*,#2679,.F.);
#1778=ORIENTED_EDGE('',*,*,#2687,.F.);
#1779=ORIENTED_EDGE('',*,*,#2684,.T.);
#1780=ORIENTED_EDGE('',*,*,#2682,.F.);
#1781=ORIENTED_EDGE('',*,*,#2685,.F.);
#1782=ORIENTED_EDGE('',*,*,#2687,.T.);
#1783=ORIENTED_EDGE('',*,*,#2678,.F.);
#1784=ORIENTED_EDGE('',*,*,#2683,.F.);
#1785=ORIENTED_EDGE('',*,*,#2680,.F.);
#1786=ORIENTED_EDGE('',*,*,#2676,.F.);
#1787=ORIENTED_EDGE('',*,*,#2686,.F.);
#1788=ORIENTED_EDGE('',*,*,#2688,.F.);
#1789=ORIENTED_EDGE('',*,*,#2689,.F.);
#1790=ORIENTED_EDGE('',*,*,#2690,.F.);
#1791=ORIENTED_EDGE('',*,*,#2691,.F.);
#1792=ORIENTED_EDGE('',*,*,#2692,.F.);
#1793=ORIENTED_EDGE('',*,*,#2693,.F.);
#1794=ORIENTED_EDGE('',*,*,#2694,.F.);
#1795=ORIENTED_EDGE('',*,*,#2695,.F.);
#1796=ORIENTED_EDGE('',*,*,#2689,.T.);
#1797=ORIENTED_EDGE('',*,*,#2696,.F.);
#1798=ORIENTED_EDGE('',*,*,#2697,.T.);
#1799=ORIENTED_EDGE('',*,*,#2698,.F.);
#1800=ORIENTED_EDGE('',*,*,#2690,.T.);
#1801=ORIENTED_EDGE('',*,*,#2698,.T.);
#1802=ORIENTED_EDGE('',*,*,#2699,.T.);
#1803=ORIENTED_EDGE('',*,*,#2700,.T.);
#1804=ORIENTED_EDGE('',*,*,#2694,.T.);
#1805=ORIENTED_EDGE('',*,*,#2701,.T.);
#1806=ORIENTED_EDGE('',*,*,#2702,.T.);
#1807=ORIENTED_EDGE('',*,*,#2703,.T.);
#1808=ORIENTED_EDGE('',*,*,#2693,.T.);
#1809=ORIENTED_EDGE('',*,*,#2704,.F.);
#1810=ORIENTED_EDGE('',*,*,#2705,.F.);
#1811=ORIENTED_EDGE('',*,*,#2701,.F.);
#1812=ORIENTED_EDGE('',*,*,#2688,.T.);
#1813=ORIENTED_EDGE('',*,*,#2706,.T.);
#1814=ORIENTED_EDGE('',*,*,#2707,.T.);
#1815=ORIENTED_EDGE('',*,*,#2704,.T.);
#1816=ORIENTED_EDGE('',*,*,#2692,.T.);
#1817=ORIENTED_EDGE('',*,*,#2708,.T.);
#1818=ORIENTED_EDGE('',*,*,#2709,.T.);
#1819=ORIENTED_EDGE('',*,*,#2696,.T.);
#1820=ORIENTED_EDGE('',*,*,#2695,.T.);
#1821=ORIENTED_EDGE('',*,*,#2700,.F.);
#1822=ORIENTED_EDGE('',*,*,#2710,.F.);
#1823=ORIENTED_EDGE('',*,*,#2708,.F.);
#1824=ORIENTED_EDGE('',*,*,#2710,.T.);
#1825=ORIENTED_EDGE('',*,*,#2699,.F.);
#1826=ORIENTED_EDGE('',*,*,#2697,.F.);
#1827=ORIENTED_EDGE('',*,*,#2709,.F.);
#1828=ORIENTED_EDGE('',*,*,#2691,.T.);
#1829=ORIENTED_EDGE('',*,*,#2703,.F.);
#1830=ORIENTED_EDGE('',*,*,#2711,.F.);
#1831=ORIENTED_EDGE('',*,*,#2706,.F.);
#1832=ORIENTED_EDGE('',*,*,#2711,.T.);
#1833=ORIENTED_EDGE('',*,*,#2702,.F.);
#1834=ORIENTED_EDGE('',*,*,#2705,.T.);
#1835=ORIENTED_EDGE('',*,*,#2707,.F.);
#1836=ORIENTED_EDGE('',*,*,#2712,.T.);
#1837=ORIENTED_EDGE('',*,*,#2713,.T.);
#1838=ORIENTED_EDGE('',*,*,#2714,.T.);
#1839=ORIENTED_EDGE('',*,*,#2715,.F.);
#1840=ORIENTED_EDGE('',*,*,#2716,.T.);
#1841=ORIENTED_EDGE('',*,*,#2717,.T.);
#1842=ORIENTED_EDGE('',*,*,#2718,.T.);
#1843=ORIENTED_EDGE('',*,*,#2719,.F.);
#1844=ORIENTED_EDGE('',*,*,#2720,.F.);
#1845=ORIENTED_EDGE('',*,*,#2721,.F.);
#1846=ORIENTED_EDGE('',*,*,#2722,.F.);
#1847=ORIENTED_EDGE('',*,*,#2723,.F.);
#1848=ORIENTED_EDGE('',*,*,#2716,.F.);
#1849=ORIENTED_EDGE('',*,*,#2724,.T.);
#1850=ORIENTED_EDGE('',*,*,#2720,.T.);
#1851=ORIENTED_EDGE('',*,*,#2725,.F.);
#1852=ORIENTED_EDGE('',*,*,#2715,.T.);
#1853=ORIENTED_EDGE('',*,*,#2726,.T.);
#1854=ORIENTED_EDGE('',*,*,#2721,.T.);
#1855=ORIENTED_EDGE('',*,*,#2724,.F.);
#1856=ORIENTED_EDGE('',*,*,#2714,.F.);
#1857=ORIENTED_EDGE('',*,*,#2727,.T.);
#1858=ORIENTED_EDGE('',*,*,#2722,.T.);
#1859=ORIENTED_EDGE('',*,*,#2726,.F.);
#1860=ORIENTED_EDGE('',*,*,#2728,.F.);
#1861=ORIENTED_EDGE('',*,*,#2729,.F.);
#1862=ORIENTED_EDGE('',*,*,#2730,.F.);
#1863=ORIENTED_EDGE('',*,*,#2731,.F.);
#1864=ORIENTED_EDGE('',*,*,#2732,.F.);
#1865=ORIENTED_EDGE('',*,*,#2733,.F.);
#1866=ORIENTED_EDGE('',*,*,#2734,.T.);
#1867=ORIENTED_EDGE('',*,*,#2735,.T.);
#1868=ORIENTED_EDGE('',*,*,#2730,.T.);
#1869=ORIENTED_EDGE('',*,*,#2736,.F.);
#1870=ORIENTED_EDGE('',*,*,#2737,.T.);
#1871=ORIENTED_EDGE('',*,*,#2738,.T.);
#1872=ORIENTED_EDGE('',*,*,#2731,.T.);
#1873=ORIENTED_EDGE('',*,*,#2735,.F.);
#1874=ORIENTED_EDGE('',*,*,#2739,.F.);
#1875=ORIENTED_EDGE('',*,*,#2740,.T.);
#1876=ORIENTED_EDGE('',*,*,#2732,.T.);
#1877=ORIENTED_EDGE('',*,*,#2738,.F.);
#1878=ORIENTED_EDGE('',*,*,#2741,.F.);
#1879=ORIENTED_EDGE('',*,*,#2742,.T.);
#1880=ORIENTED_EDGE('',*,*,#2739,.T.);
#1881=ORIENTED_EDGE('',*,*,#2737,.F.);
#1882=ORIENTED_EDGE('',*,*,#2734,.F.);
#1883=ORIENTED_EDGE('',*,*,#2743,.T.);
#1884=ORIENTED_EDGE('',*,*,#2741,.T.);
#1885=ORIENTED_EDGE('',*,*,#2744,.F.);
#1886=ORIENTED_EDGE('',*,*,#2745,.T.);
#1887=ORIENTED_EDGE('',*,*,#2746,.T.);
#1888=ORIENTED_EDGE('',*,*,#2728,.T.);
#1889=ORIENTED_EDGE('',*,*,#2747,.T.);
#1890=ORIENTED_EDGE('',*,*,#2712,.F.);
#1891=ORIENTED_EDGE('',*,*,#2748,.F.);
#1892=ORIENTED_EDGE('',*,*,#2745,.F.);
#1893=ORIENTED_EDGE('',*,*,#2749,.F.);
#1894=ORIENTED_EDGE('',*,*,#2750,.T.);
#1895=ORIENTED_EDGE('',*,*,#2751,.T.);
#1896=ORIENTED_EDGE('',*,*,#2752,.F.);
#1897=ORIENTED_EDGE('',*,*,#2753,.F.);
#1898=ORIENTED_EDGE('',*,*,#2750,.F.);
#1899=ORIENTED_EDGE('',*,*,#2754,.T.);
#1900=ORIENTED_EDGE('',*,*,#2755,.F.);
#1901=ORIENTED_EDGE('',*,*,#2756,.F.);
#1902=ORIENTED_EDGE('',*,*,#2751,.F.);
#1903=ORIENTED_EDGE('',*,*,#2756,.T.);
#1904=ORIENTED_EDGE('',*,*,#2757,.F.);
#1905=ORIENTED_EDGE('',*,*,#2758,.F.);
#1906=ORIENTED_EDGE('',*,*,#2752,.T.);
#1907=ORIENTED_EDGE('',*,*,#2758,.T.);
#1908=ORIENTED_EDGE('',*,*,#2759,.F.);
#1909=ORIENTED_EDGE('',*,*,#2760,.F.);
#1910=ORIENTED_EDGE('',*,*,#2761,.F.);
#1911=ORIENTED_EDGE('',*,*,#2762,.T.);
#1912=ORIENTED_EDGE('',*,*,#2759,.T.);
#1913=ORIENTED_EDGE('',*,*,#2757,.T.);
#1914=ORIENTED_EDGE('',*,*,#2755,.T.);
#1915=ORIENTED_EDGE('',*,*,#2763,.T.);
#1916=ORIENTED_EDGE('',*,*,#2761,.T.);
#1917=ORIENTED_EDGE('',*,*,#2764,.F.);
#1918=ORIENTED_EDGE('',*,*,#2765,.T.);
#1919=ORIENTED_EDGE('',*,*,#2766,.T.);
#1920=ORIENTED_EDGE('',*,*,#2765,.F.);
#1921=ORIENTED_EDGE('',*,*,#2767,.F.);
#1922=ORIENTED_EDGE('',*,*,#2768,.F.);
#1923=ORIENTED_EDGE('',*,*,#2769,.T.);
#1924=ORIENTED_EDGE('',*,*,#2770,.F.);
#1925=ORIENTED_EDGE('',*,*,#2771,.F.);
#1926=ORIENTED_EDGE('',*,*,#2772,.F.);
#1927=ORIENTED_EDGE('',*,*,#2718,.F.);
#1928=ORIENTED_EDGE('',*,*,#2773,.F.);
#1929=ORIENTED_EDGE('',*,*,#2774,.F.);
#1930=ORIENTED_EDGE('',*,*,#2772,.T.);
#1931=ORIENTED_EDGE('',*,*,#2775,.F.);
#1932=ORIENTED_EDGE('',*,*,#2776,.F.);
#1933=ORIENTED_EDGE('',*,*,#2767,.T.);
#1934=ORIENTED_EDGE('',*,*,#2764,.T.);
#1935=ORIENTED_EDGE('',*,*,#2763,.F.);
#1936=ORIENTED_EDGE('',*,*,#2754,.F.);
#1937=ORIENTED_EDGE('',*,*,#2749,.T.);
#1938=ORIENTED_EDGE('',*,*,#2744,.T.);
#1939=ORIENTED_EDGE('',*,*,#2743,.F.);
#1940=ORIENTED_EDGE('',*,*,#2736,.T.);
#1941=ORIENTED_EDGE('',*,*,#2729,.T.);
#1942=ORIENTED_EDGE('',*,*,#2748,.T.);
#1943=ORIENTED_EDGE('',*,*,#2717,.F.);
#1944=ORIENTED_EDGE('',*,*,#2725,.T.);
#1945=ORIENTED_EDGE('',*,*,#2719,.T.);
#1946=ORIENTED_EDGE('',*,*,#2773,.T.);
#1947=ORIENTED_EDGE('',*,*,#2723,.T.);
#1948=ORIENTED_EDGE('',*,*,#2727,.F.);
#1949=ORIENTED_EDGE('',*,*,#2713,.F.);
#1950=ORIENTED_EDGE('',*,*,#2747,.F.);
#1951=ORIENTED_EDGE('',*,*,#2733,.T.);
#1952=ORIENTED_EDGE('',*,*,#2740,.F.);
#1953=ORIENTED_EDGE('',*,*,#2742,.F.);
#1954=ORIENTED_EDGE('',*,*,#2746,.F.);
#1955=ORIENTED_EDGE('',*,*,#2753,.T.);
#1956=ORIENTED_EDGE('',*,*,#2760,.T.);
#1957=ORIENTED_EDGE('',*,*,#2762,.F.);
#1958=ORIENTED_EDGE('',*,*,#2766,.F.);
#1959=ORIENTED_EDGE('',*,*,#2771,.T.);
#1960=ORIENTED_EDGE('',*,*,#2777,.T.);
#1961=ORIENTED_EDGE('',*,*,#2778,.F.);
#1962=ORIENTED_EDGE('',*,*,#2768,.T.);
#1963=ORIENTED_EDGE('',*,*,#2776,.T.);
#1964=ORIENTED_EDGE('',*,*,#2779,.F.);
#1965=ORIENTED_EDGE('',*,*,#2780,.F.);
#1966=ORIENTED_EDGE('',*,*,#2769,.F.);
#1967=ORIENTED_EDGE('',*,*,#2780,.T.);
#1968=ORIENTED_EDGE('',*,*,#2781,.F.);
#1969=ORIENTED_EDGE('',*,*,#2782,.F.);
#1970=ORIENTED_EDGE('',*,*,#2770,.T.);
#1971=ORIENTED_EDGE('',*,*,#2782,.T.);
#1972=ORIENTED_EDGE('',*,*,#2783,.F.);
#1973=ORIENTED_EDGE('',*,*,#2777,.F.);
#1974=ORIENTED_EDGE('',*,*,#2774,.T.);
#1975=ORIENTED_EDGE('',*,*,#2778,.T.);
#1976=ORIENTED_EDGE('',*,*,#2783,.T.);
#1977=ORIENTED_EDGE('',*,*,#2781,.T.);
#1978=ORIENTED_EDGE('',*,*,#2779,.T.);
#1979=ORIENTED_EDGE('',*,*,#2775,.T.);
#1980=ORIENTED_EDGE('',*,*,#2784,.F.);
#1981=ORIENTED_EDGE('',*,*,#2785,.T.);
#1982=ORIENTED_EDGE('',*,*,#2786,.T.);
#1983=ORIENTED_EDGE('',*,*,#2787,.T.);
#1984=ORIENTED_EDGE('',*,*,#2788,.T.);
#1985=ORIENTED_EDGE('',*,*,#2789,.T.);
#1986=ORIENTED_EDGE('',*,*,#2790,.T.);
#1987=ORIENTED_EDGE('',*,*,#2791,.T.);
#1988=ORIENTED_EDGE('',*,*,#2792,.T.);
#1989=ORIENTED_EDGE('',*,*,#2793,.T.);
#1990=ORIENTED_EDGE('',*,*,#2790,.F.);
#1991=ORIENTED_EDGE('',*,*,#2794,.T.);
#1992=ORIENTED_EDGE('',*,*,#2795,.T.);
#1993=ORIENTED_EDGE('',*,*,#2796,.F.);
#1994=ORIENTED_EDGE('',*,*,#2789,.F.);
#1995=ORIENTED_EDGE('',*,*,#2797,.T.);
#1996=ORIENTED_EDGE('',*,*,#2798,.T.);
#1997=ORIENTED_EDGE('',*,*,#2794,.F.);
#1998=ORIENTED_EDGE('',*,*,#2788,.F.);
#1999=ORIENTED_EDGE('',*,*,#2799,.T.);
#2000=ORIENTED_EDGE('',*,*,#2800,.T.);
#2001=ORIENTED_EDGE('',*,*,#2797,.F.);
#2002=ORIENTED_EDGE('',*,*,#2787,.F.);
#2003=ORIENTED_EDGE('',*,*,#2801,.T.);
#2004=ORIENTED_EDGE('',*,*,#2802,.T.);
#2005=ORIENTED_EDGE('',*,*,#2799,.F.);
#2006=ORIENTED_EDGE('',*,*,#2786,.F.);
#2007=ORIENTED_EDGE('',*,*,#2803,.T.);
#2008=ORIENTED_EDGE('',*,*,#2804,.T.);
#2009=ORIENTED_EDGE('',*,*,#2801,.F.);
#2010=ORIENTED_EDGE('',*,*,#2792,.F.);
#2011=ORIENTED_EDGE('',*,*,#2805,.T.);
#2012=ORIENTED_EDGE('',*,*,#2806,.T.);
#2013=ORIENTED_EDGE('',*,*,#2807,.F.);
#2014=ORIENTED_EDGE('',*,*,#2791,.F.);
#2015=ORIENTED_EDGE('',*,*,#2796,.T.);
#2016=ORIENTED_EDGE('',*,*,#2808,.T.);
#2017=ORIENTED_EDGE('',*,*,#2805,.F.);
#2018=ORIENTED_EDGE('',*,*,#2809,.T.);
#2019=ORIENTED_EDGE('',*,*,#2810,.F.);
#2020=ORIENTED_EDGE('',*,*,#2806,.F.);
#2021=ORIENTED_EDGE('',*,*,#2808,.F.);
#2022=ORIENTED_EDGE('',*,*,#2795,.F.);
#2023=ORIENTED_EDGE('',*,*,#2798,.F.);
#2024=ORIENTED_EDGE('',*,*,#2800,.F.);
#2025=ORIENTED_EDGE('',*,*,#2802,.F.);
#2026=ORIENTED_EDGE('',*,*,#2804,.F.);
#2027=ORIENTED_EDGE('',*,*,#2811,.F.);
#2028=ORIENTED_EDGE('',*,*,#2812,.F.);
#2029=ORIENTED_EDGE('',*,*,#2813,.T.);
#2030=ORIENTED_EDGE('',*,*,#2814,.T.);
#2031=ORIENTED_EDGE('',*,*,#2815,.T.);
#2032=ORIENTED_EDGE('',*,*,#2816,.T.);
#2033=ORIENTED_EDGE('',*,*,#2817,.T.);
#2034=ORIENTED_EDGE('',*,*,#2814,.F.);
#2035=ORIENTED_EDGE('',*,*,#2818,.T.);
#2036=ORIENTED_EDGE('',*,*,#2819,.T.);
#2037=ORIENTED_EDGE('',*,*,#2820,.F.);
#2038=ORIENTED_EDGE('',*,*,#2816,.F.);
#2039=ORIENTED_EDGE('',*,*,#2821,.T.);
#2040=ORIENTED_EDGE('',*,*,#2822,.T.);
#2041=ORIENTED_EDGE('',*,*,#2823,.F.);
#2042=ORIENTED_EDGE('',*,*,#2815,.F.);
#2043=ORIENTED_EDGE('',*,*,#2820,.T.);
#2044=ORIENTED_EDGE('',*,*,#2824,.T.);
#2045=ORIENTED_EDGE('',*,*,#2821,.F.);
#2046=ORIENTED_EDGE('',*,*,#2825,.F.);
#2047=ORIENTED_EDGE('',*,*,#2826,.F.);
#2048=ORIENTED_EDGE('',*,*,#2822,.F.);
#2049=ORIENTED_EDGE('',*,*,#2824,.F.);
#2050=ORIENTED_EDGE('',*,*,#2819,.F.);
#2051=ORIENTED_EDGE('',*,*,#2827,.F.);
#2052=ORIENTED_EDGE('',*,*,#2812,.T.);
#2053=ORIENTED_EDGE('',*,*,#2828,.F.);
#2054=ORIENTED_EDGE('',*,*,#2829,.T.);
#2055=ORIENTED_EDGE('',*,*,#2830,.T.);
#2056=ORIENTED_EDGE('',*,*,#2831,.F.);
#2057=ORIENTED_EDGE('',*,*,#2832,.T.);
#2058=ORIENTED_EDGE('',*,*,#2833,.T.);
#2059=ORIENTED_EDGE('',*,*,#2834,.T.);
#2060=ORIENTED_EDGE('',*,*,#2835,.T.);
#2061=ORIENTED_EDGE('',*,*,#2836,.T.);
#2062=ORIENTED_EDGE('',*,*,#2837,.T.);
#2063=ORIENTED_EDGE('',*,*,#2838,.T.);
#2064=ORIENTED_EDGE('',*,*,#2833,.F.);
#2065=ORIENTED_EDGE('',*,*,#2839,.F.);
#2066=ORIENTED_EDGE('',*,*,#2840,.T.);
#2067=ORIENTED_EDGE('',*,*,#2841,.T.);
#2068=ORIENTED_EDGE('',*,*,#2835,.F.);
#2069=ORIENTED_EDGE('',*,*,#2842,.F.);
#2070=ORIENTED_EDGE('',*,*,#2843,.T.);
#2071=ORIENTED_EDGE('',*,*,#2842,.T.);
#2072=ORIENTED_EDGE('',*,*,#2834,.F.);
#2073=ORIENTED_EDGE('',*,*,#2838,.F.);
#2074=ORIENTED_EDGE('',*,*,#2829,.F.);
#2075=ORIENTED_EDGE('',*,*,#2844,.F.);
#2076=ORIENTED_EDGE('',*,*,#2840,.F.);
#2077=ORIENTED_EDGE('',*,*,#2843,.F.);
#2078=ORIENTED_EDGE('',*,*,#2837,.F.);
#2079=ORIENTED_EDGE('',*,*,#2845,.F.);
#2080=ORIENTED_EDGE('',*,*,#2831,.T.);
#2081=ORIENTED_EDGE('',*,*,#2846,.F.);
#2082=ORIENTED_EDGE('',*,*,#2847,.F.);
#2083=ORIENTED_EDGE('',*,*,#2848,.T.);
#2084=ORIENTED_EDGE('',*,*,#2825,.T.);
#2085=ORIENTED_EDGE('',*,*,#2849,.T.);
#2086=ORIENTED_EDGE('',*,*,#2784,.T.);
#2087=ORIENTED_EDGE('',*,*,#2850,.F.);
#2088=ORIENTED_EDGE('',*,*,#2851,.F.);
#2089=ORIENTED_EDGE('',*,*,#2852,.F.);
#2090=ORIENTED_EDGE('',*,*,#2853,.T.);
#2091=ORIENTED_EDGE('',*,*,#2809,.F.);
#2092=ORIENTED_EDGE('',*,*,#2852,.T.);
#2093=ORIENTED_EDGE('',*,*,#2854,.T.);
#2094=ORIENTED_EDGE('',*,*,#2855,.T.);
#2095=ORIENTED_EDGE('',*,*,#2856,.T.);
#2096=ORIENTED_EDGE('',*,*,#2857,.T.);
#2097=ORIENTED_EDGE('',*,*,#2858,.T.);
#2098=ORIENTED_EDGE('',*,*,#2859,.T.);
#2099=ORIENTED_EDGE('',*,*,#2860,.T.);
#2100=ORIENTED_EDGE('',*,*,#2861,.T.);
#2101=ORIENTED_EDGE('',*,*,#2862,.T.);
#2102=ORIENTED_EDGE('',*,*,#2851,.T.);
#2103=ORIENTED_EDGE('',*,*,#2811,.T.);
#2104=ORIENTED_EDGE('',*,*,#2803,.F.);
#2105=ORIENTED_EDGE('',*,*,#2785,.F.);
#2106=ORIENTED_EDGE('',*,*,#2849,.F.);
#2107=ORIENTED_EDGE('',*,*,#2827,.T.);
#2108=ORIENTED_EDGE('',*,*,#2818,.F.);
#2109=ORIENTED_EDGE('',*,*,#2813,.F.);
#2110=ORIENTED_EDGE('',*,*,#2830,.F.);
#2111=ORIENTED_EDGE('',*,*,#2845,.T.);
#2112=ORIENTED_EDGE('',*,*,#2839,.T.);
#2113=ORIENTED_EDGE('',*,*,#2832,.F.);
#2114=ORIENTED_EDGE('',*,*,#2848,.F.);
#2115=ORIENTED_EDGE('',*,*,#2863,.T.);
#2116=ORIENTED_EDGE('',*,*,#2864,.T.);
#2117=ORIENTED_EDGE('',*,*,#2854,.F.);
#2118=ORIENTED_EDGE('',*,*,#2853,.F.);
#2119=ORIENTED_EDGE('',*,*,#2862,.F.);
#2120=ORIENTED_EDGE('',*,*,#2865,.F.);
#2121=ORIENTED_EDGE('',*,*,#2866,.T.);
#2122=ORIENTED_EDGE('',*,*,#2846,.T.);
#2123=ORIENTED_EDGE('',*,*,#2836,.F.);
#2124=ORIENTED_EDGE('',*,*,#2841,.F.);
#2125=ORIENTED_EDGE('',*,*,#2844,.T.);
#2126=ORIENTED_EDGE('',*,*,#2828,.T.);
#2127=ORIENTED_EDGE('',*,*,#2817,.F.);
#2128=ORIENTED_EDGE('',*,*,#2823,.T.);
#2129=ORIENTED_EDGE('',*,*,#2826,.T.);
#2130=ORIENTED_EDGE('',*,*,#2850,.T.);
#2131=ORIENTED_EDGE('',*,*,#2793,.F.);
#2132=ORIENTED_EDGE('',*,*,#2807,.T.);
#2133=ORIENTED_EDGE('',*,*,#2810,.T.);
#2134=ORIENTED_EDGE('',*,*,#2867,.T.);
#2135=ORIENTED_EDGE('',*,*,#2868,.T.);
#2136=ORIENTED_EDGE('',*,*,#2859,.F.);
#2137=ORIENTED_EDGE('',*,*,#2869,.F.);
#2138=ORIENTED_EDGE('',*,*,#2870,.T.);
#2139=ORIENTED_EDGE('',*,*,#2869,.T.);
#2140=ORIENTED_EDGE('',*,*,#2858,.F.);
#2141=ORIENTED_EDGE('',*,*,#2871,.F.);
#2142=ORIENTED_EDGE('',*,*,#2872,.T.);
#2143=ORIENTED_EDGE('',*,*,#2871,.T.);
#2144=ORIENTED_EDGE('',*,*,#2857,.F.);
#2145=ORIENTED_EDGE('',*,*,#2873,.F.);
#2146=ORIENTED_EDGE('',*,*,#2874,.T.);
#2147=ORIENTED_EDGE('',*,*,#2873,.T.);
#2148=ORIENTED_EDGE('',*,*,#2856,.F.);
#2149=ORIENTED_EDGE('',*,*,#2875,.F.);
#2150=ORIENTED_EDGE('',*,*,#2876,.T.);
#2151=ORIENTED_EDGE('',*,*,#2875,.T.);
#2152=ORIENTED_EDGE('',*,*,#2855,.F.);
#2153=ORIENTED_EDGE('',*,*,#2864,.F.);
#2154=ORIENTED_EDGE('',*,*,#2877,.T.);
#2155=ORIENTED_EDGE('',*,*,#2865,.T.);
#2156=ORIENTED_EDGE('',*,*,#2861,.F.);
#2157=ORIENTED_EDGE('',*,*,#2878,.F.);
#2158=ORIENTED_EDGE('',*,*,#2879,.T.);
#2159=ORIENTED_EDGE('',*,*,#2878,.T.);
#2160=ORIENTED_EDGE('',*,*,#2860,.F.);
#2161=ORIENTED_EDGE('',*,*,#2868,.F.);
#2162=ORIENTED_EDGE('',*,*,#2847,.T.);
#2163=ORIENTED_EDGE('',*,*,#2866,.F.);
#2164=ORIENTED_EDGE('',*,*,#2877,.F.);
#2165=ORIENTED_EDGE('',*,*,#2879,.F.);
#2166=ORIENTED_EDGE('',*,*,#2867,.F.);
#2167=ORIENTED_EDGE('',*,*,#2870,.F.);
#2168=ORIENTED_EDGE('',*,*,#2872,.F.);
#2169=ORIENTED_EDGE('',*,*,#2874,.F.);
#2170=ORIENTED_EDGE('',*,*,#2876,.F.);
#2171=ORIENTED_EDGE('',*,*,#2863,.F.);
#2172=ORIENTED_EDGE('',*,*,#2880,.T.);
#2173=ORIENTED_EDGE('',*,*,#2881,.F.);
#2174=ORIENTED_EDGE('',*,*,#2882,.F.);
#2175=ORIENTED_EDGE('',*,*,#2883,.F.);
#2176=ORIENTED_EDGE('',*,*,#2884,.F.);
#2177=ORIENTED_EDGE('',*,*,#2885,.F.);
#2178=ORIENTED_EDGE('',*,*,#2886,.F.);
#2179=ORIENTED_EDGE('',*,*,#2887,.T.);
#2180=ORIENTED_EDGE('',*,*,#2882,.T.);
#2181=ORIENTED_EDGE('',*,*,#2888,.F.);
#2182=ORIENTED_EDGE('',*,*,#2889,.F.);
#2183=ORIENTED_EDGE('',*,*,#2890,.T.);
#2184=ORIENTED_EDGE('',*,*,#2883,.T.);
#2185=ORIENTED_EDGE('',*,*,#2887,.F.);
#2186=ORIENTED_EDGE('',*,*,#2891,.F.);
#2187=ORIENTED_EDGE('',*,*,#2892,.T.);
#2188=ORIENTED_EDGE('',*,*,#2884,.T.);
#2189=ORIENTED_EDGE('',*,*,#2890,.F.);
#2190=ORIENTED_EDGE('',*,*,#2893,.T.);
#2191=ORIENTED_EDGE('',*,*,#2894,.T.);
#2192=ORIENTED_EDGE('',*,*,#2891,.T.);
#2193=ORIENTED_EDGE('',*,*,#2889,.T.);
#2194=ORIENTED_EDGE('',*,*,#2886,.T.);
#2195=ORIENTED_EDGE('',*,*,#2895,.T.);
#2196=ORIENTED_EDGE('',*,*,#2893,.F.);
#2197=ORIENTED_EDGE('',*,*,#2896,.F.);
#2198=ORIENTED_EDGE('',*,*,#2897,.T.);
#2199=ORIENTED_EDGE('',*,*,#2898,.T.);
#2200=ORIENTED_EDGE('',*,*,#2897,.F.);
#2201=ORIENTED_EDGE('',*,*,#2899,.F.);
#2202=ORIENTED_EDGE('',*,*,#2900,.F.);
#2203=ORIENTED_EDGE('',*,*,#2901,.F.);
#2204=ORIENTED_EDGE('',*,*,#2902,.F.);
#2205=ORIENTED_EDGE('',*,*,#2903,.F.);
#2206=ORIENTED_EDGE('',*,*,#2904,.F.);
#2207=ORIENTED_EDGE('',*,*,#2905,.F.);
#2208=ORIENTED_EDGE('',*,*,#2906,.F.);
#2209=ORIENTED_EDGE('',*,*,#2880,.F.);
#2210=ORIENTED_EDGE('',*,*,#2906,.T.);
#2211=ORIENTED_EDGE('',*,*,#2907,.F.);
#2212=ORIENTED_EDGE('',*,*,#2908,.F.);
#2213=ORIENTED_EDGE('',*,*,#2899,.T.);
#2214=ORIENTED_EDGE('',*,*,#2896,.T.);
#2215=ORIENTED_EDGE('',*,*,#2895,.F.);
#2216=ORIENTED_EDGE('',*,*,#2888,.T.);
#2217=ORIENTED_EDGE('',*,*,#2881,.T.);
#2218=ORIENTED_EDGE('',*,*,#2904,.T.);
#2219=ORIENTED_EDGE('',*,*,#2885,.T.);
#2220=ORIENTED_EDGE('',*,*,#2892,.F.);
#2221=ORIENTED_EDGE('',*,*,#2894,.F.);
#2222=ORIENTED_EDGE('',*,*,#2898,.F.);
#2223=ORIENTED_EDGE('',*,*,#2903,.T.);
#2224=ORIENTED_EDGE('',*,*,#2909,.T.);
#2225=ORIENTED_EDGE('',*,*,#2910,.F.);
#2226=ORIENTED_EDGE('',*,*,#2900,.T.);
#2227=ORIENTED_EDGE('',*,*,#2908,.T.);
#2228=ORIENTED_EDGE('',*,*,#2911,.F.);
#2229=ORIENTED_EDGE('',*,*,#2912,.F.);
#2230=ORIENTED_EDGE('',*,*,#2901,.T.);
#2231=ORIENTED_EDGE('',*,*,#2912,.T.);
#2232=ORIENTED_EDGE('',*,*,#2913,.F.);
#2233=ORIENTED_EDGE('',*,*,#2914,.F.);
#2234=ORIENTED_EDGE('',*,*,#2902,.T.);
#2235=ORIENTED_EDGE('',*,*,#2914,.T.);
#2236=ORIENTED_EDGE('',*,*,#2915,.F.);
#2237=ORIENTED_EDGE('',*,*,#2909,.F.);
#2238=ORIENTED_EDGE('',*,*,#2905,.T.);
#2239=ORIENTED_EDGE('',*,*,#2910,.T.);
#2240=ORIENTED_EDGE('',*,*,#2915,.T.);
#2241=ORIENTED_EDGE('',*,*,#2913,.T.);
#2242=ORIENTED_EDGE('',*,*,#2911,.T.);
#2243=ORIENTED_EDGE('',*,*,#2907,.T.);
#2244=ORIENTED_EDGE('',*,*,#2916,.F.);
#2245=ORIENTED_EDGE('',*,*,#2917,.T.);
#2246=ORIENTED_EDGE('',*,*,#2918,.T.);
#2247=ORIENTED_EDGE('',*,*,#2919,.T.);
#2248=ORIENTED_EDGE('',*,*,#2920,.T.);
#2249=ORIENTED_EDGE('',*,*,#2921,.T.);
#2250=ORIENTED_EDGE('',*,*,#2918,.F.);
#2251=ORIENTED_EDGE('',*,*,#2922,.T.);
#2252=ORIENTED_EDGE('',*,*,#2923,.T.);
#2253=ORIENTED_EDGE('',*,*,#2924,.F.);
#2254=ORIENTED_EDGE('',*,*,#2920,.F.);
#2255=ORIENTED_EDGE('',*,*,#2925,.T.);
#2256=ORIENTED_EDGE('',*,*,#2926,.T.);
#2257=ORIENTED_EDGE('',*,*,#2927,.F.);
#2258=ORIENTED_EDGE('',*,*,#2919,.F.);
#2259=ORIENTED_EDGE('',*,*,#2924,.T.);
#2260=ORIENTED_EDGE('',*,*,#2928,.T.);
#2261=ORIENTED_EDGE('',*,*,#2925,.F.);
#2262=ORIENTED_EDGE('',*,*,#2929,.T.);
#2263=ORIENTED_EDGE('',*,*,#2930,.F.);
#2264=ORIENTED_EDGE('',*,*,#2926,.F.);
#2265=ORIENTED_EDGE('',*,*,#2928,.F.);
#2266=ORIENTED_EDGE('',*,*,#2923,.F.);
#2267=ORIENTED_EDGE('',*,*,#2931,.F.);
#2268=ORIENTED_EDGE('',*,*,#2916,.T.);
#2269=ORIENTED_EDGE('',*,*,#2932,.F.);
#2270=ORIENTED_EDGE('',*,*,#2933,.F.);
#2271=ORIENTED_EDGE('',*,*,#2934,.T.);
#2272=ORIENTED_EDGE('',*,*,#2935,.T.);
#2273=ORIENTED_EDGE('',*,*,#2929,.F.);
#2274=ORIENTED_EDGE('',*,*,#2936,.F.);
#2275=ORIENTED_EDGE('',*,*,#2937,.F.);
#2276=ORIENTED_EDGE('',*,*,#2937,.T.);
#2277=ORIENTED_EDGE('',*,*,#2938,.T.);
#2278=ORIENTED_EDGE('',*,*,#2939,.T.);
#2279=ORIENTED_EDGE('',*,*,#2940,.T.);
#2280=ORIENTED_EDGE('',*,*,#2941,.T.);
#2281=ORIENTED_EDGE('',*,*,#2942,.T.);
#2282=ORIENTED_EDGE('',*,*,#2936,.T.);
#2283=ORIENTED_EDGE('',*,*,#2931,.T.);
#2284=ORIENTED_EDGE('',*,*,#2922,.F.);
#2285=ORIENTED_EDGE('',*,*,#2917,.F.);
#2286=ORIENTED_EDGE('',*,*,#2934,.F.);
#2287=ORIENTED_EDGE('',*,*,#2943,.T.);
#2288=ORIENTED_EDGE('',*,*,#2944,.T.);
#2289=ORIENTED_EDGE('',*,*,#2938,.F.);
#2290=ORIENTED_EDGE('',*,*,#2945,.T.);
#2291=ORIENTED_EDGE('',*,*,#2946,.T.);
#2292=ORIENTED_EDGE('',*,*,#2939,.F.);
#2293=ORIENTED_EDGE('',*,*,#2944,.F.);
#2294=ORIENTED_EDGE('',*,*,#2935,.F.);
#2295=ORIENTED_EDGE('',*,*,#2942,.F.);
#2296=ORIENTED_EDGE('',*,*,#2947,.F.);
#2297=ORIENTED_EDGE('',*,*,#2948,.T.);
#2298=ORIENTED_EDGE('',*,*,#2932,.T.);
#2299=ORIENTED_EDGE('',*,*,#2921,.F.);
#2300=ORIENTED_EDGE('',*,*,#2927,.T.);
#2301=ORIENTED_EDGE('',*,*,#2930,.T.);
#2302=ORIENTED_EDGE('',*,*,#2949,.T.);
#2303=ORIENTED_EDGE('',*,*,#2947,.T.);
#2304=ORIENTED_EDGE('',*,*,#2941,.F.);
#2305=ORIENTED_EDGE('',*,*,#2950,.F.);
#2306=ORIENTED_EDGE('',*,*,#2951,.T.);
#2307=ORIENTED_EDGE('',*,*,#2950,.T.);
#2308=ORIENTED_EDGE('',*,*,#2940,.F.);
#2309=ORIENTED_EDGE('',*,*,#2946,.F.);
#2310=ORIENTED_EDGE('',*,*,#2933,.T.);
#2311=ORIENTED_EDGE('',*,*,#2948,.F.);
#2312=ORIENTED_EDGE('',*,*,#2949,.F.);
#2313=ORIENTED_EDGE('',*,*,#2951,.F.);
#2314=ORIENTED_EDGE('',*,*,#2945,.F.);
#2315=ORIENTED_EDGE('',*,*,#2943,.F.);
#2316=ORIENTED_EDGE('',*,*,#2952,.F.);
#2317=ORIENTED_EDGE('',*,*,#2953,.F.);
#2318=ORIENTED_EDGE('',*,*,#2954,.F.);
#2319=ORIENTED_EDGE('',*,*,#2955,.F.);
#2320=ORIENTED_EDGE('',*,*,#2956,.F.);
#2321=ORIENTED_EDGE('',*,*,#2957,.F.);
#2322=ORIENTED_EDGE('',*,*,#2958,.F.);
#2323=ORIENTED_EDGE('',*,*,#2959,.F.);
#2324=ORIENTED_EDGE('',*,*,#2952,.T.);
#2325=ORIENTED_EDGE('',*,*,#2960,.F.);
#2326=ORIENTED_EDGE('',*,*,#2961,.F.);
#2327=ORIENTED_EDGE('',*,*,#2962,.F.);
#2328=ORIENTED_EDGE('',*,*,#2954,.T.);
#2329=ORIENTED_EDGE('',*,*,#2963,.F.);
#2330=ORIENTED_EDGE('',*,*,#2964,.T.);
#2331=ORIENTED_EDGE('',*,*,#2965,.F.);
#2332=ORIENTED_EDGE('',*,*,#2953,.T.);
#2333=ORIENTED_EDGE('',*,*,#2962,.T.);
#2334=ORIENTED_EDGE('',*,*,#2966,.T.);
#2335=ORIENTED_EDGE('',*,*,#2967,.T.);
#2336=ORIENTED_EDGE('',*,*,#2959,.T.);
#2337=ORIENTED_EDGE('',*,*,#2968,.T.);
#2338=ORIENTED_EDGE('',*,*,#2969,.T.);
#2339=ORIENTED_EDGE('',*,*,#2963,.T.);
#2340=ORIENTED_EDGE('',*,*,#2956,.T.);
#2341=ORIENTED_EDGE('',*,*,#2967,.F.);
#2342=ORIENTED_EDGE('',*,*,#2970,.T.);
#2343=ORIENTED_EDGE('',*,*,#2971,.F.);
#2344=ORIENTED_EDGE('',*,*,#2958,.T.);
#2345=ORIENTED_EDGE('',*,*,#2972,.F.);
#2346=ORIENTED_EDGE('',*,*,#2973,.F.);
#2347=ORIENTED_EDGE('',*,*,#2968,.F.);
#2348=ORIENTED_EDGE('',*,*,#2966,.F.);
#2349=ORIENTED_EDGE('',*,*,#2961,.T.);
#2350=ORIENTED_EDGE('',*,*,#2974,.F.);
#2351=ORIENTED_EDGE('',*,*,#2970,.F.);
#2352=ORIENTED_EDGE('',*,*,#2969,.F.);
#2353=ORIENTED_EDGE('',*,*,#2973,.T.);
#2354=ORIENTED_EDGE('',*,*,#2975,.F.);
#2355=ORIENTED_EDGE('',*,*,#2964,.F.);
#2356=ORIENTED_EDGE('',*,*,#2955,.T.);
#2357=ORIENTED_EDGE('',*,*,#2965,.T.);
#2358=ORIENTED_EDGE('',*,*,#2975,.T.);
#2359=ORIENTED_EDGE('',*,*,#2972,.T.);
#2360=ORIENTED_EDGE('',*,*,#2957,.T.);
#2361=ORIENTED_EDGE('',*,*,#2971,.T.);
#2362=ORIENTED_EDGE('',*,*,#2974,.T.);
#2363=ORIENTED_EDGE('',*,*,#2960,.T.);
#2364=ORIENTED_EDGE('',*,*,#2976,.F.);
#2365=ORIENTED_EDGE('',*,*,#2977,.F.);
#2366=ORIENTED_EDGE('',*,*,#2978,.F.);
#2367=ORIENTED_EDGE('',*,*,#2979,.F.);
#2368=ORIENTED_EDGE('',*,*,#2980,.F.);
#2369=ORIENTED_EDGE('',*,*,#2981,.F.);
#2370=ORIENTED_EDGE('',*,*,#2982,.F.);
#2371=ORIENTED_EDGE('',*,*,#2983,.F.);
#2372=ORIENTED_EDGE('',*,*,#2976,.T.);
#2373=ORIENTED_EDGE('',*,*,#2984,.T.);
#2374=ORIENTED_EDGE('',*,*,#2985,.T.);
#2375=ORIENTED_EDGE('',*,*,#2986,.T.);
#2376=ORIENTED_EDGE('',*,*,#2978,.T.);
#2377=ORIENTED_EDGE('',*,*,#2987,.T.);
#2378=ORIENTED_EDGE('',*,*,#2988,.F.);
#2379=ORIENTED_EDGE('',*,*,#2989,.T.);
#2380=ORIENTED_EDGE('',*,*,#2977,.T.);
#2381=ORIENTED_EDGE('',*,*,#2986,.F.);
#2382=ORIENTED_EDGE('',*,*,#2990,.F.);
#2383=ORIENTED_EDGE('',*,*,#2991,.F.);
#2384=ORIENTED_EDGE('',*,*,#2983,.T.);
#2385=ORIENTED_EDGE('',*,*,#2992,.F.);
#2386=ORIENTED_EDGE('',*,*,#2993,.F.);
#2387=ORIENTED_EDGE('',*,*,#2987,.F.);
#2388=ORIENTED_EDGE('',*,*,#2980,.T.);
#2389=ORIENTED_EDGE('',*,*,#2991,.T.);
#2390=ORIENTED_EDGE('',*,*,#2994,.F.);
#2391=ORIENTED_EDGE('',*,*,#2995,.T.);
#2392=ORIENTED_EDGE('',*,*,#2982,.T.);
#2393=ORIENTED_EDGE('',*,*,#2996,.T.);
#2394=ORIENTED_EDGE('',*,*,#2997,.T.);
#2395=ORIENTED_EDGE('',*,*,#2992,.T.);
#2396=ORIENTED_EDGE('',*,*,#2998,.T.);
#2397=ORIENTED_EDGE('',*,*,#2994,.T.);
#2398=ORIENTED_EDGE('',*,*,#2990,.T.);
#2399=ORIENTED_EDGE('',*,*,#2985,.F.);
#2400=ORIENTED_EDGE('',*,*,#2999,.T.);
#2401=ORIENTED_EDGE('',*,*,#2988,.T.);
#2402=ORIENTED_EDGE('',*,*,#2993,.T.);
#2403=ORIENTED_EDGE('',*,*,#2997,.F.);
#2404=ORIENTED_EDGE('',*,*,#2979,.T.);
#2405=ORIENTED_EDGE('',*,*,#2989,.F.);
#2406=ORIENTED_EDGE('',*,*,#2999,.F.);
#2407=ORIENTED_EDGE('',*,*,#2996,.F.);
#2408=ORIENTED_EDGE('',*,*,#2981,.T.);
#2409=ORIENTED_EDGE('',*,*,#2995,.F.);
#2410=ORIENTED_EDGE('',*,*,#2998,.F.);
#2411=ORIENTED_EDGE('',*,*,#2984,.F.);
#2412=EDGE_CURVE('',#3000,#3001,#3392,.T.);
#2413=EDGE_CURVE('',#3000,#3002,#332,.T.);
#2414=EDGE_CURVE('',#3003,#3002,#3393,.T.);
#2415=EDGE_CURVE('',#3001,#3003,#333,.T.);
#2416=EDGE_CURVE('',#3001,#3004,#3394,.T.);
#2417=EDGE_CURVE('',#3005,#3003,#3395,.T.);
#2418=EDGE_CURVE('',#3004,#3005,#334,.T.);
#2419=EDGE_CURVE('',#3004,#3006,#3396,.T.);
#2420=EDGE_CURVE('',#3007,#3005,#3397,.T.);
#2421=EDGE_CURVE('',#3006,#3007,#335,.T.);
#2422=EDGE_CURVE('',#3006,#3008,#3398,.T.);
#2423=EDGE_CURVE('',#3009,#3007,#3399,.T.);
#2424=EDGE_CURVE('',#3008,#3009,#336,.T.);
#2425=EDGE_CURVE('',#3008,#3010,#3400,.T.);
#2426=EDGE_CURVE('',#3011,#3009,#3401,.T.);
#2427=EDGE_CURVE('',#3010,#3011,#337,.T.);
#2428=EDGE_CURVE('',#3010,#3012,#3402,.T.);
#2429=EDGE_CURVE('',#3013,#3011,#3403,.T.);
#2430=EDGE_CURVE('',#3012,#3013,#338,.T.);
#2431=EDGE_CURVE('',#3012,#3014,#3404,.T.);
#2432=EDGE_CURVE('',#3015,#3013,#3405,.T.);
#2433=EDGE_CURVE('',#3014,#3015,#339,.T.);
#2434=EDGE_CURVE('',#3014,#3000,#3406,.T.);
#2435=EDGE_CURVE('',#3002,#3015,#3407,.T.);
#2436=EDGE_CURVE('',#3016,#3017,#340,.T.);
#2437=EDGE_CURVE('',#3016,#3018,#341,.T.);
#2438=EDGE_CURVE('',#3019,#3018,#342,.T.);
#2439=EDGE_CURVE('',#3017,#3019,#343,.T.);
#2440=EDGE_CURVE('',#3017,#3020,#344,.T.);
#2441=EDGE_CURVE('',#3021,#3019,#345,.T.);
#2442=EDGE_CURVE('',#3020,#3021,#346,.T.);
#2443=EDGE_CURVE('',#3020,#3022,#347,.T.);
#2444=EDGE_CURVE('',#3023,#3021,#348,.T.);
#2445=EDGE_CURVE('',#3022,#3023,#349,.T.);
#2446=EDGE_CURVE('',#3022,#3024,#350,.T.);
#2447=EDGE_CURVE('',#3025,#3023,#351,.T.);
#2448=EDGE_CURVE('',#3024,#3025,#352,.T.);
#2449=EDGE_CURVE('',#3024,#3026,#3408,.T.);
#2450=EDGE_CURVE('',#3027,#3025,#3409,.T.);
#2451=EDGE_CURVE('',#3026,#3027,#353,.T.);
#2452=EDGE_CURVE('',#3026,#3028,#3410,.T.);
#2453=EDGE_CURVE('',#3029,#3027,#3411,.T.);
#2454=EDGE_CURVE('',#3028,#3029,#354,.T.);
#2455=EDGE_CURVE('',#3028,#3030,#3412,.T.);
#2456=EDGE_CURVE('',#3031,#3029,#3413,.T.);
#2457=EDGE_CURVE('',#3030,#3031,#355,.T.);
#2458=EDGE_CURVE('',#3030,#3032,#3414,.T.);
#2459=EDGE_CURVE('',#3033,#3031,#3415,.T.);
#2460=EDGE_CURVE('',#3032,#3033,#356,.T.);
#2461=EDGE_CURVE('',#3032,#3034,#3416,.T.);
#2462=EDGE_CURVE('',#3035,#3033,#3417,.T.);
#2463=EDGE_CURVE('',#3034,#3035,#357,.T.);
#2464=EDGE_CURVE('',#3034,#3036,#3418,.T.);
#2465=EDGE_CURVE('',#3037,#3035,#3419,.T.);
#2466=EDGE_CURVE('',#3036,#3037,#358,.T.);
#2467=EDGE_CURVE('',#3036,#3038,#3420,.T.);
#2468=EDGE_CURVE('',#3039,#3037,#3421,.T.);
#2469=EDGE_CURVE('',#3038,#3039,#359,.T.);
#2470=EDGE_CURVE('',#3038,#3040,#3422,.T.);
#2471=EDGE_CURVE('',#3041,#3039,#3423,.T.);
#2472=EDGE_CURVE('',#3040,#3041,#360,.T.);
#2473=EDGE_CURVE('',#3040,#3016,#361,.T.);
#2474=EDGE_CURVE('',#3018,#3041,#362,.T.);
#2475=EDGE_CURVE('',#3042,#3043,#363,.T.);
#2476=EDGE_CURVE('',#3042,#3044,#364,.T.);
#2477=EDGE_CURVE('',#3045,#3044,#365,.T.);
#2478=EDGE_CURVE('',#3043,#3045,#366,.T.);
#2479=EDGE_CURVE('',#3043,#3046,#367,.T.);
#2480=EDGE_CURVE('',#3047,#3045,#368,.T.);
#2481=EDGE_CURVE('',#3046,#3047,#369,.T.);
#2482=EDGE_CURVE('',#3046,#3048,#370,.T.);
#2483=EDGE_CURVE('',#3049,#3047,#371,.T.);
#2484=EDGE_CURVE('',#3048,#3049,#372,.T.);
#2485=EDGE_CURVE('',#3048,#3050,#3424,.T.);
#2486=EDGE_CURVE('',#3051,#3049,#3425,.T.);
#2487=EDGE_CURVE('',#3050,#3051,#373,.T.);
#2488=EDGE_CURVE('',#3050,#3052,#3426,.T.);
#2489=EDGE_CURVE('',#3053,#3051,#3427,.T.);
#2490=EDGE_CURVE('',#3052,#3053,#374,.T.);
#2491=EDGE_CURVE('',#3052,#3054,#3428,.T.);
#2492=EDGE_CURVE('',#3055,#3053,#3429,.T.);
#2493=EDGE_CURVE('',#3054,#3055,#375,.T.);
#2494=EDGE_CURVE('',#3054,#3056,#376,.T.);
#2495=EDGE_CURVE('',#3057,#3055,#377,.T.);
#2496=EDGE_CURVE('',#3056,#3057,#378,.T.);
#2497=EDGE_CURVE('',#3056,#3058,#3430,.T.);
#2498=EDGE_CURVE('',#3059,#3057,#3431,.T.);
#2499=EDGE_CURVE('',#3058,#3059,#379,.T.);
#2500=EDGE_CURVE('',#3058,#3060,#3432,.T.);
#2501=EDGE_CURVE('',#3061,#3059,#3433,.T.);
#2502=EDGE_CURVE('',#3060,#3061,#380,.T.);
#2503=EDGE_CURVE('',#3060,#3062,#3434,.T.);
#2504=EDGE_CURVE('',#3063,#3061,#3435,.T.);
#2505=EDGE_CURVE('',#3062,#3063,#381,.T.);
#2506=EDGE_CURVE('',#3062,#3064,#3436,.T.);
#2507=EDGE_CURVE('',#3065,#3063,#3437,.T.);
#2508=EDGE_CURVE('',#3064,#3065,#382,.T.);
#2509=EDGE_CURVE('',#3064,#3066,#383,.T.);
#2510=EDGE_CURVE('',#3067,#3065,#384,.T.);
#2511=EDGE_CURVE('',#3066,#3067,#385,.T.);
#2512=EDGE_CURVE('',#3066,#3042,#386,.T.);
#2513=EDGE_CURVE('',#3044,#3067,#387,.T.);
#2514=EDGE_CURVE('',#3068,#3069,#388,.T.);
#2515=EDGE_CURVE('',#3068,#3070,#389,.T.);
#2516=EDGE_CURVE('',#3071,#3070,#390,.T.);
#2517=EDGE_CURVE('',#3069,#3071,#391,.T.);
#2518=EDGE_CURVE('',#3069,#3072,#392,.T.);
#2519=EDGE_CURVE('',#3073,#3071,#393,.T.);
#2520=EDGE_CURVE('',#3072,#3073,#394,.T.);
#2521=EDGE_CURVE('',#3072,#3074,#395,.T.);
#2522=EDGE_CURVE('',#3075,#3073,#396,.T.);
#2523=EDGE_CURVE('',#3074,#3075,#397,.T.);
#2524=EDGE_CURVE('',#3074,#3076,#3438,.T.);
#2525=EDGE_CURVE('',#3077,#3075,#3439,.T.);
#2526=EDGE_CURVE('',#3076,#3077,#398,.T.);
#2527=EDGE_CURVE('',#3076,#3078,#3440,.T.);
#2528=EDGE_CURVE('',#3079,#3077,#3441,.T.);
#2529=EDGE_CURVE('',#3078,#3079,#399,.T.);
#2530=EDGE_CURVE('',#3078,#3080,#3442,.T.);
#2531=EDGE_CURVE('',#3081,#3079,#3443,.T.);
#2532=EDGE_CURVE('',#3080,#3081,#400,.T.);
#2533=EDGE_CURVE('',#3080,#3082,#401,.T.);
#2534=EDGE_CURVE('',#3083,#3081,#402,.T.);
#2535=EDGE_CURVE('',#3082,#3083,#403,.T.);
#2536=EDGE_CURVE('',#3082,#3084,#3444,.T.);
#2537=EDGE_CURVE('',#3085,#3083,#3445,.T.);
#2538=EDGE_CURVE('',#3084,#3085,#404,.T.);
#2539=EDGE_CURVE('',#3084,#3086,#3446,.T.);
#2540=EDGE_CURVE('',#3087,#3085,#3447,.T.);
#2541=EDGE_CURVE('',#3086,#3087,#405,.T.);
#2542=EDGE_CURVE('',#3086,#3088,#3448,.T.);
#2543=EDGE_CURVE('',#3089,#3087,#3449,.T.);
#2544=EDGE_CURVE('',#3088,#3089,#406,.T.);
#2545=EDGE_CURVE('',#3088,#3090,#3450,.T.);
#2546=EDGE_CURVE('',#3091,#3089,#3451,.T.);
#2547=EDGE_CURVE('',#3090,#3091,#407,.T.);
#2548=EDGE_CURVE('',#3090,#3092,#408,.T.);
#2549=EDGE_CURVE('',#3093,#3091,#409,.T.);
#2550=EDGE_CURVE('',#3092,#3093,#410,.T.);
#2551=EDGE_CURVE('',#3092,#3068,#411,.T.);
#2552=EDGE_CURVE('',#3070,#3093,#412,.T.);
#2553=EDGE_CURVE('',#3094,#3095,#3452,.T.);
#2554=EDGE_CURVE('',#3094,#3096,#413,.T.);
#2555=EDGE_CURVE('',#3097,#3096,#3453,.T.);
#2556=EDGE_CURVE('',#3095,#3097,#414,.T.);
#2557=EDGE_CURVE('',#3095,#3098,#3454,.T.);
#2558=EDGE_CURVE('',#3099,#3097,#3455,.T.);
#2559=EDGE_CURVE('',#3098,#3099,#415,.T.);
#2560=EDGE_CURVE('',#3098,#3100,#3456,.T.);
#2561=EDGE_CURVE('',#3101,#3099,#3457,.T.);
#2562=EDGE_CURVE('',#3100,#3101,#416,.T.);
#2563=EDGE_CURVE('',#3100,#3102,#3458,.T.);
#2564=EDGE_CURVE('',#3103,#3101,#3459,.T.);
#2565=EDGE_CURVE('',#3102,#3103,#417,.T.);
#2566=EDGE_CURVE('',#3102,#3104,#3460,.T.);
#2567=EDGE_CURVE('',#3105,#3103,#3461,.T.);
#2568=EDGE_CURVE('',#3104,#3105,#418,.T.);
#2569=EDGE_CURVE('',#3104,#3106,#3462,.T.);
#2570=EDGE_CURVE('',#3107,#3105,#3463,.T.);
#2571=EDGE_CURVE('',#3106,#3107,#419,.T.);
#2572=EDGE_CURVE('',#3106,#3108,#3464,.T.);
#2573=EDGE_CURVE('',#3109,#3107,#3465,.T.);
#2574=EDGE_CURVE('',#3108,#3109,#420,.T.);
#2575=EDGE_CURVE('',#3108,#3094,#3466,.T.);
#2576=EDGE_CURVE('',#3096,#3109,#3467,.T.);
#2577=EDGE_CURVE('',#3110,#3111,#421,.T.);
#2578=EDGE_CURVE('',#3110,#3112,#422,.T.);
#2579=EDGE_CURVE('',#3113,#3112,#423,.T.);
#2580=EDGE_CURVE('',#3111,#3113,#424,.T.);
#2581=EDGE_CURVE('',#3111,#3114,#425,.T.);
#2582=EDGE_CURVE('',#3115,#3113,#426,.T.);
#2583=EDGE_CURVE('',#3114,#3115,#427,.T.);
#2584=EDGE_CURVE('',#3114,#3116,#428,.T.);
#2585=EDGE_CURVE('',#3117,#3115,#429,.T.);
#2586=EDGE_CURVE('',#3116,#3117,#430,.T.);
#2587=EDGE_CURVE('',#3116,#3118,#431,.T.);
#2588=EDGE_CURVE('',#3119,#3117,#432,.T.);
#2589=EDGE_CURVE('',#3118,#3119,#433,.T.);
#2590=EDGE_CURVE('',#3118,#3120,#3468,.T.);
#2591=EDGE_CURVE('',#3121,#3119,#3469,.T.);
#2592=EDGE_CURVE('',#3120,#3121,#434,.T.);
#2593=EDGE_CURVE('',#3120,#3122,#3470,.T.);
#2594=EDGE_CURVE('',#3123,#3121,#3471,.T.);
#2595=EDGE_CURVE('',#3122,#3123,#435,.T.);
#2596=EDGE_CURVE('',#3122,#3124,#3472,.T.);
#2597=EDGE_CURVE('',#3125,#3123,#3473,.T.);
#2598=EDGE_CURVE('',#3124,#3125,#436,.T.);
#2599=EDGE_CURVE('',#3124,#3126,#3474,.T.);
#2600=EDGE_CURVE('',#3127,#3125,#3475,.T.);
#2601=EDGE_CURVE('',#3126,#3127,#437,.T.);
#2602=EDGE_CURVE('',#3126,#3128,#3476,.T.);
#2603=EDGE_CURVE('',#3129,#3127,#3477,.T.);
#2604=EDGE_CURVE('',#3128,#3129,#438,.T.);
#2605=EDGE_CURVE('',#3128,#3130,#3478,.T.);
#2606=EDGE_CURVE('',#3131,#3129,#3479,.T.);
#2607=EDGE_CURVE('',#3130,#3131,#439,.T.);
#2608=EDGE_CURVE('',#3130,#3132,#3480,.T.);
#2609=EDGE_CURVE('',#3133,#3131,#3481,.T.);
#2610=EDGE_CURVE('',#3132,#3133,#440,.T.);
#2611=EDGE_CURVE('',#3132,#3134,#3482,.T.);
#2612=EDGE_CURVE('',#3135,#3133,#3483,.T.);
#2613=EDGE_CURVE('',#3134,#3135,#441,.T.);
#2614=EDGE_CURVE('',#3134,#3110,#442,.T.);
#2615=EDGE_CURVE('',#3112,#3135,#443,.T.);
#2616=EDGE_CURVE('',#3136,#3137,#444,.T.);
#2617=EDGE_CURVE('',#3138,#3137,#445,.T.);
#2618=EDGE_CURVE('',#3138,#3139,#446,.T.);
#2619=EDGE_CURVE('',#3139,#3136,#447,.T.);
#2620=EDGE_CURVE('',#3140,#3136,#448,.T.);
#2621=EDGE_CURVE('',#3141,#3139,#449,.T.);
#2622=EDGE_CURVE('',#3141,#3140,#450,.T.);
#2623=EDGE_CURVE('',#3142,#3140,#451,.T.);
#2624=EDGE_CURVE('',#3143,#3141,#452,.T.);
#2625=EDGE_CURVE('',#3143,#3142,#453,.T.);
#2626=EDGE_CURVE('',#3144,#3142,#454,.T.);
#2627=EDGE_CURVE('',#3145,#3143,#455,.T.);
#2628=EDGE_CURVE('',#3145,#3144,#456,.T.);
#2629=EDGE_CURVE('',#3146,#3144,#457,.T.);
#2630=EDGE_CURVE('',#3145,#3147,#458,.T.);
#2631=EDGE_CURVE('',#3147,#3146,#459,.T.);
#2632=EDGE_CURVE('',#3148,#3146,#460,.T.);
#2633=EDGE_CURVE('',#3147,#3149,#461,.T.);
#2634=EDGE_CURVE('',#3149,#3148,#462,.T.);
#2635=EDGE_CURVE('',#3150,#3148,#463,.T.);
#2636=EDGE_CURVE('',#3149,#3151,#464,.T.);
#2637=EDGE_CURVE('',#3151,#3150,#465,.T.);
#2638=EDGE_CURVE('',#3137,#3150,#466,.T.);
#2639=EDGE_CURVE('',#3151,#3138,#467,.T.);
#2640=EDGE_CURVE('',#3152,#3153,#468,.T.);
#2641=EDGE_CURVE('',#3154,#3152,#469,.T.);
#2642=EDGE_CURVE('',#3155,#3154,#470,.T.);
#2643=EDGE_CURVE('',#3155,#3153,#471,.T.);
#2644=EDGE_CURVE('',#3156,#3152,#472,.T.);
#2645=EDGE_CURVE('',#3157,#3156,#473,.T.);
#2646=EDGE_CURVE('',#3157,#3154,#474,.T.);
#2647=EDGE_CURVE('',#3158,#3156,#475,.T.);
#2648=EDGE_CURVE('',#3159,#3158,#476,.T.);
#2649=EDGE_CURVE('',#3159,#3157,#477,.T.);
#2650=EDGE_CURVE('',#3160,#3158,#478,.T.);
#2651=EDGE_CURVE('',#3161,#3160,#479,.T.);
#2652=EDGE_CURVE('',#3161,#3159,#480,.T.);
#2653=EDGE_CURVE('',#3162,#3160,#481,.T.);
#2654=EDGE_CURVE('',#3163,#3162,#482,.T.);
#2655=EDGE_CURVE('',#3161,#3163,#483,.T.);
#2656=EDGE_CURVE('',#3164,#3162,#484,.T.);
#2657=EDGE_CURVE('',#3165,#3164,#485,.T.);
#2658=EDGE_CURVE('',#3163,#3165,#486,.T.);
#2659=EDGE_CURVE('',#3166,#3164,#487,.T.);
#2660=EDGE_CURVE('',#3167,#3166,#488,.T.);
#2661=EDGE_CURVE('',#3165,#3167,#489,.T.);
#2662=EDGE_CURVE('',#3153,#3166,#490,.T.);
#2663=EDGE_CURVE('',#3167,#3155,#491,.T.);
#2664=EDGE_CURVE('',#3168,#3169,#492,.T.);
#2665=EDGE_CURVE('',#3170,#3168,#493,.T.);
#2666=EDGE_CURVE('',#3171,#3170,#494,.T.);
#2667=EDGE_CURVE('',#3171,#3169,#495,.T.);
#2668=EDGE_CURVE('',#3169,#3172,#496,.T.);
#2669=EDGE_CURVE('',#3173,#3171,#497,.T.);
#2670=EDGE_CURVE('',#3173,#3172,#498,.T.);
#2671=EDGE_CURVE('',#3172,#3174,#499,.T.);
#2672=EDGE_CURVE('',#3175,#3173,#500,.T.);
#2673=EDGE_CURVE('',#3175,#3174,#501,.T.);
#2674=EDGE_CURVE('',#3174,#3168,#502,.T.);
#2675=EDGE_CURVE('',#3175,#3170,#503,.T.);
#2676=EDGE_CURVE('',#3176,#3177,#504,.T.);
#2677=EDGE_CURVE('',#3178,#3177,#505,.T.);
#2678=EDGE_CURVE('',#3178,#3179,#506,.T.);
#2679=EDGE_CURVE('',#3179,#3176,#507,.T.);
#2680=EDGE_CURVE('',#3177,#3180,#508,.T.);
#2681=EDGE_CURVE('',#3181,#3180,#509,.T.);
#2682=EDGE_CURVE('',#3181,#3178,#510,.T.);
#2683=EDGE_CURVE('',#3180,#3182,#511,.T.);
#2684=EDGE_CURVE('',#3183,#3182,#512,.T.);
#2685=EDGE_CURVE('',#3183,#3181,#513,.T.);
#2686=EDGE_CURVE('',#3182,#3176,#514,.T.);
#2687=EDGE_CURVE('',#3183,#3179,#515,.T.);
#2688=EDGE_CURVE('',#3184,#3185,#18,.T.);
#2689=EDGE_CURVE('',#3186,#3184,#516,.T.);
#2690=EDGE_CURVE('',#3187,#3186,#19,.T.);
#2691=EDGE_CURVE('',#3185,#3187,#517,.T.);
#2692=EDGE_CURVE('',#3188,#3189,#20,.T.);
#2693=EDGE_CURVE('',#3190,#3188,#518,.T.);
#2694=EDGE_CURVE('',#3191,#3190,#21,.T.);
#2695=EDGE_CURVE('',#3189,#3191,#519,.T.);
#2696=EDGE_CURVE('',#3192,#3184,#520,.T.);
#2697=EDGE_CURVE('',#3192,#3193,#521,.T.);
#2698=EDGE_CURVE('',#3186,#3193,#522,.T.);
#2699=EDGE_CURVE('',#3193,#3194,#523,.T.);
#2700=EDGE_CURVE('',#3194,#3191,#524,.T.);
#2701=EDGE_CURVE('',#3190,#3195,#525,.T.);
#2702=EDGE_CURVE('',#3195,#3196,#526,.T.);
#2703=EDGE_CURVE('',#3196,#3187,#527,.T.);
#2704=EDGE_CURVE('',#3197,#3188,#528,.T.);
#2705=EDGE_CURVE('',#3195,#3197,#529,.T.);
#2706=EDGE_CURVE('',#3185,#3198,#530,.T.);
#2707=EDGE_CURVE('',#3198,#3197,#531,.T.);
#2708=EDGE_CURVE('',#3189,#3199,#532,.T.);
#2709=EDGE_CURVE('',#3199,#3192,#533,.T.);
#2710=EDGE_CURVE('',#3199,#3194,#534,.T.);
#2711=EDGE_CURVE('',#3198,#3196,#535,.T.);
#2712=EDGE_CURVE('',#3200,#3201,#22,.T.);
#2713=EDGE_CURVE('',#3201,#3202,#536,.T.);
#2714=EDGE_CURVE('',#3202,#3203,#537,.T.);
#2715=EDGE_CURVE('',#3204,#3203,#538,.T.);
#2716=EDGE_CURVE('',#3204,#3205,#539,.T.);
#2717=EDGE_CURVE('',#3205,#3200,#540,.T.);
#2718=EDGE_CURVE('',#3206,#3207,#23,.T.);
#2719=EDGE_CURVE('',#3208,#3207,#541,.T.);
#2720=EDGE_CURVE('',#3209,#3208,#542,.T.);
#2721=EDGE_CURVE('',#3210,#3209,#543,.T.);
#2722=EDGE_CURVE('',#3211,#3210,#544,.T.);
#2723=EDGE_CURVE('',#3206,#3211,#545,.T.);
#2724=EDGE_CURVE('',#3204,#3209,#546,.T.);
#2725=EDGE_CURVE('',#3205,#3208,#547,.T.);
#2726=EDGE_CURVE('',#3203,#3210,#548,.T.);
#2727=EDGE_CURVE('',#3202,#3211,#549,.T.);
#2728=EDGE_CURVE('',#3212,#3213,#24,.T.);
#2729=EDGE_CURVE('',#3214,#3212,#550,.T.);
#2730=EDGE_CURVE('',#3215,#3214,#551,.T.);
#2731=EDGE_CURVE('',#3216,#3215,#25,.T.);
#2732=EDGE_CURVE('',#3217,#3216,#552,.T.);
#2733=EDGE_CURVE('',#3213,#3217,#553,.T.);
#2734=EDGE_CURVE('',#3218,#3219,#554,.T.);
#2735=EDGE_CURVE('',#3219,#3215,#555,.T.);
#2736=EDGE_CURVE('',#3218,#3214,#556,.T.);
#2737=EDGE_CURVE('',#3219,#3220,#26,.T.);
#2738=EDGE_CURVE('',#3220,#3216,#557,.T.);
#2739=EDGE_CURVE('',#3221,#3220,#558,.T.);
#2740=EDGE_CURVE('',#3221,#3217,#559,.T.);
#2741=EDGE_CURVE('',#3222,#3223,#27,.T.);
#2742=EDGE_CURVE('',#3222,#3221,#560,.T.);
#2743=EDGE_CURVE('',#3218,#3223,#561,.T.);
#2744=EDGE_CURVE('',#3224,#3223,#562,.T.);
#2745=EDGE_CURVE('',#3224,#3225,#28,.T.);
#2746=EDGE_CURVE('',#3225,#3222,#563,.T.);
#2747=EDGE_CURVE('',#3213,#3201,#564,.T.);
#2748=EDGE_CURVE('',#3212,#3200,#565,.T.);
#2749=EDGE_CURVE('',#3226,#3224,#566,.T.);
#2750=EDGE_CURVE('',#3226,#3227,#567,.T.);
#2751=EDGE_CURVE('',#3227,#3228,#29,.T.);
#2752=EDGE_CURVE('',#3229,#3228,#568,.T.);
#2753=EDGE_CURVE('',#3225,#3229,#569,.T.);
#2754=EDGE_CURVE('',#3226,#3230,#570,.T.);
#2755=EDGE_CURVE('',#3231,#3230,#571,.T.);
#2756=EDGE_CURVE('',#3227,#3231,#572,.T.);
#2757=EDGE_CURVE('',#3232,#3231,#30,.T.);
#2758=EDGE_CURVE('',#3228,#3232,#573,.T.);
#2759=EDGE_CURVE('',#3233,#3232,#574,.T.);
#2760=EDGE_CURVE('',#3229,#3233,#575,.T.);
#2761=EDGE_CURVE('',#3234,#3235,#31,.T.);
#2762=EDGE_CURVE('',#3234,#3233,#576,.T.);
#2763=EDGE_CURVE('',#3230,#3235,#577,.T.);
#2764=EDGE_CURVE('',#3236,#3235,#578,.T.);
#2765=EDGE_CURVE('',#3236,#3237,#32,.T.);
#2766=EDGE_CURVE('',#3237,#3234,#579,.T.);
#2767=EDGE_CURVE('',#3238,#3236,#580,.T.);
#2768=EDGE_CURVE('',#3239,#3238,#581,.T.);
#2769=EDGE_CURVE('',#3239,#3240,#582,.T.);
#2770=EDGE_CURVE('',#3241,#3240,#583,.T.);
#2771=EDGE_CURVE('',#3237,#3241,#584,.T.);
#2772=EDGE_CURVE('',#3207,#3242,#585,.T.);
#2773=EDGE_CURVE('',#3243,#3206,#586,.T.);
#2774=EDGE_CURVE('',#3242,#3243,#33,.T.);
#2775=EDGE_CURVE('',#3244,#3242,#587,.T.);
#2776=EDGE_CURVE('',#3238,#3244,#588,.T.);
#2777=EDGE_CURVE('',#3241,#3245,#589,.T.);
#2778=EDGE_CURVE('',#3243,#3245,#590,.T.);
#2779=EDGE_CURVE('',#3246,#3244,#591,.T.);
#2780=EDGE_CURVE('',#3239,#3246,#592,.T.);
#2781=EDGE_CURVE('',#3247,#3246,#593,.T.);
#2782=EDGE_CURVE('',#3240,#3247,#594,.T.);
#2783=EDGE_CURVE('',#3245,#3247,#595,.T.);
#2784=EDGE_CURVE('',#3248,#3249,#34,.T.);
#2785=EDGE_CURVE('',#3248,#3250,#596,.T.);
#2786=EDGE_CURVE('',#3250,#3251,#597,.T.);
#2787=EDGE_CURVE('',#3251,#3252,#598,.T.);
#2788=EDGE_CURVE('',#3252,#3253,#599,.T.);
#2789=EDGE_CURVE('',#3253,#3254,#600,.T.);
#2790=EDGE_CURVE('',#3254,#3255,#601,.T.);
#2791=EDGE_CURVE('',#3255,#3256,#602,.T.);
#2792=EDGE_CURVE('',#3256,#3257,#603,.T.);
#2793=EDGE_CURVE('',#3257,#3249,#604,.T.);
#2794=EDGE_CURVE('',#3254,#3258,#605,.T.);
#2795=EDGE_CURVE('',#3258,#3259,#606,.T.);
#2796=EDGE_CURVE('',#3255,#3259,#607,.T.);
#2797=EDGE_CURVE('',#3253,#3260,#608,.T.);
#2798=EDGE_CURVE('',#3260,#3258,#609,.T.);
#2799=EDGE_CURVE('',#3252,#3261,#610,.T.);
#2800=EDGE_CURVE('',#3261,#3260,#611,.T.);
#2801=EDGE_CURVE('',#3251,#3262,#612,.T.);
#2802=EDGE_CURVE('',#3262,#3261,#613,.T.);
#2803=EDGE_CURVE('',#3250,#3263,#614,.T.);
#2804=EDGE_CURVE('',#3263,#3262,#615,.T.);
#2805=EDGE_CURVE('',#3256,#3264,#616,.T.);
#2806=EDGE_CURVE('',#3264,#3265,#617,.T.);
#2807=EDGE_CURVE('',#3257,#3265,#618,.T.);
#2808=EDGE_CURVE('',#3259,#3264,#619,.T.);
#2809=EDGE_CURVE('',#3266,#3267,#35,.T.);
#2810=EDGE_CURVE('',#3265,#3267,#620,.T.);
#2811=EDGE_CURVE('',#3266,#3263,#621,.T.);
#2812=EDGE_CURVE('',#3268,#3269,#36,.T.);
#2813=EDGE_CURVE('',#3268,#3270,#622,.T.);
#2814=EDGE_CURVE('',#3270,#3271,#623,.T.);
#2815=EDGE_CURVE('',#3271,#3272,#37,.T.);
#2816=EDGE_CURVE('',#3272,#3273,#624,.T.);
#2817=EDGE_CURVE('',#3273,#3269,#625,.T.);
#2818=EDGE_CURVE('',#3270,#3274,#626,.T.);
#2819=EDGE_CURVE('',#3274,#3275,#627,.T.);
#2820=EDGE_CURVE('',#3271,#3275,#628,.T.);
#2821=EDGE_CURVE('',#3272,#3276,#629,.T.);
#2822=EDGE_CURVE('',#3276,#3277,#630,.T.);
#2823=EDGE_CURVE('',#3273,#3277,#631,.T.);
#2824=EDGE_CURVE('',#3275,#3276,#38,.T.);
#2825=EDGE_CURVE('',#3278,#3279,#39,.T.);
#2826=EDGE_CURVE('',#3277,#3278,#632,.T.);
#2827=EDGE_CURVE('',#3279,#3274,#633,.T.);
#2828=EDGE_CURVE('',#3280,#3269,#634,.T.);
#2829=EDGE_CURVE('',#3280,#3281,#40,.T.);
#2830=EDGE_CURVE('',#3281,#3268,#635,.T.);
#2831=EDGE_CURVE('',#3282,#3283,#41,.T.);
#2832=EDGE_CURVE('',#3282,#3284,#636,.T.);
#2833=EDGE_CURVE('',#3284,#3285,#637,.T.);
#2834=EDGE_CURVE('',#3285,#3286,#42,.T.);
#2835=EDGE_CURVE('',#3286,#3287,#638,.T.);
#2836=EDGE_CURVE('',#3287,#3283,#639,.T.);
#2837=EDGE_CURVE('',#3288,#3289,#640,.T.);
#2838=EDGE_CURVE('',#3289,#3285,#641,.T.);
#2839=EDGE_CURVE('',#3288,#3284,#642,.T.);
#2840=EDGE_CURVE('',#3290,#3291,#643,.T.);
#2841=EDGE_CURVE('',#3291,#3287,#644,.T.);
#2842=EDGE_CURVE('',#3290,#3286,#645,.T.);
#2843=EDGE_CURVE('',#3289,#3290,#43,.T.);
#2844=EDGE_CURVE('',#3291,#3280,#646,.T.);
#2845=EDGE_CURVE('',#3281,#3288,#647,.T.);
#2846=EDGE_CURVE('',#3292,#3283,#648,.T.);
#2847=EDGE_CURVE('',#3293,#3292,#44,.T.);
#2848=EDGE_CURVE('',#3293,#3282,#649,.T.);
#2849=EDGE_CURVE('',#3279,#3248,#650,.T.);
#2850=EDGE_CURVE('',#3278,#3249,#651,.T.);
#2851=EDGE_CURVE('',#3294,#3266,#652,.T.);
#2852=EDGE_CURVE('',#3295,#3294,#45,.T.);
#2853=EDGE_CURVE('',#3295,#3267,#653,.T.);
#2854=EDGE_CURVE('',#3294,#3296,#654,.T.);
#2855=EDGE_CURVE('',#3296,#3297,#655,.T.);
#2856=EDGE_CURVE('',#3297,#3298,#656,.T.);
#2857=EDGE_CURVE('',#3298,#3299,#657,.T.);
#2858=EDGE_CURVE('',#3299,#3300,#658,.T.);
#2859=EDGE_CURVE('',#3300,#3301,#659,.T.);
#2860=EDGE_CURVE('',#3301,#3302,#660,.T.);
#2861=EDGE_CURVE('',#3302,#3303,#661,.T.);
#2862=EDGE_CURVE('',#3303,#3295,#662,.T.);
#2863=EDGE_CURVE('',#3293,#3304,#663,.T.);
#2864=EDGE_CURVE('',#3304,#3296,#664,.T.);
#2865=EDGE_CURVE('',#3305,#3303,#665,.T.);
#2866=EDGE_CURVE('',#3305,#3292,#666,.T.);
#2867=EDGE_CURVE('',#3306,#3307,#667,.T.);
#2868=EDGE_CURVE('',#3307,#3301,#668,.T.);
#2869=EDGE_CURVE('',#3306,#3300,#669,.T.);
#2870=EDGE_CURVE('',#3308,#3306,#670,.T.);
#2871=EDGE_CURVE('',#3308,#3299,#671,.T.);
#2872=EDGE_CURVE('',#3309,#3308,#672,.T.);
#2873=EDGE_CURVE('',#3309,#3298,#673,.T.);
#2874=EDGE_CURVE('',#3310,#3309,#674,.T.);
#2875=EDGE_CURVE('',#3310,#3297,#675,.T.);
#2876=EDGE_CURVE('',#3304,#3310,#676,.T.);
#2877=EDGE_CURVE('',#3311,#3305,#677,.T.);
#2878=EDGE_CURVE('',#3311,#3302,#678,.T.);
#2879=EDGE_CURVE('',#3307,#3311,#679,.T.);
#2880=EDGE_CURVE('',#3312,#3313,#46,.T.);
#2881=EDGE_CURVE('',#3314,#3313,#680,.T.);
#2882=EDGE_CURVE('',#3315,#3314,#681,.T.);
#2883=EDGE_CURVE('',#3316,#3315,#682,.T.);
#2884=EDGE_CURVE('',#3317,#3316,#683,.T.);
#2885=EDGE_CURVE('',#3312,#3317,#684,.T.);
#2886=EDGE_CURVE('',#3318,#3319,#685,.T.);
#2887=EDGE_CURVE('',#3318,#3315,#686,.T.);
#2888=EDGE_CURVE('',#3319,#3314,#687,.T.);
#2889=EDGE_CURVE('',#3320,#3318,#688,.T.);
#2890=EDGE_CURVE('',#3320,#3316,#689,.T.);
#2891=EDGE_CURVE('',#3321,#3320,#690,.T.);
#2892=EDGE_CURVE('',#3321,#3317,#691,.T.);
#2893=EDGE_CURVE('',#3322,#3323,#47,.T.);
#2894=EDGE_CURVE('',#3323,#3321,#692,.T.);
#2895=EDGE_CURVE('',#3319,#3322,#693,.T.);
#2896=EDGE_CURVE('',#3324,#3322,#694,.T.);
#2897=EDGE_CURVE('',#3324,#3325,#48,.T.);
#2898=EDGE_CURVE('',#3325,#3323,#695,.T.);
#2899=EDGE_CURVE('',#3326,#3324,#696,.T.);
#2900=EDGE_CURVE('',#3327,#3326,#697,.T.);
#2901=EDGE_CURVE('',#3328,#3327,#698,.T.);
#2902=EDGE_CURVE('',#3329,#3328,#699,.T.);
#2903=EDGE_CURVE('',#3325,#3329,#700,.T.);
#2904=EDGE_CURVE('',#3330,#3312,#701,.T.);
#2905=EDGE_CURVE('',#3331,#3330,#49,.T.);
#2906=EDGE_CURVE('',#3313,#3331,#702,.T.);
#2907=EDGE_CURVE('',#3332,#3331,#703,.T.);
#2908=EDGE_CURVE('',#3326,#3332,#704,.T.);
#2909=EDGE_CURVE('',#3329,#3333,#705,.T.);
#2910=EDGE_CURVE('',#3330,#3333,#706,.T.);
#2911=EDGE_CURVE('',#3334,#3332,#707,.T.);
#2912=EDGE_CURVE('',#3327,#3334,#708,.T.);
#2913=EDGE_CURVE('',#3335,#3334,#709,.T.);
#2914=EDGE_CURVE('',#3328,#3335,#710,.T.);
#2915=EDGE_CURVE('',#3333,#3335,#711,.T.);
#2916=EDGE_CURVE('',#3336,#3337,#50,.T.);
#2917=EDGE_CURVE('',#3336,#3338,#712,.T.);
#2918=EDGE_CURVE('',#3338,#3339,#713,.T.);
#2919=EDGE_CURVE('',#3339,#3340,#714,.T.);
#2920=EDGE_CURVE('',#3340,#3341,#715,.T.);
#2921=EDGE_CURVE('',#3341,#3337,#716,.T.);
#2922=EDGE_CURVE('',#3338,#3342,#717,.T.);
#2923=EDGE_CURVE('',#3342,#3343,#718,.T.);
#2924=EDGE_CURVE('',#3339,#3343,#719,.T.);
#2925=EDGE_CURVE('',#3340,#3344,#720,.T.);
#2926=EDGE_CURVE('',#3344,#3345,#721,.T.);
#2927=EDGE_CURVE('',#3341,#3345,#722,.T.);
#2928=EDGE_CURVE('',#3343,#3344,#723,.T.);
#2929=EDGE_CURVE('',#3346,#3347,#51,.T.);
#2930=EDGE_CURVE('',#3345,#3347,#724,.T.);
#2931=EDGE_CURVE('',#3346,#3342,#725,.T.);
#2932=EDGE_CURVE('',#3348,#3337,#726,.T.);
#2933=EDGE_CURVE('',#3349,#3348,#52,.T.);
#2934=EDGE_CURVE('',#3349,#3336,#727,.T.);
#2935=EDGE_CURVE('',#3350,#3347,#728,.T.);
#2936=EDGE_CURVE('',#3351,#3346,#729,.T.);
#2937=EDGE_CURVE('',#3350,#3351,#53,.T.);
#2938=EDGE_CURVE('',#3351,#3352,#730,.T.);
#2939=EDGE_CURVE('',#3352,#3353,#731,.T.);
#2940=EDGE_CURVE('',#3353,#3354,#732,.T.);
#2941=EDGE_CURVE('',#3354,#3355,#733,.T.);
#2942=EDGE_CURVE('',#3355,#3350,#734,.T.);
#2943=EDGE_CURVE('',#3349,#3356,#735,.T.);
#2944=EDGE_CURVE('',#3356,#3352,#736,.T.);
#2945=EDGE_CURVE('',#3356,#3357,#737,.T.);
#2946=EDGE_CURVE('',#3357,#3353,#738,.T.);
#2947=EDGE_CURVE('',#3358,#3355,#739,.T.);
#2948=EDGE_CURVE('',#3358,#3348,#740,.T.);
#2949=EDGE_CURVE('',#3359,#3358,#741,.T.);
#2950=EDGE_CURVE('',#3359,#3354,#742,.T.);
#2951=EDGE_CURVE('',#3357,#3359,#743,.T.);
#2952=EDGE_CURVE('',#3360,#3361,#744,.T.);
#2953=EDGE_CURVE('',#3362,#3360,#54,.T.);
#2954=EDGE_CURVE('',#3363,#3362,#745,.T.);
#2955=EDGE_CURVE('',#3361,#3363,#55,.T.);
#2956=EDGE_CURVE('',#3364,#3365,#746,.T.);
#2957=EDGE_CURVE('',#3366,#3364,#56,.T.);
#2958=EDGE_CURVE('',#3367,#3366,#747,.T.);
#2959=EDGE_CURVE('',#3365,#3367,#57,.T.);
#2960=EDGE_CURVE('',#3368,#3361,#748,.T.);
#2961=EDGE_CURVE('',#3369,#3368,#749,.T.);
#2962=EDGE_CURVE('',#3360,#3369,#750,.T.);
#2963=EDGE_CURVE('',#3370,#3362,#751,.T.);
#2964=EDGE_CURVE('',#3370,#3371,#752,.T.);
#2965=EDGE_CURVE('',#3363,#3371,#753,.T.);
#2966=EDGE_CURVE('',#3369,#3372,#754,.T.);
#2967=EDGE_CURVE('',#3372,#3365,#755,.T.);
#2968=EDGE_CURVE('',#3367,#3373,#756,.T.);
#2969=EDGE_CURVE('',#3373,#3370,#757,.T.);
#2970=EDGE_CURVE('',#3372,#3374,#758,.T.);
#2971=EDGE_CURVE('',#3364,#3374,#759,.T.);
#2972=EDGE_CURVE('',#3375,#3366,#760,.T.);
#2973=EDGE_CURVE('',#3373,#3375,#761,.T.);
#2974=EDGE_CURVE('',#3374,#3368,#762,.T.);
#2975=EDGE_CURVE('',#3371,#3375,#763,.T.);
#2976=EDGE_CURVE('',#3376,#3377,#764,.T.);
#2977=EDGE_CURVE('',#3378,#3376,#58,.T.);
#2978=EDGE_CURVE('',#3379,#3378,#765,.T.);
#2979=EDGE_CURVE('',#3377,#3379,#59,.T.);
#2980=EDGE_CURVE('',#3380,#3381,#766,.T.);
#2981=EDGE_CURVE('',#3382,#3380,#60,.T.);
#2982=EDGE_CURVE('',#3383,#3382,#767,.T.);
#2983=EDGE_CURVE('',#3381,#3383,#61,.T.);
#2984=EDGE_CURVE('',#3377,#3384,#768,.T.);
#2985=EDGE_CURVE('',#3384,#3385,#769,.T.);
#2986=EDGE_CURVE('',#3385,#3376,#770,.T.);
#2987=EDGE_CURVE('',#3378,#3386,#771,.T.);
#2988=EDGE_CURVE('',#3387,#3386,#772,.T.);
#2989=EDGE_CURVE('',#3387,#3379,#773,.T.);
#2990=EDGE_CURVE('',#3388,#3385,#774,.T.);
#2991=EDGE_CURVE('',#3381,#3388,#775,.T.);
#2992=EDGE_CURVE('',#3389,#3383,#776,.T.);
#2993=EDGE_CURVE('',#3386,#3389,#777,.T.);
#2994=EDGE_CURVE('',#3390,#3388,#778,.T.);
#2995=EDGE_CURVE('',#3390,#3380,#779,.T.);
#2996=EDGE_CURVE('',#3382,#3391,#780,.T.);
#2997=EDGE_CURVE('',#3391,#3389,#781,.T.);
#2998=EDGE_CURVE('',#3384,#3390,#782,.T.);
#2999=EDGE_CURVE('',#3391,#3387,#783,.T.);
#3000=VERTEX_POINT('',#5576);
#3001=VERTEX_POINT('',#5577);
#3002=VERTEX_POINT('',#5579);
#3003=VERTEX_POINT('',#5585);
#3004=VERTEX_POINT('',#5602);
#3005=VERTEX_POINT('',#5608);
#3006=VERTEX_POINT('',#5625);
#3007=VERTEX_POINT('',#5631);
#3008=VERTEX_POINT('',#5648);
#3009=VERTEX_POINT('',#5654);
#3010=VERTEX_POINT('',#5671);
#3011=VERTEX_POINT('',#5677);
#3012=VERTEX_POINT('',#5694);
#3013=VERTEX_POINT('',#5700);
#3014=VERTEX_POINT('',#5717);
#3015=VERTEX_POINT('',#5723);
#3016=VERTEX_POINT('',#5747);
#3017=VERTEX_POINT('',#5748);
#3018=VERTEX_POINT('',#5750);
#3019=VERTEX_POINT('',#5752);
#3020=VERTEX_POINT('',#5756);
#3021=VERTEX_POINT('',#5758);
#3022=VERTEX_POINT('',#5762);
#3023=VERTEX_POINT('',#5764);
#3024=VERTEX_POINT('',#5768);
#3025=VERTEX_POINT('',#5770);
#3026=VERTEX_POINT('',#5787);
#3027=VERTEX_POINT('',#5793);
#3028=VERTEX_POINT('',#5810);
#3029=VERTEX_POINT('',#5816);
#3030=VERTEX_POINT('',#5833);
#3031=VERTEX_POINT('',#5839);
#3032=VERTEX_POINT('',#5856);
#3033=VERTEX_POINT('',#5862);
#3034=VERTEX_POINT('',#5879);
#3035=VERTEX_POINT('',#5885);
#3036=VERTEX_POINT('',#5902);
#3037=VERTEX_POINT('',#5908);
#3038=VERTEX_POINT('',#5925);
#3039=VERTEX_POINT('',#5931);
#3040=VERTEX_POINT('',#5948);
#3041=VERTEX_POINT('',#5954);
#3042=VERTEX_POINT('',#5964);
#3043=VERTEX_POINT('',#5965);
#3044=VERTEX_POINT('',#5967);
#3045=VERTEX_POINT('',#5969);
#3046=VERTEX_POINT('',#5973);
#3047=VERTEX_POINT('',#5975);
#3048=VERTEX_POINT('',#5979);
#3049=VERTEX_POINT('',#5981);
#3050=VERTEX_POINT('',#5998);
#3051=VERTEX_POINT('',#6004);
#3052=VERTEX_POINT('',#6021);
#3053=VERTEX_POINT('',#6027);
#3054=VERTEX_POINT('',#6044);
#3055=VERTEX_POINT('',#6050);
#3056=VERTEX_POINT('',#6054);
#3057=VERTEX_POINT('',#6056);
#3058=VERTEX_POINT('',#6073);
#3059=VERTEX_POINT('',#6079);
#3060=VERTEX_POINT('',#6096);
#3061=VERTEX_POINT('',#6102);
#3062=VERTEX_POINT('',#6119);
#3063=VERTEX_POINT('',#6125);
#3064=VERTEX_POINT('',#6142);
#3065=VERTEX_POINT('',#6148);
#3066=VERTEX_POINT('',#6152);
#3067=VERTEX_POINT('',#6154);
#3068=VERTEX_POINT('',#6164);
#3069=VERTEX_POINT('',#6165);
#3070=VERTEX_POINT('',#6167);
#3071=VERTEX_POINT('',#6169);
#3072=VERTEX_POINT('',#6173);
#3073=VERTEX_POINT('',#6175);
#3074=VERTEX_POINT('',#6179);
#3075=VERTEX_POINT('',#6181);
#3076=VERTEX_POINT('',#6198);
#3077=VERTEX_POINT('',#6204);
#3078=VERTEX_POINT('',#6221);
#3079=VERTEX_POINT('',#6227);
#3080=VERTEX_POINT('',#6244);
#3081=VERTEX_POINT('',#6250);
#3082=VERTEX_POINT('',#6254);
#3083=VERTEX_POINT('',#6256);
#3084=VERTEX_POINT('',#6273);
#3085=VERTEX_POINT('',#6279);
#3086=VERTEX_POINT('',#6296);
#3087=VERTEX_POINT('',#6302);
#3088=VERTEX_POINT('',#6319);
#3089=VERTEX_POINT('',#6325);
#3090=VERTEX_POINT('',#6342);
#3091=VERTEX_POINT('',#6348);
#3092=VERTEX_POINT('',#6352);
#3093=VERTEX_POINT('',#6354);
#3094=VERTEX_POINT('',#6377);
#3095=VERTEX_POINT('',#6378);
#3096=VERTEX_POINT('',#6380);
#3097=VERTEX_POINT('',#6386);
#3098=VERTEX_POINT('',#6403);
#3099=VERTEX_POINT('',#6409);
#3100=VERTEX_POINT('',#6426);
#3101=VERTEX_POINT('',#6432);
#3102=VERTEX_POINT('',#6449);
#3103=VERTEX_POINT('',#6455);
#3104=VERTEX_POINT('',#6472);
#3105=VERTEX_POINT('',#6478);
#3106=VERTEX_POINT('',#6495);
#3107=VERTEX_POINT('',#6501);
#3108=VERTEX_POINT('',#6518);
#3109=VERTEX_POINT('',#6524);
#3110=VERTEX_POINT('',#6548);
#3111=VERTEX_POINT('',#6549);
#3112=VERTEX_POINT('',#6551);
#3113=VERTEX_POINT('',#6553);
#3114=VERTEX_POINT('',#6557);
#3115=VERTEX_POINT('',#6559);
#3116=VERTEX_POINT('',#6563);
#3117=VERTEX_POINT('',#6565);
#3118=VERTEX_POINT('',#6569);
#3119=VERTEX_POINT('',#6571);
#3120=VERTEX_POINT('',#6588);
#3121=VERTEX_POINT('',#6594);
#3122=VERTEX_POINT('',#6611);
#3123=VERTEX_POINT('',#6617);
#3124=VERTEX_POINT('',#6634);
#3125=VERTEX_POINT('',#6640);
#3126=VERTEX_POINT('',#6657);
#3127=VERTEX_POINT('',#6663);
#3128=VERTEX_POINT('',#6680);
#3129=VERTEX_POINT('',#6686);
#3130=VERTEX_POINT('',#6703);
#3131=VERTEX_POINT('',#6709);
#3132=VERTEX_POINT('',#6726);
#3133=VERTEX_POINT('',#6732);
#3134=VERTEX_POINT('',#6749);
#3135=VERTEX_POINT('',#6755);
#3136=VERTEX_POINT('',#6765);
#3137=VERTEX_POINT('',#6766);
#3138=VERTEX_POINT('',#6768);
#3139=VERTEX_POINT('',#6770);
#3140=VERTEX_POINT('',#6774);
#3141=VERTEX_POINT('',#6776);
#3142=VERTEX_POINT('',#6780);
#3143=VERTEX_POINT('',#6782);
#3144=VERTEX_POINT('',#6786);
#3145=VERTEX_POINT('',#6788);
#3146=VERTEX_POINT('',#6792);
#3147=VERTEX_POINT('',#6794);
#3148=VERTEX_POINT('',#6798);
#3149=VERTEX_POINT('',#6800);
#3150=VERTEX_POINT('',#6804);
#3151=VERTEX_POINT('',#6806);
#3152=VERTEX_POINT('',#6816);
#3153=VERTEX_POINT('',#6817);
#3154=VERTEX_POINT('',#6819);
#3155=VERTEX_POINT('',#6821);
#3156=VERTEX_POINT('',#6825);
#3157=VERTEX_POINT('',#6827);
#3158=VERTEX_POINT('',#6831);
#3159=VERTEX_POINT('',#6833);
#3160=VERTEX_POINT('',#6837);
#3161=VERTEX_POINT('',#6839);
#3162=VERTEX_POINT('',#6843);
#3163=VERTEX_POINT('',#6845);
#3164=VERTEX_POINT('',#6849);
#3165=VERTEX_POINT('',#6851);
#3166=VERTEX_POINT('',#6855);
#3167=VERTEX_POINT('',#6857);
#3168=VERTEX_POINT('',#6867);
#3169=VERTEX_POINT('',#6868);
#3170=VERTEX_POINT('',#6870);
#3171=VERTEX_POINT('',#6872);
#3172=VERTEX_POINT('',#6876);
#3173=VERTEX_POINT('',#6878);
#3174=VERTEX_POINT('',#6882);
#3175=VERTEX_POINT('',#6884);
#3176=VERTEX_POINT('',#6894);
#3177=VERTEX_POINT('',#6895);
#3178=VERTEX_POINT('',#6897);
#3179=VERTEX_POINT('',#6899);
#3180=VERTEX_POINT('',#6903);
#3181=VERTEX_POINT('',#6905);
#3182=VERTEX_POINT('',#6909);
#3183=VERTEX_POINT('',#6911);
#3184=VERTEX_POINT('',#6921);
#3185=VERTEX_POINT('',#6922);
#3186=VERTEX_POINT('',#6924);
#3187=VERTEX_POINT('',#6926);
#3188=VERTEX_POINT('',#6930);
#3189=VERTEX_POINT('',#6931);
#3190=VERTEX_POINT('',#6933);
#3191=VERTEX_POINT('',#6935);
#3192=VERTEX_POINT('',#6939);
#3193=VERTEX_POINT('',#6941);
#3194=VERTEX_POINT('',#6945);
#3195=VERTEX_POINT('',#6948);
#3196=VERTEX_POINT('',#6950);
#3197=VERTEX_POINT('',#6954);
#3198=VERTEX_POINT('',#6958);
#3199=VERTEX_POINT('',#6961);
#3200=VERTEX_POINT('',#6972);
#3201=VERTEX_POINT('',#6973);
#3202=VERTEX_POINT('',#6975);
#3203=VERTEX_POINT('',#6977);
#3204=VERTEX_POINT('',#6979);
#3205=VERTEX_POINT('',#6981);
#3206=VERTEX_POINT('',#6985);
#3207=VERTEX_POINT('',#6986);
#3208=VERTEX_POINT('',#6988);
#3209=VERTEX_POINT('',#6990);
#3210=VERTEX_POINT('',#6992);
#3211=VERTEX_POINT('',#6994);
#3212=VERTEX_POINT('',#7005);
#3213=VERTEX_POINT('',#7006);
#3214=VERTEX_POINT('',#7008);
#3215=VERTEX_POINT('',#7010);
#3216=VERTEX_POINT('',#7012);
#3217=VERTEX_POINT('',#7014);
#3218=VERTEX_POINT('',#7018);
#3219=VERTEX_POINT('',#7019);
#3220=VERTEX_POINT('',#7024);
#3221=VERTEX_POINT('',#7028);
#3222=VERTEX_POINT('',#7032);
#3223=VERTEX_POINT('',#7033);
#3224=VERTEX_POINT('',#7038);
#3225=VERTEX_POINT('',#7040);
#3226=VERTEX_POINT('',#7047);
#3227=VERTEX_POINT('',#7049);
#3228=VERTEX_POINT('',#7051);
#3229=VERTEX_POINT('',#7053);
#3230=VERTEX_POINT('',#7057);
#3231=VERTEX_POINT('',#7059);
#3232=VERTEX_POINT('',#7063);
#3233=VERTEX_POINT('',#7067);
#3234=VERTEX_POINT('',#7071);
#3235=VERTEX_POINT('',#7072);
#3236=VERTEX_POINT('',#7077);
#3237=VERTEX_POINT('',#7079);
#3238=VERTEX_POINT('',#7083);
#3239=VERTEX_POINT('',#7085);
#3240=VERTEX_POINT('',#7087);
#3241=VERTEX_POINT('',#7089);
#3242=VERTEX_POINT('',#7093);
#3243=VERTEX_POINT('',#7095);
#3244=VERTEX_POINT('',#7099);
#3245=VERTEX_POINT('',#7103);
#3246=VERTEX_POINT('',#7107);
#3247=VERTEX_POINT('',#7111);
#3248=VERTEX_POINT('',#7119);
#3249=VERTEX_POINT('',#7120);
#3250=VERTEX_POINT('',#7122);
#3251=VERTEX_POINT('',#7124);
#3252=VERTEX_POINT('',#7126);
#3253=VERTEX_POINT('',#7128);
#3254=VERTEX_POINT('',#7130);
#3255=VERTEX_POINT('',#7132);
#3256=VERTEX_POINT('',#7134);
#3257=VERTEX_POINT('',#7136);
#3258=VERTEX_POINT('',#7140);
#3259=VERTEX_POINT('',#7142);
#3260=VERTEX_POINT('',#7146);
#3261=VERTEX_POINT('',#7150);
#3262=VERTEX_POINT('',#7154);
#3263=VERTEX_POINT('',#7158);
#3264=VERTEX_POINT('',#7162);
#3265=VERTEX_POINT('',#7164);
#3266=VERTEX_POINT('',#7170);
#3267=VERTEX_POINT('',#7171);
#3268=VERTEX_POINT('',#7176);
#3269=VERTEX_POINT('',#7177);
#3270=VERTEX_POINT('',#7179);
#3271=VERTEX_POINT('',#7181);
#3272=VERTEX_POINT('',#7183);
#3273=VERTEX_POINT('',#7185);
#3274=VERTEX_POINT('',#7189);
#3275=VERTEX_POINT('',#7191);
#3276=VERTEX_POINT('',#7195);
#3277=VERTEX_POINT('',#7197);
#3278=VERTEX_POINT('',#7203);
#3279=VERTEX_POINT('',#7204);
#3280=VERTEX_POINT('',#7209);
#3281=VERTEX_POINT('',#7211);
#3282=VERTEX_POINT('',#7215);
#3283=VERTEX_POINT('',#7216);
#3284=VERTEX_POINT('',#7218);
#3285=VERTEX_POINT('',#7220);
#3286=VERTEX_POINT('',#7222);
#3287=VERTEX_POINT('',#7224);
#3288=VERTEX_POINT('',#7228);
#3289=VERTEX_POINT('',#7229);
#3290=VERTEX_POINT('',#7234);
#3291=VERTEX_POINT('',#7235);
#3292=VERTEX_POINT('',#7245);
#3293=VERTEX_POINT('',#7247);
#3294=VERTEX_POINT('',#7254);
#3295=VERTEX_POINT('',#7256);
#3296=VERTEX_POINT('',#7260);
#3297=VERTEX_POINT('',#7262);
#3298=VERTEX_POINT('',#7264);
#3299=VERTEX_POINT('',#7266);
#3300=VERTEX_POINT('',#7268);
#3301=VERTEX_POINT('',#7270);
#3302=VERTEX_POINT('',#7272);
#3303=VERTEX_POINT('',#7274);
#3304=VERTEX_POINT('',#7278);
#3305=VERTEX_POINT('',#7282);
#3306=VERTEX_POINT('',#7286);
#3307=VERTEX_POINT('',#7287);
#3308=VERTEX_POINT('',#7292);
#3309=VERTEX_POINT('',#7296);
#3310=VERTEX_POINT('',#7300);
#3311=VERTEX_POINT('',#7306);
#3312=VERTEX_POINT('',#7314);
#3313=VERTEX_POINT('',#7315);
#3314=VERTEX_POINT('',#7317);
#3315=VERTEX_POINT('',#7319);
#3316=VERTEX_POINT('',#7321);
#3317=VERTEX_POINT('',#7323);
#3318=VERTEX_POINT('',#7327);
#3319=VERTEX_POINT('',#7328);
#3320=VERTEX_POINT('',#7333);
#3321=VERTEX_POINT('',#7337);
#3322=VERTEX_POINT('',#7341);
#3323=VERTEX_POINT('',#7342);
#3324=VERTEX_POINT('',#7347);
#3325=VERTEX_POINT('',#7349);
#3326=VERTEX_POINT('',#7353);
#3327=VERTEX_POINT('',#7355);
#3328=VERTEX_POINT('',#7357);
#3329=VERTEX_POINT('',#7359);
#3330=VERTEX_POINT('',#7363);
#3331=VERTEX_POINT('',#7365);
#3332=VERTEX_POINT('',#7369);
#3333=VERTEX_POINT('',#7373);
#3334=VERTEX_POINT('',#7377);
#3335=VERTEX_POINT('',#7381);
#3336=VERTEX_POINT('',#7389);
#3337=VERTEX_POINT('',#7390);
#3338=VERTEX_POINT('',#7392);
#3339=VERTEX_POINT('',#7394);
#3340=VERTEX_POINT('',#7396);
#3341=VERTEX_POINT('',#7398);
#3342=VERTEX_POINT('',#7402);
#3343=VERTEX_POINT('',#7404);
#3344=VERTEX_POINT('',#7408);
#3345=VERTEX_POINT('',#7410);
#3346=VERTEX_POINT('',#7416);
#3347=VERTEX_POINT('',#7417);
#3348=VERTEX_POINT('',#7422);
#3349=VERTEX_POINT('',#7424);
#3350=VERTEX_POINT('',#7428);
#3351=VERTEX_POINT('',#7430);
#3352=VERTEX_POINT('',#7434);
#3353=VERTEX_POINT('',#7436);
#3354=VERTEX_POINT('',#7438);
#3355=VERTEX_POINT('',#7440);
#3356=VERTEX_POINT('',#7444);
#3357=VERTEX_POINT('',#7448);
#3358=VERTEX_POINT('',#7452);
#3359=VERTEX_POINT('',#7456);
#3360=VERTEX_POINT('',#7464);
#3361=VERTEX_POINT('',#7465);
#3362=VERTEX_POINT('',#7467);
#3363=VERTEX_POINT('',#7469);
#3364=VERTEX_POINT('',#7473);
#3365=VERTEX_POINT('',#7474);
#3366=VERTEX_POINT('',#7476);
#3367=VERTEX_POINT('',#7478);
#3368=VERTEX_POINT('',#7482);
#3369=VERTEX_POINT('',#7484);
#3370=VERTEX_POINT('',#7488);
#3371=VERTEX_POINT('',#7490);
#3372=VERTEX_POINT('',#7494);
#3373=VERTEX_POINT('',#7497);
#3374=VERTEX_POINT('',#7501);
#3375=VERTEX_POINT('',#7505);
#3376=VERTEX_POINT('',#7515);
#3377=VERTEX_POINT('',#7516);
#3378=VERTEX_POINT('',#7518);
#3379=VERTEX_POINT('',#7520);
#3380=VERTEX_POINT('',#7524);
#3381=VERTEX_POINT('',#7525);
#3382=VERTEX_POINT('',#7527);
#3383=VERTEX_POINT('',#7529);
#3384=VERTEX_POINT('',#7533);
#3385=VERTEX_POINT('',#7535);
#3386=VERTEX_POINT('',#7539);
#3387=VERTEX_POINT('',#7541);
#3388=VERTEX_POINT('',#7545);
#3389=VERTEX_POINT('',#7548);
#3390=VERTEX_POINT('',#7552);
#3391=VERTEX_POINT('',#7556);
#3392=B_SPLINE_CURVE_WITH_KNOTS('',3,(#5571,#5572,#5573,#5574,#5575),
 .UNSPECIFIED.,.F.,.F.,(4,1,4),(0.,0.0123815921441114,0.0212449211193062),
 .UNSPECIFIED.);
#3393=B_SPLINE_CURVE_WITH_KNOTS('',3,(#5580,#5581,#5582,#5583,#5584),
 .UNSPECIFIED.,.F.,.F.,(4,1,4),(-0.0212449211193062,-0.0123815921441114,
0.),.UNSPECIFIED.);
#3394=B_SPLINE_CURVE_WITH_KNOTS('',3,(#5597,#5598,#5599,#5600,#5601),
 .UNSPECIFIED.,.F.,.F.,(4,1,4),(0.,0.0108392645763524,0.0209361801610265),
 .UNSPECIFIED.);
#3395=B_SPLINE_CURVE_WITH_KNOTS('',3,(#5603,#5604,#5605,#5606,#5607),
 .UNSPECIFIED.,.F.,.F.,(4,1,4),(-0.0209361801610265,-0.0108392645763524,
0.),.UNSPECIFIED.);
#3396=B_SPLINE_CURVE_WITH_KNOTS('',3,(#5620,#5621,#5622,#5623,#5624),
 .UNSPECIFIED.,.F.,.F.,(4,1,4),(0.,0.00847475273656445,0.0175862988123867),
 .UNSPECIFIED.);
#3397=B_SPLINE_CURVE_WITH_KNOTS('',3,(#5626,#5627,#5628,#5629,#5630),
 .UNSPECIFIED.,.F.,.F.,(4,1,4),(-0.0175862988123867,-0.00847475273656445,
0.),.UNSPECIFIED.);
#3398=B_SPLINE_CURVE_WITH_KNOTS('',3,(#5643,#5644,#5645,#5646,#5647),
 .UNSPECIFIED.,.F.,.F.,(4,1,4),(0.,0.0107297219991495,0.0241735518943399),
 .UNSPECIFIED.);
#3399=B_SPLINE_CURVE_WITH_KNOTS('',3,(#5649,#5650,#5651,#5652,#5653),
 .UNSPECIFIED.,.F.,.F.,(4,1,4),(-0.0241735518943399,-0.0107297219991495,
0.),.UNSPECIFIED.);
#3400=B_SPLINE_CURVE_WITH_KNOTS('',3,(#5666,#5667,#5668,#5669,#5670),
 .UNSPECIFIED.,.F.,.F.,(4,1,4),(0.,0.0136504362440034,0.0242000213990971),
 .UNSPECIFIED.);
#3401=B_SPLINE_CURVE_WITH_KNOTS('',3,(#5672,#5673,#5674,#5675,#5676),
 .UNSPECIFIED.,.F.,.F.,(4,1,4),(-0.0242000213990971,-0.0136504362440034,
0.),.UNSPECIFIED.);
#3402=B_SPLINE_CURVE_WITH_KNOTS('',3,(#5689,#5690,#5691,#5692,#5693),
 .UNSPECIFIED.,.F.,.F.,(4,1,4),(0.,0.00881988362731317,0.0171610630990515),
 .UNSPECIFIED.);
#3403=B_SPLINE_CURVE_WITH_KNOTS('',3,(#5695,#5696,#5697,#5698,#5699),
 .UNSPECIFIED.,.F.,.F.,(4,1,4),(-0.0171610630990515,-0.00881988362731317,
0.),.UNSPECIFIED.);
#3404=B_SPLINE_CURVE_WITH_KNOTS('',3,(#5712,#5713,#5714,#5715,#5716),
 .UNSPECIFIED.,.F.,.F.,(4,1,4),(0.,0.00847475273656445,0.0175862930449294),
 .UNSPECIFIED.);
#3405=B_SPLINE_CURVE_WITH_KNOTS('',3,(#5718,#5719,#5720,#5721,#5722),
 .UNSPECIFIED.,.F.,.F.,(4,1,4),(-0.0175862930449294,-0.00847475273656445,
0.),.UNSPECIFIED.);
#3406=B_SPLINE_CURVE_WITH_KNOTS('',3,(#5735,#5736,#5737,#5738,#5739),
 .UNSPECIFIED.,.F.,.F.,(4,1,4),(0.,0.0105793158836369,0.023520472634069),
 .UNSPECIFIED.);
#3407=B_SPLINE_CURVE_WITH_KNOTS('',3,(#5740,#5741,#5742,#5743,#5744),
 .UNSPECIFIED.,.F.,.F.,(4,1,4),(-0.023520472634069,-0.0105793158836369,
0.),.UNSPECIFIED.);
#3408=B_SPLINE_CURVE_WITH_KNOTS('',3,(#5782,#5783,#5784,#5785,#5786),
 .UNSPECIFIED.,.F.,.F.,(4,1,4),(0.,0.0126310830487295,0.0250241263620409),
 .UNSPECIFIED.);
#3409=B_SPLINE_CURVE_WITH_KNOTS('',3,(#5788,#5789,#5790,#5791,#5792),
 .UNSPECIFIED.,.F.,.F.,(4,1,4),(-0.0250241263620409,-0.0126310830487295,
0.),.UNSPECIFIED.);
#3410=B_SPLINE_CURVE_WITH_KNOTS('',3,(#5805,#5806,#5807,#5808,#5809),
 .UNSPECIFIED.,.F.,.F.,(4,1,4),(0.,0.00719463619127878,0.014313055526813),
 .UNSPECIFIED.);
#3411=B_SPLINE_CURVE_WITH_KNOTS('',3,(#5811,#5812,#5813,#5814,#5815),
 .UNSPECIFIED.,.F.,.F.,(4,1,4),(-0.014313055526813,-0.00719463619127878,
0.),.UNSPECIFIED.);
#3412=B_SPLINE_CURVE_WITH_KNOTS('',3,(#5828,#5829,#5830,#5831,#5832),
 .UNSPECIFIED.,.F.,.F.,(4,1,4),(0.,0.00696497353199312,0.013743146480596),
 .UNSPECIFIED.);
#3413=B_SPLINE_CURVE_WITH_KNOTS('',3,(#5834,#5835,#5836,#5837,#5838),
 .UNSPECIFIED.,.F.,.F.,(4,1,4),(-0.013743146480596,-0.00696497353199312,
0.),.UNSPECIFIED.);
#3414=B_SPLINE_CURVE_WITH_KNOTS('',3,(#5851,#5852,#5853,#5854,#5855),
 .UNSPECIFIED.,.F.,.F.,(4,1,4),(0.,0.00702236821465271,0.0146075456527127),
 .UNSPECIFIED.);
#3415=B_SPLINE_CURVE_WITH_KNOTS('',3,(#5857,#5858,#5859,#5860,#5861),
 .UNSPECIFIED.,.F.,.F.,(4,1,4),(-0.0146075456527127,-0.00702236821465271,
0.),.UNSPECIFIED.);
#3416=B_SPLINE_CURVE_WITH_KNOTS('',3,(#5874,#5875,#5876,#5877,#5878),
 .UNSPECIFIED.,.F.,.F.,(4,1,4),(0.,0.00804520118388073,0.0164330100470978),
 .UNSPECIFIED.);
#3417=B_SPLINE_CURVE_WITH_KNOTS('',3,(#5880,#5881,#5882,#5883,#5884),
 .UNSPECIFIED.,.F.,.F.,(4,1,4),(-0.0164330100470978,-0.00804520118388073,
0.),.UNSPECIFIED.);
#3418=B_SPLINE_CURVE_WITH_KNOTS('',3,(#5897,#5898,#5899,#5900,#5901),
 .UNSPECIFIED.,.F.,.F.,(4,1,4),(0.,0.0183339806059209,0.0338302185361847),
 .UNSPECIFIED.);
#3419=B_SPLINE_CURVE_WITH_KNOTS('',3,(#5903,#5904,#5905,#5906,#5907),
 .UNSPECIFIED.,.F.,.F.,(4,1,4),(-0.0338302185361847,-0.0183339806059209,
0.),.UNSPECIFIED.);
#3420=B_SPLINE_CURVE_WITH_KNOTS('',3,(#5920,#5921,#5922,#5923,#5924),
 .UNSPECIFIED.,.F.,.F.,(4,1,4),(0.,0.0139451148911448,0.0274069549895162),
 .UNSPECIFIED.);
#3421=B_SPLINE_CURVE_WITH_KNOTS('',3,(#5926,#5927,#5928,#5929,#5930),
 .UNSPECIFIED.,.F.,.F.,(4,1,4),(-0.0274069549895162,-0.0139451148911448,
0.),.UNSPECIFIED.);
#3422=B_SPLINE_CURVE_WITH_KNOTS('',3,(#5943,#5944,#5945,#5946,#5947),
 .UNSPECIFIED.,.F.,.F.,(4,1,4),(0.,0.0129269255105964,0.0259356880049856),
 .UNSPECIFIED.);
#3423=B_SPLINE_CURVE_WITH_KNOTS('',3,(#5949,#5950,#5951,#5952,#5953),
 .UNSPECIFIED.,.F.,.F.,(4,1,4),(-0.0259356880049856,-0.0129269255105964,
0.),.UNSPECIFIED.);
#3424=B_SPLINE_CURVE_WITH_KNOTS('',3,(#5993,#5994,#5995,#5996,#5997),
 .UNSPECIFIED.,.F.,.F.,(4,1,4),(0.,0.00833662797241577,0.0141795690266988),
 .UNSPECIFIED.);
#3425=B_SPLINE_CURVE_WITH_KNOTS('',3,(#5999,#6000,#6001,#6002,#6003),
 .UNSPECIFIED.,.F.,.F.,(4,1,4),(-0.0141795690266988,-0.00833662797241577,
0.),.UNSPECIFIED.);
#3426=B_SPLINE_CURVE_WITH_KNOTS('',3,(#6016,#6017,#6018,#6019,#6020),
 .UNSPECIFIED.,.F.,.F.,(4,1,4),(0.,0.00460574637589242,0.00918599441901994),
 .UNSPECIFIED.);
#3427=B_SPLINE_CURVE_WITH_KNOTS('',3,(#6022,#6023,#6024,#6025,#6026),
 .UNSPECIFIED.,.F.,.F.,(4,1,4),(-0.00918599441901994,-0.00460574637589242,
0.),.UNSPECIFIED.);
#3428=B_SPLINE_CURVE_WITH_KNOTS('',3,(#6039,#6040,#6041,#6042,#6043),
 .UNSPECIFIED.,.F.,.F.,(4,1,4),(0.,0.00696982307993541,0.0146906126046966),
 .UNSPECIFIED.);
#3429=B_SPLINE_CURVE_WITH_KNOTS('',3,(#6045,#6046,#6047,#6048,#6049),
 .UNSPECIFIED.,.F.,.F.,(4,1,4),(-0.0146906126046966,-0.00696982307993541,
0.),.UNSPECIFIED.);
#3430=B_SPLINE_CURVE_WITH_KNOTS('',3,(#6068,#6069,#6070,#6071,#6072),
 .UNSPECIFIED.,.F.,.F.,(4,1,4),(0.,0.005416793278349,0.0104227915933759),
 .UNSPECIFIED.);
#3431=B_SPLINE_CURVE_WITH_KNOTS('',3,(#6074,#6075,#6076,#6077,#6078),
 .UNSPECIFIED.,.F.,.F.,(4,1,4),(-0.0104227915933759,-0.005416793278349,
0.),.UNSPECIFIED.);
#3432=B_SPLINE_CURVE_WITH_KNOTS('',3,(#6091,#6092,#6093,#6094,#6095),
 .UNSPECIFIED.,.F.,.F.,(4,1,4),(0.,0.00425436112246725,0.00850482096198857),
 .UNSPECIFIED.);
#3433=B_SPLINE_CURVE_WITH_KNOTS('',3,(#6097,#6098,#6099,#6100,#6101),
 .UNSPECIFIED.,.F.,.F.,(4,1,4),(-0.00850482096198857,-0.00425436112246725,
0.),.UNSPECIFIED.);
#3434=B_SPLINE_CURVE_WITH_KNOTS('',3,(#6114,#6115,#6116,#6117,#6118),
 .UNSPECIFIED.,.F.,.F.,(4,1,4),(0.,0.00438530154159933,0.0090504413776088),
 .UNSPECIFIED.);
#3435=B_SPLINE_CURVE_WITH_KNOTS('',3,(#6120,#6121,#6122,#6123,#6124),
 .UNSPECIFIED.,.F.,.F.,(4,1,4),(-0.0090504413776088,-0.00438530154159933,
0.),.UNSPECIFIED.);
#3436=B_SPLINE_CURVE_WITH_KNOTS('',3,(#6137,#6138,#6139,#6140,#6141),
 .UNSPECIFIED.,.F.,.F.,(4,1,4),(0.,0.00772761321402953,0.0159630952893595),
 .UNSPECIFIED.);
#3437=B_SPLINE_CURVE_WITH_KNOTS('',3,(#6143,#6144,#6145,#6146,#6147),
 .UNSPECIFIED.,.F.,.F.,(4,1,4),(-0.0159630952893595,-0.00772761321402953,
0.),.UNSPECIFIED.);
#3438=B_SPLINE_CURVE_WITH_KNOTS('',3,(#6193,#6194,#6195,#6196,#6197),
 .UNSPECIFIED.,.F.,.F.,(4,1,4),(0.,0.00833662797241577,0.0141795690266988),
 .UNSPECIFIED.);
#3439=B_SPLINE_CURVE_WITH_KNOTS('',3,(#6199,#6200,#6201,#6202,#6203),
 .UNSPECIFIED.,.F.,.F.,(4,1,4),(-0.0141795690266988,-0.00833662797241577,
0.),.UNSPECIFIED.);
#3440=B_SPLINE_CURVE_WITH_KNOTS('',3,(#6216,#6217,#6218,#6219,#6220),
 .UNSPECIFIED.,.F.,.F.,(4,1,4),(0.,0.00460574637589242,0.00918599441901994),
 .UNSPECIFIED.);
#3441=B_SPLINE_CURVE_WITH_KNOTS('',3,(#6222,#6223,#6224,#6225,#6226),
 .UNSPECIFIED.,.F.,.F.,(4,1,4),(-0.00918599441901994,-0.00460574637589242,
0.),.UNSPECIFIED.);
#3442=B_SPLINE_CURVE_WITH_KNOTS('',3,(#6239,#6240,#6241,#6242,#6243),
 .UNSPECIFIED.,.F.,.F.,(4,1,4),(0.,0.00696982307993541,0.0146906126046966),
 .UNSPECIFIED.);
#3443=B_SPLINE_CURVE_WITH_KNOTS('',3,(#6245,#6246,#6247,#6248,#6249),
 .UNSPECIFIED.,.F.,.F.,(4,1,4),(-0.0146906126046966,-0.00696982307993541,
0.),.UNSPECIFIED.);
#3444=B_SPLINE_CURVE_WITH_KNOTS('',3,(#6268,#6269,#6270,#6271,#6272),
 .UNSPECIFIED.,.F.,.F.,(4,1,4),(0.,0.005416793278349,0.0104227915933759),
 .UNSPECIFIED.);
#3445=B_SPLINE_CURVE_WITH_KNOTS('',3,(#6274,#6275,#6276,#6277,#6278),
 .UNSPECIFIED.,.F.,.F.,(4,1,4),(-0.0104227915933759,-0.005416793278349,
0.),.UNSPECIFIED.);
#3446=B_SPLINE_CURVE_WITH_KNOTS('',3,(#6291,#6292,#6293,#6294,#6295),
 .UNSPECIFIED.,.F.,.F.,(4,1,4),(0.,0.00425436112246725,0.00850482096198857),
 .UNSPECIFIED.);
#3447=B_SPLINE_CURVE_WITH_KNOTS('',3,(#6297,#6298,#6299,#6300,#6301),
 .UNSPECIFIED.,.F.,.F.,(4,1,4),(-0.00850482096198857,-0.00425436112246725,
0.),.UNSPECIFIED.);
#3448=B_SPLINE_CURVE_WITH_KNOTS('',3,(#6314,#6315,#6316,#6317,#6318),
 .UNSPECIFIED.,.F.,.F.,(4,1,4),(0.,0.00438530154159933,0.0090504413776088),
 .UNSPECIFIED.);
#3449=B_SPLINE_CURVE_WITH_KNOTS('',3,(#6320,#6321,#6322,#6323,#6324),
 .UNSPECIFIED.,.F.,.F.,(4,1,4),(-0.0090504413776088,-0.00438530154159933,
0.),.UNSPECIFIED.);
#3450=B_SPLINE_CURVE_WITH_KNOTS('',3,(#6337,#6338,#6339,#6340,#6341),
 .UNSPECIFIED.,.F.,.F.,(4,1,4),(0.,0.00772761321402953,0.0159630952893595),
 .UNSPECIFIED.);
#3451=B_SPLINE_CURVE_WITH_KNOTS('',3,(#6343,#6344,#6345,#6346,#6347),
 .UNSPECIFIED.,.F.,.F.,(4,1,4),(-0.0159630952893595,-0.00772761321402953,
0.),.UNSPECIFIED.);
#3452=B_SPLINE_CURVE_WITH_KNOTS('',3,(#6372,#6373,#6374,#6375,#6376),
 .UNSPECIFIED.,.F.,.F.,(4,1,4),(0.,0.0123815921441114,0.0212449211193062),
 .UNSPECIFIED.);
#3453=B_SPLINE_CURVE_WITH_KNOTS('',3,(#6381,#6382,#6383,#6384,#6385),
 .UNSPECIFIED.,.F.,.F.,(4,1,4),(-0.0212449211193062,-0.0123815921441114,
0.),.UNSPECIFIED.);
#3454=B_SPLINE_CURVE_WITH_KNOTS('',3,(#6398,#6399,#6400,#6401,#6402),
 .UNSPECIFIED.,.F.,.F.,(4,1,4),(0.,0.0108392645763524,0.0209361801610265),
 .UNSPECIFIED.);
#3455=B_SPLINE_CURVE_WITH_KNOTS('',3,(#6404,#6405,#6406,#6407,#6408),
 .UNSPECIFIED.,.F.,.F.,(4,1,4),(-0.0209361801610265,-0.0108392645763524,
0.),.UNSPECIFIED.);
#3456=B_SPLINE_CURVE_WITH_KNOTS('',3,(#6421,#6422,#6423,#6424,#6425),
 .UNSPECIFIED.,.F.,.F.,(4,1,4),(0.,0.00847475273656445,0.0175862988123867),
 .UNSPECIFIED.);
#3457=B_SPLINE_CURVE_WITH_KNOTS('',3,(#6427,#6428,#6429,#6430,#6431),
 .UNSPECIFIED.,.F.,.F.,(4,1,4),(-0.0175862988123867,-0.00847475273656445,
0.),.UNSPECIFIED.);
#3458=B_SPLINE_CURVE_WITH_KNOTS('',3,(#6444,#6445,#6446,#6447,#6448),
 .UNSPECIFIED.,.F.,.F.,(4,1,4),(0.,0.0107297219991495,0.0241735518943399),
 .UNSPECIFIED.);
#3459=B_SPLINE_CURVE_WITH_KNOTS('',3,(#6450,#6451,#6452,#6453,#6454),
 .UNSPECIFIED.,.F.,.F.,(4,1,4),(-0.0241735518943399,-0.0107297219991495,
0.),.UNSPECIFIED.);
#3460=B_SPLINE_CURVE_WITH_KNOTS('',3,(#6467,#6468,#6469,#6470,#6471),
 .UNSPECIFIED.,.F.,.F.,(4,1,4),(0.,0.0136504362440034,0.0242000213990971),
 .UNSPECIFIED.);
#3461=B_SPLINE_CURVE_WITH_KNOTS('',3,(#6473,#6474,#6475,#6476,#6477),
 .UNSPECIFIED.,.F.,.F.,(4,1,4),(-0.0242000213990971,-0.0136504362440034,
0.),.UNSPECIFIED.);
#3462=B_SPLINE_CURVE_WITH_KNOTS('',3,(#6490,#6491,#6492,#6493,#6494),
 .UNSPECIFIED.,.F.,.F.,(4,1,4),(0.,0.00881988362731317,0.0171610630990515),
 .UNSPECIFIED.);
#3463=B_SPLINE_CURVE_WITH_KNOTS('',3,(#6496,#6497,#6498,#6499,#6500),
 .UNSPECIFIED.,.F.,.F.,(4,1,4),(-0.0171610630990515,-0.00881988362731317,
0.),.UNSPECIFIED.);
#3464=B_SPLINE_CURVE_WITH_KNOTS('',3,(#6513,#6514,#6515,#6516,#6517),
 .UNSPECIFIED.,.F.,.F.,(4,1,4),(0.,0.00847475273656445,0.0175862930449294),
 .UNSPECIFIED.);
#3465=B_SPLINE_CURVE_WITH_KNOTS('',3,(#6519,#6520,#6521,#6522,#6523),
 .UNSPECIFIED.,.F.,.F.,(4,1,4),(-0.0175862930449294,-0.00847475273656445,
0.),.UNSPECIFIED.);
#3466=B_SPLINE_CURVE_WITH_KNOTS('',3,(#6536,#6537,#6538,#6539,#6540),
 .UNSPECIFIED.,.F.,.F.,(4,1,4),(0.,0.0105793158836369,0.023520472634069),
 .UNSPECIFIED.);
#3467=B_SPLINE_CURVE_WITH_KNOTS('',3,(#6541,#6542,#6543,#6544,#6545),
 .UNSPECIFIED.,.F.,.F.,(4,1,4),(-0.023520472634069,-0.0105793158836369,
0.),.UNSPECIFIED.);
#3468=B_SPLINE_CURVE_WITH_KNOTS('',3,(#6583,#6584,#6585,#6586,#6587),
 .UNSPECIFIED.,.F.,.F.,(4,1,4),(0.,0.0126310830487295,0.0250241263620409),
 .UNSPECIFIED.);
#3469=B_SPLINE_CURVE_WITH_KNOTS('',3,(#6589,#6590,#6591,#6592,#6593),
 .UNSPECIFIED.,.F.,.F.,(4,1,4),(-0.0250241263620409,-0.0126310830487295,
0.),.UNSPECIFIED.);
#3470=B_SPLINE_CURVE_WITH_KNOTS('',3,(#6606,#6607,#6608,#6609,#6610),
 .UNSPECIFIED.,.F.,.F.,(4,1,4),(0.,0.00719463619127878,0.014313055526813),
 .UNSPECIFIED.);
#3471=B_SPLINE_CURVE_WITH_KNOTS('',3,(#6612,#6613,#6614,#6615,#6616),
 .UNSPECIFIED.,.F.,.F.,(4,1,4),(-0.014313055526813,-0.00719463619127878,
0.),.UNSPECIFIED.);
#3472=B_SPLINE_CURVE_WITH_KNOTS('',3,(#6629,#6630,#6631,#6632,#6633),
 .UNSPECIFIED.,.F.,.F.,(4,1,4),(0.,0.00696497353199312,0.013743146480596),
 .UNSPECIFIED.);
#3473=B_SPLINE_CURVE_WITH_KNOTS('',3,(#6635,#6636,#6637,#6638,#6639),
 .UNSPECIFIED.,.F.,.F.,(4,1,4),(-0.013743146480596,-0.00696497353199312,
0.),.UNSPECIFIED.);
#3474=B_SPLINE_CURVE_WITH_KNOTS('',3,(#6652,#6653,#6654,#6655,#6656),
 .UNSPECIFIED.,.F.,.F.,(4,1,4),(0.,0.00702236821465271,0.0146075456527127),
 .UNSPECIFIED.);
#3475=B_SPLINE_CURVE_WITH_KNOTS('',3,(#6658,#6659,#6660,#6661,#6662),
 .UNSPECIFIED.,.F.,.F.,(4,1,4),(-0.0146075456527127,-0.00702236821465271,
0.),.UNSPECIFIED.);
#3476=B_SPLINE_CURVE_WITH_KNOTS('',3,(#6675,#6676,#6677,#6678,#6679),
 .UNSPECIFIED.,.F.,.F.,(4,1,4),(0.,0.00804520118388073,0.0164330100470978),
 .UNSPECIFIED.);
#3477=B_SPLINE_CURVE_WITH_KNOTS('',3,(#6681,#6682,#6683,#6684,#6685),
 .UNSPECIFIED.,.F.,.F.,(4,1,4),(-0.0164330100470978,-0.00804520118388073,
0.),.UNSPECIFIED.);
#3478=B_SPLINE_CURVE_WITH_KNOTS('',3,(#6698,#6699,#6700,#6701,#6702),
 .UNSPECIFIED.,.F.,.F.,(4,1,4),(0.,0.0183339806059209,0.0338302185361847),
 .UNSPECIFIED.);
#3479=B_SPLINE_CURVE_WITH_KNOTS('',3,(#6704,#6705,#6706,#6707,#6708),
 .UNSPECIFIED.,.F.,.F.,(4,1,4),(-0.0338302185361847,-0.0183339806059209,
0.),.UNSPECIFIED.);
#3480=B_SPLINE_CURVE_WITH_KNOTS('',3,(#6721,#6722,#6723,#6724,#6725),
 .UNSPECIFIED.,.F.,.F.,(4,1,4),(0.,0.0139451148911448,0.0274069549895162),
 .UNSPECIFIED.);
#3481=B_SPLINE_CURVE_WITH_KNOTS('',3,(#6727,#6728,#6729,#6730,#6731),
 .UNSPECIFIED.,.F.,.F.,(4,1,4),(-0.0274069549895162,-0.0139451148911448,
0.),.UNSPECIFIED.);
#3482=B_SPLINE_CURVE_WITH_KNOTS('',3,(#6744,#6745,#6746,#6747,#6748),
 .UNSPECIFIED.,.F.,.F.,(4,1,4),(0.,0.0129269255105964,0.0259356880049856),
 .UNSPECIFIED.);
#3483=B_SPLINE_CURVE_WITH_KNOTS('',3,(#6750,#6751,#6752,#6753,#6754),
 .UNSPECIFIED.,.F.,.F.,(4,1,4),(-0.0259356880049856,-0.0129269255105964,
0.),.UNSPECIFIED.);
#3484=EDGE_LOOP('',(#1236,#1237,#1238,#1239));
#3485=EDGE_LOOP('',(#1240,#1241,#1242,#1243));
#3486=EDGE_LOOP('',(#1244,#1245,#1246,#1247));
#3487=EDGE_LOOP('',(#1248,#1249,#1250,#1251));
#3488=EDGE_LOOP('',(#1252,#1253,#1254,#1255));
#3489=EDGE_LOOP('',(#1256,#1257,#1258,#1259));
#3490=EDGE_LOOP('',(#1260,#1261,#1262,#1263));
#3491=EDGE_LOOP('',(#1264,#1265,#1266,#1267));
#3492=EDGE_LOOP('',(#1268,#1269,#1270,#1271));
#3493=EDGE_LOOP('',(#1272,#1273,#1274,#1275));
#3494=EDGE_LOOP('',(#1276,#1277,#1278,#1279));
#3495=EDGE_LOOP('',(#1280,#1281,#1282,#1283));
#3496=EDGE_LOOP('',(#1284,#1285,#1286,#1287));
#3497=EDGE_LOOP('',(#1288,#1289,#1290,#1291));
#3498=EDGE_LOOP('',(#1292,#1293,#1294,#1295));
#3499=EDGE_LOOP('',(#1296,#1297,#1298,#1299));
#3500=EDGE_LOOP('',(#1300,#1301,#1302,#1303));
#3501=EDGE_LOOP('',(#1304,#1305,#1306,#1307));
#3502=EDGE_LOOP('',(#1308,#1309,#1310,#1311));
#3503=EDGE_LOOP('',(#1312,#1313,#1314,#1315));
#3504=EDGE_LOOP('',(#1316,#1317,#1318,#1319));
#3505=EDGE_LOOP('',(#1320,#1321,#1322,#1323,#1324,#1325,#1326,#1327,#1328,
#1329,#1330,#1331,#1332));
#3506=EDGE_LOOP('',(#1333,#1334,#1335,#1336,#1337,#1338,#1339,#1340));
#3507=EDGE_LOOP('',(#1341,#1342,#1343,#1344,#1345,#1346,#1347,#1348,#1349,
#1350,#1351,#1352,#1353));
#3508=EDGE_LOOP('',(#1354,#1355,#1356,#1357,#1358,#1359,#1360,#1361));
#3509=EDGE_LOOP('',(#1362,#1363,#1364,#1365));
#3510=EDGE_LOOP('',(#1366,#1367,#1368,#1369));
#3511=EDGE_LOOP('',(#1370,#1371,#1372,#1373));
#3512=EDGE_LOOP('',(#1374,#1375,#1376,#1377));
#3513=EDGE_LOOP('',(#1378,#1379,#1380,#1381));
#3514=EDGE_LOOP('',(#1382,#1383,#1384,#1385));
#3515=EDGE_LOOP('',(#1386,#1387,#1388,#1389));
#3516=EDGE_LOOP('',(#1390,#1391,#1392,#1393));
#3517=EDGE_LOOP('',(#1394,#1395,#1396,#1397));
#3518=EDGE_LOOP('',(#1398,#1399,#1400,#1401));
#3519=EDGE_LOOP('',(#1402,#1403,#1404,#1405));
#3520=EDGE_LOOP('',(#1406,#1407,#1408,#1409));
#3521=EDGE_LOOP('',(#1410,#1411,#1412,#1413));
#3522=EDGE_LOOP('',(#1414,#1415,#1416,#1417,#1418,#1419,#1420,#1421,#1422,
#1423,#1424,#1425,#1426));
#3523=EDGE_LOOP('',(#1427,#1428,#1429,#1430,#1431,#1432,#1433,#1434,#1435,
#1436,#1437,#1438,#1439));
#3524=EDGE_LOOP('',(#1440,#1441,#1442,#1443));
#3525=EDGE_LOOP('',(#1444,#1445,#1446,#1447));
#3526=EDGE_LOOP('',(#1448,#1449,#1450,#1451));
#3527=EDGE_LOOP('',(#1452,#1453,#1454,#1455));
#3528=EDGE_LOOP('',(#1456,#1457,#1458,#1459));
#3529=EDGE_LOOP('',(#1460,#1461,#1462,#1463));
#3530=EDGE_LOOP('',(#1464,#1465,#1466,#1467));
#3531=EDGE_LOOP('',(#1468,#1469,#1470,#1471));
#3532=EDGE_LOOP('',(#1472,#1473,#1474,#1475));
#3533=EDGE_LOOP('',(#1476,#1477,#1478,#1479));
#3534=EDGE_LOOP('',(#1480,#1481,#1482,#1483));
#3535=EDGE_LOOP('',(#1484,#1485,#1486,#1487));
#3536=EDGE_LOOP('',(#1488,#1489,#1490,#1491));
#3537=EDGE_LOOP('',(#1492,#1493,#1494,#1495,#1496,#1497,#1498,#1499,#1500,
#1501,#1502,#1503,#1504));
#3538=EDGE_LOOP('',(#1505,#1506,#1507,#1508,#1509,#1510,#1511,#1512,#1513,
#1514,#1515,#1516,#1517));
#3539=EDGE_LOOP('',(#1518,#1519,#1520,#1521));
#3540=EDGE_LOOP('',(#1522,#1523,#1524,#1525));
#3541=EDGE_LOOP('',(#1526,#1527,#1528,#1529));
#3542=EDGE_LOOP('',(#1530,#1531,#1532,#1533));
#3543=EDGE_LOOP('',(#1534,#1535,#1536,#1537));
#3544=EDGE_LOOP('',(#1538,#1539,#1540,#1541));
#3545=EDGE_LOOP('',(#1542,#1543,#1544,#1545));
#3546=EDGE_LOOP('',(#1546,#1547,#1548,#1549));
#3547=EDGE_LOOP('',(#1550,#1551,#1552,#1553));
#3548=EDGE_LOOP('',(#1554,#1555,#1556,#1557));
#3549=EDGE_LOOP('',(#1558,#1559,#1560,#1561));
#3550=EDGE_LOOP('',(#1562,#1563,#1564,#1565));
#3551=EDGE_LOOP('',(#1566,#1567,#1568,#1569));
#3552=EDGE_LOOP('',(#1570,#1571,#1572,#1573));
#3553=EDGE_LOOP('',(#1574,#1575,#1576,#1577));
#3554=EDGE_LOOP('',(#1578,#1579,#1580,#1581));
#3555=EDGE_LOOP('',(#1582,#1583,#1584,#1585));
#3556=EDGE_LOOP('',(#1586,#1587,#1588,#1589));
#3557=EDGE_LOOP('',(#1590,#1591,#1592,#1593));
#3558=EDGE_LOOP('',(#1594,#1595,#1596,#1597));
#3559=EDGE_LOOP('',(#1598,#1599,#1600,#1601));
#3560=EDGE_LOOP('',(#1602,#1603,#1604,#1605,#1606,#1607,#1608,#1609,#1610,
#1611,#1612,#1613,#1614));
#3561=EDGE_LOOP('',(#1615,#1616,#1617,#1618,#1619,#1620,#1621,#1622));
#3562=EDGE_LOOP('',(#1623,#1624,#1625,#1626,#1627,#1628,#1629,#1630,#1631,
#1632,#1633,#1634,#1635));
#3563=EDGE_LOOP('',(#1636,#1637,#1638,#1639,#1640,#1641,#1642,#1643));
#3564=EDGE_LOOP('',(#1644,#1645,#1646,#1647));
#3565=EDGE_LOOP('',(#1648,#1649,#1650,#1651));
#3566=EDGE_LOOP('',(#1652,#1653,#1654,#1655));
#3567=EDGE_LOOP('',(#1656,#1657,#1658,#1659));
#3568=EDGE_LOOP('',(#1660,#1661,#1662,#1663));
#3569=EDGE_LOOP('',(#1664,#1665,#1666,#1667));
#3570=EDGE_LOOP('',(#1668,#1669,#1670,#1671));
#3571=EDGE_LOOP('',(#1672,#1673,#1674,#1675));
#3572=EDGE_LOOP('',(#1676,#1677,#1678,#1679,#1680,#1681,#1682,#1683));
#3573=EDGE_LOOP('',(#1684,#1685,#1686,#1687,#1688,#1689,#1690,#1691));
#3574=EDGE_LOOP('',(#1692,#1693,#1694,#1695));
#3575=EDGE_LOOP('',(#1696,#1697,#1698,#1699));
#3576=EDGE_LOOP('',(#1700,#1701,#1702,#1703));
#3577=EDGE_LOOP('',(#1704,#1705,#1706,#1707));
#3578=EDGE_LOOP('',(#1708,#1709,#1710,#1711));
#3579=EDGE_LOOP('',(#1712,#1713,#1714,#1715));
#3580=EDGE_LOOP('',(#1716,#1717,#1718,#1719));
#3581=EDGE_LOOP('',(#1720,#1721,#1722,#1723));
#3582=EDGE_LOOP('',(#1724,#1725,#1726,#1727,#1728,#1729,#1730,#1731));
#3583=EDGE_LOOP('',(#1732,#1733,#1734,#1735,#1736,#1737,#1738,#1739));
#3584=EDGE_LOOP('',(#1740,#1741,#1742,#1743));
#3585=EDGE_LOOP('',(#1744,#1745,#1746,#1747));
#3586=EDGE_LOOP('',(#1748,#1749,#1750,#1751));
#3587=EDGE_LOOP('',(#1752,#1753,#1754,#1755));
#3588=EDGE_LOOP('',(#1756,#1757,#1758,#1759));
#3589=EDGE_LOOP('',(#1760,#1761,#1762,#1763));
#3590=EDGE_LOOP('',(#1764,#1765,#1766,#1767));
#3591=EDGE_LOOP('',(#1768,#1769,#1770,#1771));
#3592=EDGE_LOOP('',(#1772,#1773,#1774,#1775));
#3593=EDGE_LOOP('',(#1776,#1777,#1778,#1779));
#3594=EDGE_LOOP('',(#1780,#1781,#1782,#1783));
#3595=EDGE_LOOP('',(#1784,#1785,#1786,#1787));
#3596=EDGE_LOOP('',(#1788,#1789,#1790,#1791));
#3597=EDGE_LOOP('',(#1792,#1793,#1794,#1795));
#3598=EDGE_LOOP('',(#1796,#1797,#1798,#1799));
#3599=EDGE_LOOP('',(#1800,#1801,#1802,#1803,#1804,#1805,#1806,#1807));
#3600=EDGE_LOOP('',(#1808,#1809,#1810,#1811));
#3601=EDGE_LOOP('',(#1812,#1813,#1814,#1815,#1816,#1817,#1818,#1819));
#3602=EDGE_LOOP('',(#1820,#1821,#1822,#1823));
#3603=EDGE_LOOP('',(#1824,#1825,#1826,#1827));
#3604=EDGE_LOOP('',(#1828,#1829,#1830,#1831));
#3605=EDGE_LOOP('',(#1832,#1833,#1834,#1835));
#3606=EDGE_LOOP('',(#1836,#1837,#1838,#1839,#1840,#1841));
#3607=EDGE_LOOP('',(#1842,#1843,#1844,#1845,#1846,#1847));
#3608=EDGE_LOOP('',(#1848,#1849,#1850,#1851));
#3609=EDGE_LOOP('',(#1852,#1853,#1854,#1855));
#3610=EDGE_LOOP('',(#1856,#1857,#1858,#1859));
#3611=EDGE_LOOP('',(#1860,#1861,#1862,#1863,#1864,#1865));
#3612=EDGE_LOOP('',(#1866,#1867,#1868,#1869));
#3613=EDGE_LOOP('',(#1870,#1871,#1872,#1873));
#3614=EDGE_LOOP('',(#1874,#1875,#1876,#1877));
#3615=EDGE_LOOP('',(#1878,#1879,#1880,#1881,#1882,#1883));
#3616=EDGE_LOOP('',(#1884,#1885,#1886,#1887));
#3617=EDGE_LOOP('',(#1888,#1889,#1890,#1891));
#3618=EDGE_LOOP('',(#1892,#1893,#1894,#1895,#1896,#1897));
#3619=EDGE_LOOP('',(#1898,#1899,#1900,#1901));
#3620=EDGE_LOOP('',(#1902,#1903,#1904,#1905));
#3621=EDGE_LOOP('',(#1906,#1907,#1908,#1909));
#3622=EDGE_LOOP('',(#1910,#1911,#1912,#1913,#1914,#1915));
#3623=EDGE_LOOP('',(#1916,#1917,#1918,#1919));
#3624=EDGE_LOOP('',(#1920,#1921,#1922,#1923,#1924,#1925));
#3625=EDGE_LOOP('',(#1926,#1927,#1928,#1929));
#3626=EDGE_LOOP('',(#1930,#1931,#1932,#1933,#1934,#1935,#1936,#1937,#1938,
#1939,#1940,#1941,#1942,#1943,#1944,#1945));
#3627=EDGE_LOOP('',(#1946,#1947,#1948,#1949,#1950,#1951,#1952,#1953,#1954,
#1955,#1956,#1957,#1958,#1959,#1960,#1961));
#3628=EDGE_LOOP('',(#1962,#1963,#1964,#1965));
#3629=EDGE_LOOP('',(#1966,#1967,#1968,#1969));
#3630=EDGE_LOOP('',(#1970,#1971,#1972,#1973));
#3631=EDGE_LOOP('',(#1974,#1975,#1976,#1977,#1978,#1979));
#3632=EDGE_LOOP('',(#1980,#1981,#1982,#1983,#1984,#1985,#1986,#1987,#1988,
#1989));
#3633=EDGE_LOOP('',(#1990,#1991,#1992,#1993));
#3634=EDGE_LOOP('',(#1994,#1995,#1996,#1997));
#3635=EDGE_LOOP('',(#1998,#1999,#2000,#2001));
#3636=EDGE_LOOP('',(#2002,#2003,#2004,#2005));
#3637=EDGE_LOOP('',(#2006,#2007,#2008,#2009));
#3638=EDGE_LOOP('',(#2010,#2011,#2012,#2013));
#3639=EDGE_LOOP('',(#2014,#2015,#2016,#2017));
#3640=EDGE_LOOP('',(#2018,#2019,#2020,#2021,#2022,#2023,#2024,#2025,#2026,
#2027));
#3641=EDGE_LOOP('',(#2028,#2029,#2030,#2031,#2032,#2033));
#3642=EDGE_LOOP('',(#2034,#2035,#2036,#2037));
#3643=EDGE_LOOP('',(#2038,#2039,#2040,#2041));
#3644=EDGE_LOOP('',(#2042,#2043,#2044,#2045));
#3645=EDGE_LOOP('',(#2046,#2047,#2048,#2049,#2050,#2051));
#3646=EDGE_LOOP('',(#2052,#2053,#2054,#2055));
#3647=EDGE_LOOP('',(#2056,#2057,#2058,#2059,#2060,#2061));
#3648=EDGE_LOOP('',(#2062,#2063,#2064,#2065));
#3649=EDGE_LOOP('',(#2066,#2067,#2068,#2069));
#3650=EDGE_LOOP('',(#2070,#2071,#2072,#2073));
#3651=EDGE_LOOP('',(#2074,#2075,#2076,#2077,#2078,#2079));
#3652=EDGE_LOOP('',(#2080,#2081,#2082,#2083));
#3653=EDGE_LOOP('',(#2084,#2085,#2086,#2087));
#3654=EDGE_LOOP('',(#2088,#2089,#2090,#2091));
#3655=EDGE_LOOP('',(#2092,#2093,#2094,#2095,#2096,#2097,#2098,#2099,#2100,
#2101));
#3656=EDGE_LOOP('',(#2102,#2103,#2104,#2105,#2106,#2107,#2108,#2109,#2110,
#2111,#2112,#2113,#2114,#2115,#2116,#2117));
#3657=EDGE_LOOP('',(#2118,#2119,#2120,#2121,#2122,#2123,#2124,#2125,#2126,
#2127,#2128,#2129,#2130,#2131,#2132,#2133));
#3658=EDGE_LOOP('',(#2134,#2135,#2136,#2137));
#3659=EDGE_LOOP('',(#2138,#2139,#2140,#2141));
#3660=EDGE_LOOP('',(#2142,#2143,#2144,#2145));
#3661=EDGE_LOOP('',(#2146,#2147,#2148,#2149));
#3662=EDGE_LOOP('',(#2150,#2151,#2152,#2153));
#3663=EDGE_LOOP('',(#2154,#2155,#2156,#2157));
#3664=EDGE_LOOP('',(#2158,#2159,#2160,#2161));
#3665=EDGE_LOOP('',(#2162,#2163,#2164,#2165,#2166,#2167,#2168,#2169,#2170,
#2171));
#3666=EDGE_LOOP('',(#2172,#2173,#2174,#2175,#2176,#2177));
#3667=EDGE_LOOP('',(#2178,#2179,#2180,#2181));
#3668=EDGE_LOOP('',(#2182,#2183,#2184,#2185));
#3669=EDGE_LOOP('',(#2186,#2187,#2188,#2189));
#3670=EDGE_LOOP('',(#2190,#2191,#2192,#2193,#2194,#2195));
#3671=EDGE_LOOP('',(#2196,#2197,#2198,#2199));
#3672=EDGE_LOOP('',(#2200,#2201,#2202,#2203,#2204,#2205));
#3673=EDGE_LOOP('',(#2206,#2207,#2208,#2209));
#3674=EDGE_LOOP('',(#2210,#2211,#2212,#2213,#2214,#2215,#2216,#2217));
#3675=EDGE_LOOP('',(#2218,#2219,#2220,#2221,#2222,#2223,#2224,#2225));
#3676=EDGE_LOOP('',(#2226,#2227,#2228,#2229));
#3677=EDGE_LOOP('',(#2230,#2231,#2232,#2233));
#3678=EDGE_LOOP('',(#2234,#2235,#2236,#2237));
#3679=EDGE_LOOP('',(#2238,#2239,#2240,#2241,#2242,#2243));
#3680=EDGE_LOOP('',(#2244,#2245,#2246,#2247,#2248,#2249));
#3681=EDGE_LOOP('',(#2250,#2251,#2252,#2253));
#3682=EDGE_LOOP('',(#2254,#2255,#2256,#2257));
#3683=EDGE_LOOP('',(#2258,#2259,#2260,#2261));
#3684=EDGE_LOOP('',(#2262,#2263,#2264,#2265,#2266,#2267));
#3685=EDGE_LOOP('',(#2268,#2269,#2270,#2271));
#3686=EDGE_LOOP('',(#2272,#2273,#2274,#2275));
#3687=EDGE_LOOP('',(#2276,#2277,#2278,#2279,#2280,#2281));
#3688=EDGE_LOOP('',(#2282,#2283,#2284,#2285,#2286,#2287,#2288,#2289));
#3689=EDGE_LOOP('',(#2290,#2291,#2292,#2293));
#3690=EDGE_LOOP('',(#2294,#2295,#2296,#2297,#2298,#2299,#2300,#2301));
#3691=EDGE_LOOP('',(#2302,#2303,#2304,#2305));
#3692=EDGE_LOOP('',(#2306,#2307,#2308,#2309));
#3693=EDGE_LOOP('',(#2310,#2311,#2312,#2313,#2314,#2315));
#3694=EDGE_LOOP('',(#2316,#2317,#2318,#2319));
#3695=EDGE_LOOP('',(#2320,#2321,#2322,#2323));
#3696=EDGE_LOOP('',(#2324,#2325,#2326,#2327));
#3697=EDGE_LOOP('',(#2328,#2329,#2330,#2331));
#3698=EDGE_LOOP('',(#2332,#2333,#2334,#2335,#2336,#2337,#2338,#2339));
#3699=EDGE_LOOP('',(#2340,#2341,#2342,#2343));
#3700=EDGE_LOOP('',(#2344,#2345,#2346,#2347));
#3701=EDGE_LOOP('',(#2348,#2349,#2350,#2351));
#3702=EDGE_LOOP('',(#2352,#2353,#2354,#2355));
#3703=EDGE_LOOP('',(#2356,#2357,#2358,#2359,#2360,#2361,#2362,#2363));
#3704=EDGE_LOOP('',(#2364,#2365,#2366,#2367));
#3705=EDGE_LOOP('',(#2368,#2369,#2370,#2371));
#3706=EDGE_LOOP('',(#2372,#2373,#2374,#2375));
#3707=EDGE_LOOP('',(#2376,#2377,#2378,#2379));
#3708=EDGE_LOOP('',(#2380,#2381,#2382,#2383,#2384,#2385,#2386,#2387));
#3709=EDGE_LOOP('',(#2388,#2389,#2390,#2391));
#3710=EDGE_LOOP('',(#2392,#2393,#2394,#2395));
#3711=EDGE_LOOP('',(#2396,#2397,#2398,#2399));
#3712=EDGE_LOOP('',(#2400,#2401,#2402,#2403));
#3713=EDGE_LOOP('',(#2404,#2405,#2406,#2407,#2408,#2409,#2410,#2411));
#3714=FACE_BOUND('',#3484,.T.);
#3715=FACE_BOUND('',#3485,.T.);
#3716=FACE_BOUND('',#3486,.T.);
#3717=FACE_BOUND('',#3487,.T.);
#3718=FACE_BOUND('',#3488,.T.);
#3719=FACE_BOUND('',#3489,.T.);
#3720=FACE_BOUND('',#3490,.T.);
#3721=FACE_BOUND('',#3491,.T.);
#3722=FACE_BOUND('',#3492,.T.);
#3723=FACE_BOUND('',#3493,.T.);
#3724=FACE_BOUND('',#3494,.T.);
#3725=FACE_BOUND('',#3495,.T.);
#3726=FACE_BOUND('',#3496,.T.);
#3727=FACE_BOUND('',#3497,.T.);
#3728=FACE_BOUND('',#3498,.T.);
#3729=FACE_BOUND('',#3499,.T.);
#3730=FACE_BOUND('',#3500,.T.);
#3731=FACE_BOUND('',#3501,.T.);
#3732=FACE_BOUND('',#3502,.T.);
#3733=FACE_BOUND('',#3503,.T.);
#3734=FACE_BOUND('',#3504,.T.);
#3735=FACE_BOUND('',#3505,.T.);
#3736=FACE_BOUND('',#3506,.T.);
#3737=FACE_BOUND('',#3507,.T.);
#3738=FACE_BOUND('',#3508,.T.);
#3739=FACE_BOUND('',#3509,.T.);
#3740=FACE_BOUND('',#3510,.T.);
#3741=FACE_BOUND('',#3511,.T.);
#3742=FACE_BOUND('',#3512,.T.);
#3743=FACE_BOUND('',#3513,.T.);
#3744=FACE_BOUND('',#3514,.T.);
#3745=FACE_BOUND('',#3515,.T.);
#3746=FACE_BOUND('',#3516,.T.);
#3747=FACE_BOUND('',#3517,.T.);
#3748=FACE_BOUND('',#3518,.T.);
#3749=FACE_BOUND('',#3519,.T.);
#3750=FACE_BOUND('',#3520,.T.);
#3751=FACE_BOUND('',#3521,.T.);
#3752=FACE_BOUND('',#3522,.T.);
#3753=FACE_BOUND('',#3523,.T.);
#3754=FACE_BOUND('',#3524,.T.);
#3755=FACE_BOUND('',#3525,.T.);
#3756=FACE_BOUND('',#3526,.T.);
#3757=FACE_BOUND('',#3527,.T.);
#3758=FACE_BOUND('',#3528,.T.);
#3759=FACE_BOUND('',#3529,.T.);
#3760=FACE_BOUND('',#3530,.T.);
#3761=FACE_BOUND('',#3531,.T.);
#3762=FACE_BOUND('',#3532,.T.);
#3763=FACE_BOUND('',#3533,.T.);
#3764=FACE_BOUND('',#3534,.T.);
#3765=FACE_BOUND('',#3535,.T.);
#3766=FACE_BOUND('',#3536,.T.);
#3767=FACE_BOUND('',#3537,.T.);
#3768=FACE_BOUND('',#3538,.T.);
#3769=FACE_BOUND('',#3539,.T.);
#3770=FACE_BOUND('',#3540,.T.);
#3771=FACE_BOUND('',#3541,.T.);
#3772=FACE_BOUND('',#3542,.T.);
#3773=FACE_BOUND('',#3543,.T.);
#3774=FACE_BOUND('',#3544,.T.);
#3775=FACE_BOUND('',#3545,.T.);
#3776=FACE_BOUND('',#3546,.T.);
#3777=FACE_BOUND('',#3547,.T.);
#3778=FACE_BOUND('',#3548,.T.);
#3779=FACE_BOUND('',#3549,.T.);
#3780=FACE_BOUND('',#3550,.T.);
#3781=FACE_BOUND('',#3551,.T.);
#3782=FACE_BOUND('',#3552,.T.);
#3783=FACE_BOUND('',#3553,.T.);
#3784=FACE_BOUND('',#3554,.T.);
#3785=FACE_BOUND('',#3555,.T.);
#3786=FACE_BOUND('',#3556,.T.);
#3787=FACE_BOUND('',#3557,.T.);
#3788=FACE_BOUND('',#3558,.T.);
#3789=FACE_BOUND('',#3559,.T.);
#3790=FACE_BOUND('',#3560,.T.);
#3791=FACE_BOUND('',#3561,.T.);
#3792=FACE_BOUND('',#3562,.T.);
#3793=FACE_BOUND('',#3563,.T.);
#3794=FACE_BOUND('',#3564,.T.);
#3795=FACE_BOUND('',#3565,.T.);
#3796=FACE_BOUND('',#3566,.T.);
#3797=FACE_BOUND('',#3567,.T.);
#3798=FACE_BOUND('',#3568,.T.);
#3799=FACE_BOUND('',#3569,.T.);
#3800=FACE_BOUND('',#3570,.T.);
#3801=FACE_BOUND('',#3571,.T.);
#3802=FACE_BOUND('',#3572,.T.);
#3803=FACE_BOUND('',#3573,.T.);
#3804=FACE_BOUND('',#3574,.T.);
#3805=FACE_BOUND('',#3575,.T.);
#3806=FACE_BOUND('',#3576,.T.);
#3807=FACE_BOUND('',#3577,.T.);
#3808=FACE_BOUND('',#3578,.T.);
#3809=FACE_BOUND('',#3579,.T.);
#3810=FACE_BOUND('',#3580,.T.);
#3811=FACE_BOUND('',#3581,.T.);
#3812=FACE_BOUND('',#3582,.T.);
#3813=FACE_BOUND('',#3583,.T.);
#3814=FACE_BOUND('',#3584,.T.);
#3815=FACE_BOUND('',#3585,.T.);
#3816=FACE_BOUND('',#3586,.T.);
#3817=FACE_BOUND('',#3587,.T.);
#3818=FACE_BOUND('',#3588,.T.);
#3819=FACE_BOUND('',#3589,.T.);
#3820=FACE_BOUND('',#3590,.T.);
#3821=FACE_BOUND('',#3591,.T.);
#3822=FACE_BOUND('',#3592,.T.);
#3823=FACE_BOUND('',#3593,.T.);
#3824=FACE_BOUND('',#3594,.T.);
#3825=FACE_BOUND('',#3595,.T.);
#3826=FACE_BOUND('',#3596,.T.);
#3827=FACE_BOUND('',#3597,.T.);
#3828=FACE_BOUND('',#3598,.T.);
#3829=FACE_BOUND('',#3599,.T.);
#3830=FACE_BOUND('',#3600,.T.);
#3831=FACE_BOUND('',#3601,.T.);
#3832=FACE_BOUND('',#3602,.T.);
#3833=FACE_BOUND('',#3603,.T.);
#3834=FACE_BOUND('',#3604,.T.);
#3835=FACE_BOUND('',#3605,.T.);
#3836=FACE_BOUND('',#3606,.T.);
#3837=FACE_BOUND('',#3607,.T.);
#3838=FACE_BOUND('',#3608,.T.);
#3839=FACE_BOUND('',#3609,.T.);
#3840=FACE_BOUND('',#3610,.T.);
#3841=FACE_BOUND('',#3611,.T.);
#3842=FACE_BOUND('',#3612,.T.);
#3843=FACE_BOUND('',#3613,.T.);
#3844=FACE_BOUND('',#3614,.T.);
#3845=FACE_BOUND('',#3615,.T.);
#3846=FACE_BOUND('',#3616,.T.);
#3847=FACE_BOUND('',#3617,.T.);
#3848=FACE_BOUND('',#3618,.T.);
#3849=FACE_BOUND('',#3619,.T.);
#3850=FACE_BOUND('',#3620,.T.);
#3851=FACE_BOUND('',#3621,.T.);
#3852=FACE_BOUND('',#3622,.T.);
#3853=FACE_BOUND('',#3623,.T.);
#3854=FACE_BOUND('',#3624,.T.);
#3855=FACE_BOUND('',#3625,.T.);
#3856=FACE_BOUND('',#3626,.T.);
#3857=FACE_BOUND('',#3627,.T.);
#3858=FACE_BOUND('',#3628,.T.);
#3859=FACE_BOUND('',#3629,.T.);
#3860=FACE_BOUND('',#3630,.T.);
#3861=FACE_BOUND('',#3631,.T.);
#3862=FACE_BOUND('',#3632,.T.);
#3863=FACE_BOUND('',#3633,.T.);
#3864=FACE_BOUND('',#3634,.T.);
#3865=FACE_BOUND('',#3635,.T.);
#3866=FACE_BOUND('',#3636,.T.);
#3867=FACE_BOUND('',#3637,.T.);
#3868=FACE_BOUND('',#3638,.T.);
#3869=FACE_BOUND('',#3639,.T.);
#3870=FACE_BOUND('',#3640,.T.);
#3871=FACE_BOUND('',#3641,.T.);
#3872=FACE_BOUND('',#3642,.T.);
#3873=FACE_BOUND('',#3643,.T.);
#3874=FACE_BOUND('',#3644,.T.);
#3875=FACE_BOUND('',#3645,.T.);
#3876=FACE_BOUND('',#3646,.T.);
#3877=FACE_BOUND('',#3647,.T.);
#3878=FACE_BOUND('',#3648,.T.);
#3879=FACE_BOUND('',#3649,.T.);
#3880=FACE_BOUND('',#3650,.T.);
#3881=FACE_BOUND('',#3651,.T.);
#3882=FACE_BOUND('',#3652,.T.);
#3883=FACE_BOUND('',#3653,.T.);
#3884=FACE_BOUND('',#3654,.T.);
#3885=FACE_BOUND('',#3655,.T.);
#3886=FACE_BOUND('',#3656,.T.);
#3887=FACE_BOUND('',#3657,.T.);
#3888=FACE_BOUND('',#3658,.T.);
#3889=FACE_BOUND('',#3659,.T.);
#3890=FACE_BOUND('',#3660,.T.);
#3891=FACE_BOUND('',#3661,.T.);
#3892=FACE_BOUND('',#3662,.T.);
#3893=FACE_BOUND('',#3663,.T.);
#3894=FACE_BOUND('',#3664,.T.);
#3895=FACE_BOUND('',#3665,.T.);
#3896=FACE_BOUND('',#3666,.T.);
#3897=FACE_BOUND('',#3667,.T.);
#3898=FACE_BOUND('',#3668,.T.);
#3899=FACE_BOUND('',#3669,.T.);
#3900=FACE_BOUND('',#3670,.T.);
#3901=FACE_BOUND('',#3671,.T.);
#3902=FACE_BOUND('',#3672,.T.);
#3903=FACE_BOUND('',#3673,.T.);
#3904=FACE_BOUND('',#3674,.T.);
#3905=FACE_BOUND('',#3675,.T.);
#3906=FACE_BOUND('',#3676,.T.);
#3907=FACE_BOUND('',#3677,.T.);
#3908=FACE_BOUND('',#3678,.T.);
#3909=FACE_BOUND('',#3679,.T.);
#3910=FACE_BOUND('',#3680,.T.);
#3911=FACE_BOUND('',#3681,.T.);
#3912=FACE_BOUND('',#3682,.T.);
#3913=FACE_BOUND('',#3683,.T.);
#3914=FACE_BOUND('',#3684,.T.);
#3915=FACE_BOUND('',#3685,.T.);
#3916=FACE_BOUND('',#3686,.T.);
#3917=FACE_BOUND('',#3687,.T.);
#3918=FACE_BOUND('',#3688,.T.);
#3919=FACE_BOUND('',#3689,.T.);
#3920=FACE_BOUND('',#3690,.T.);
#3921=FACE_BOUND('',#3691,.T.);
#3922=FACE_BOUND('',#3692,.T.);
#3923=FACE_BOUND('',#3693,.T.);
#3924=FACE_BOUND('',#3694,.T.);
#3925=FACE_BOUND('',#3695,.T.);
#3926=FACE_BOUND('',#3696,.T.);
#3927=FACE_BOUND('',#3697,.T.);
#3928=FACE_BOUND('',#3698,.T.);
#3929=FACE_BOUND('',#3699,.T.);
#3930=FACE_BOUND('',#3700,.T.);
#3931=FACE_BOUND('',#3701,.T.);
#3932=FACE_BOUND('',#3702,.T.);
#3933=FACE_BOUND('',#3703,.T.);
#3934=FACE_BOUND('',#3704,.T.);
#3935=FACE_BOUND('',#3705,.T.);
#3936=FACE_BOUND('',#3706,.T.);
#3937=FACE_BOUND('',#3707,.T.);
#3938=FACE_BOUND('',#3708,.T.);
#3939=FACE_BOUND('',#3709,.T.);
#3940=FACE_BOUND('',#3710,.T.);
#3941=FACE_BOUND('',#3711,.T.);
#3942=FACE_BOUND('',#3712,.T.);
#3943=FACE_BOUND('',#3713,.T.);
#3944=B_SPLINE_SURFACE_WITH_KNOTS('',3,1,((#5561,#5562),(#5563,#5564),(#5565,
#5566),(#5567,#5568),(#5569,#5570)),.SURF_OF_LINEAR_EXTRUSION.,.F.,.F.,
 .F.,(4,1,4),(2,2),(-0.0212449211193062,-0.0123815921441114,0.),(0.,0.000100000000000003),
 .UNSPECIFIED.);
#3945=B_SPLINE_SURFACE_WITH_KNOTS('',3,1,((#5587,#5588),(#5589,#5590),(#5591,
#5592),(#5593,#5594),(#5595,#5596)),.SURF_OF_LINEAR_EXTRUSION.,.F.,.F.,
 .F.,(4,1,4),(2,2),(-0.0209361801610265,-0.0108392645763524,0.),(0.,0.000100000000000003),
 .UNSPECIFIED.);
#3946=B_SPLINE_SURFACE_WITH_KNOTS('',3,1,((#5610,#5611),(#5612,#5613),(#5614,
#5615),(#5616,#5617),(#5618,#5619)),.SURF_OF_LINEAR_EXTRUSION.,.F.,.F.,
 .F.,(4,1,4),(2,2),(-0.0175862988123867,-0.00847475273656445,0.),(0.,0.000100000000000003),
 .UNSPECIFIED.);
#3947=B_SPLINE_SURFACE_WITH_KNOTS('',3,1,((#5633,#5634),(#5635,#5636),(#5637,
#5638),(#5639,#5640),(#5641,#5642)),.SURF_OF_LINEAR_EXTRUSION.,.F.,.F.,
 .F.,(4,1,4),(2,2),(-0.0241735518943399,-0.0107297219991495,0.),(0.,0.000100000000000003),
 .UNSPECIFIED.);
#3948=B_SPLINE_SURFACE_WITH_KNOTS('',3,1,((#5656,#5657),(#5658,#5659),(#5660,
#5661),(#5662,#5663),(#5664,#5665)),.SURF_OF_LINEAR_EXTRUSION.,.F.,.F.,
 .F.,(4,1,4),(2,2),(-0.0242000213990971,-0.0136504362440034,0.),(0.,0.000100000000000003),
 .UNSPECIFIED.);
#3949=B_SPLINE_SURFACE_WITH_KNOTS('',3,1,((#5679,#5680),(#5681,#5682),(#5683,
#5684),(#5685,#5686),(#5687,#5688)),.SURF_OF_LINEAR_EXTRUSION.,.F.,.F.,
 .F.,(4,1,4),(2,2),(-0.0171610630990515,-0.00881988362731317,0.),(0.,0.000100000000000003),
 .UNSPECIFIED.);
#3950=B_SPLINE_SURFACE_WITH_KNOTS('',3,1,((#5702,#5703),(#5704,#5705),(#5706,
#5707),(#5708,#5709),(#5710,#5711)),.SURF_OF_LINEAR_EXTRUSION.,.F.,.F.,
 .F.,(4,1,4),(2,2),(-0.0175862930449294,-0.00847475273656445,0.),(0.,0.000100000000000003),
 .UNSPECIFIED.);
#3951=B_SPLINE_SURFACE_WITH_KNOTS('',3,1,((#5725,#5726),(#5727,#5728),(#5729,
#5730),(#5731,#5732),(#5733,#5734)),.SURF_OF_LINEAR_EXTRUSION.,.F.,.F.,
 .F.,(4,1,4),(2,2),(-0.023520472634069,-0.0105793158836369,0.),(0.,0.000100000000000003),
 .UNSPECIFIED.);
#3952=B_SPLINE_SURFACE_WITH_KNOTS('',3,1,((#5772,#5773),(#5774,#5775),(#5776,
#5777),(#5778,#5779),(#5780,#5781)),.SURF_OF_LINEAR_EXTRUSION.,.F.,.F.,
 .F.,(4,1,4),(2,2),(-0.0250241263620409,-0.0126310830487295,0.),(0.,0.000100000000000003),
 .UNSPECIFIED.);
#3953=B_SPLINE_SURFACE_WITH_KNOTS('',3,1,((#5795,#5796),(#5797,#5798),(#5799,
#5800),(#5801,#5802),(#5803,#5804)),.SURF_OF_LINEAR_EXTRUSION.,.F.,.F.,
 .F.,(4,1,4),(2,2),(-0.014313055526813,-0.00719463619127878,0.),(0.,0.000100000000000003),
 .UNSPECIFIED.);
#3954=B_SPLINE_SURFACE_WITH_KNOTS('',3,1,((#5818,#5819),(#5820,#5821),(#5822,
#5823),(#5824,#5825),(#5826,#5827)),.SURF_OF_LINEAR_EXTRUSION.,.F.,.F.,
 .F.,(4,1,4),(2,2),(-0.013743146480596,-0.00696497353199312,0.),(0.,0.000100000000000003),
 .UNSPECIFIED.);
#3955=B_SPLINE_SURFACE_WITH_KNOTS('',3,1,((#5841,#5842),(#5843,#5844),(#5845,
#5846),(#5847,#5848),(#5849,#5850)),.SURF_OF_LINEAR_EXTRUSION.,.F.,.F.,
 .F.,(4,1,4),(2,2),(-0.0146075456527127,-0.00702236821465271,0.),(0.,0.000100000000000003),
 .UNSPECIFIED.);
#3956=B_SPLINE_SURFACE_WITH_KNOTS('',3,1,((#5864,#5865),(#5866,#5867),(#5868,
#5869),(#5870,#5871),(#5872,#5873)),.SURF_OF_LINEAR_EXTRUSION.,.F.,.F.,
 .F.,(4,1,4),(2,2),(-0.0164330100470978,-0.00804520118388073,0.),(0.,0.000100000000000003),
 .UNSPECIFIED.);
#3957=B_SPLINE_SURFACE_WITH_KNOTS('',3,1,((#5887,#5888),(#5889,#5890),(#5891,
#5892),(#5893,#5894),(#5895,#5896)),.SURF_OF_LINEAR_EXTRUSION.,.F.,.F.,
 .F.,(4,1,4),(2,2),(-0.0338302185361847,-0.0183339806059209,0.),(0.,0.000100000000000003),
 .UNSPECIFIED.);
#3958=B_SPLINE_SURFACE_WITH_KNOTS('',3,1,((#5910,#5911),(#5912,#5913),(#5914,
#5915),(#5916,#5917),(#5918,#5919)),.SURF_OF_LINEAR_EXTRUSION.,.F.,.F.,
 .F.,(4,1,4),(2,2),(-0.0274069549895162,-0.0139451148911448,0.),(0.,0.000100000000000003),
 .UNSPECIFIED.);
#3959=B_SPLINE_SURFACE_WITH_KNOTS('',3,1,((#5933,#5934),(#5935,#5936),(#5937,
#5938),(#5939,#5940),(#5941,#5942)),.SURF_OF_LINEAR_EXTRUSION.,.F.,.F.,
 .F.,(4,1,4),(2,2),(-0.0259356880049856,-0.0129269255105964,0.),(0.,0.000100000000000003),
 .UNSPECIFIED.);
#3960=B_SPLINE_SURFACE_WITH_KNOTS('',3,1,((#5983,#5984),(#5985,#5986),(#5987,
#5988),(#5989,#5990),(#5991,#5992)),.SURF_OF_LINEAR_EXTRUSION.,.F.,.F.,
 .F.,(4,1,4),(2,2),(-0.0141795690266988,-0.00833662797241577,0.),(0.,0.000100000000000003),
 .UNSPECIFIED.);
#3961=B_SPLINE_SURFACE_WITH_KNOTS('',3,1,((#6006,#6007),(#6008,#6009),(#6010,
#6011),(#6012,#6013),(#6014,#6015)),.SURF_OF_LINEAR_EXTRUSION.,.F.,.F.,
 .F.,(4,1,4),(2,2),(-0.00918599441901994,-0.00460574637589242,0.),(0.,0.000100000000000003),
 .UNSPECIFIED.);
#3962=B_SPLINE_SURFACE_WITH_KNOTS('',3,1,((#6029,#6030),(#6031,#6032),(#6033,
#6034),(#6035,#6036),(#6037,#6038)),.SURF_OF_LINEAR_EXTRUSION.,.F.,.F.,
 .F.,(4,1,4),(2,2),(-0.0146906126046966,-0.00696982307993541,0.),(0.,0.000100000000000003),
 .UNSPECIFIED.);
#3963=B_SPLINE_SURFACE_WITH_KNOTS('',3,1,((#6058,#6059),(#6060,#6061),(#6062,
#6063),(#6064,#6065),(#6066,#6067)),.SURF_OF_LINEAR_EXTRUSION.,.F.,.F.,
 .F.,(4,1,4),(2,2),(-0.0104227915933759,-0.005416793278349,0.),(0.,0.000100000000000003),
 .UNSPECIFIED.);
#3964=B_SPLINE_SURFACE_WITH_KNOTS('',3,1,((#6081,#6082),(#6083,#6084),(#6085,
#6086),(#6087,#6088),(#6089,#6090)),.SURF_OF_LINEAR_EXTRUSION.,.F.,.F.,
 .F.,(4,1,4),(2,2),(-0.00850482096198857,-0.00425436112246725,0.),(0.,0.000100000000000003),
 .UNSPECIFIED.);
#3965=B_SPLINE_SURFACE_WITH_KNOTS('',3,1,((#6104,#6105),(#6106,#6107),(#6108,
#6109),(#6110,#6111),(#6112,#6113)),.SURF_OF_LINEAR_EXTRUSION.,.F.,.F.,
 .F.,(4,1,4),(2,2),(-0.0090504413776088,-0.00438530154159933,0.),(0.,0.000100000000000003),
 .UNSPECIFIED.);
#3966=B_SPLINE_SURFACE_WITH_KNOTS('',3,1,((#6127,#6128),(#6129,#6130),(#6131,
#6132),(#6133,#6134),(#6135,#6136)),.SURF_OF_LINEAR_EXTRUSION.,.F.,.F.,
 .F.,(4,1,4),(2,2),(-0.0159630952893595,-0.00772761321402953,0.),(0.,0.000100000000000003),
 .UNSPECIFIED.);
#3967=B_SPLINE_SURFACE_WITH_KNOTS('',3,1,((#6183,#6184),(#6185,#6186),(#6187,
#6188),(#6189,#6190),(#6191,#6192)),.SURF_OF_LINEAR_EXTRUSION.,.F.,.F.,
 .F.,(4,1,4),(2,2),(-0.0141795690266988,-0.00833662797241577,0.),(0.,0.000100000000000003),
 .UNSPECIFIED.);
#3968=B_SPLINE_SURFACE_WITH_KNOTS('',3,1,((#6206,#6207),(#6208,#6209),(#6210,
#6211),(#6212,#6213),(#6214,#6215)),.SURF_OF_LINEAR_EXTRUSION.,.F.,.F.,
 .F.,(4,1,4),(2,2),(-0.00918599441901994,-0.00460574637589242,0.),(0.,0.000100000000000003),
 .UNSPECIFIED.);
#3969=B_SPLINE_SURFACE_WITH_KNOTS('',3,1,((#6229,#6230),(#6231,#6232),(#6233,
#6234),(#6235,#6236),(#6237,#6238)),.SURF_OF_LINEAR_EXTRUSION.,.F.,.F.,
 .F.,(4,1,4),(2,2),(-0.0146906126046966,-0.00696982307993541,0.),(0.,0.000100000000000003),
 .UNSPECIFIED.);
#3970=B_SPLINE_SURFACE_WITH_KNOTS('',3,1,((#6258,#6259),(#6260,#6261),(#6262,
#6263),(#6264,#6265),(#6266,#6267)),.SURF_OF_LINEAR_EXTRUSION.,.F.,.F.,
 .F.,(4,1,4),(2,2),(-0.0104227915933759,-0.005416793278349,0.),(0.,0.000100000000000003),
 .UNSPECIFIED.);
#3971=B_SPLINE_SURFACE_WITH_KNOTS('',3,1,((#6281,#6282),(#6283,#6284),(#6285,
#6286),(#6287,#6288),(#6289,#6290)),.SURF_OF_LINEAR_EXTRUSION.,.F.,.F.,
 .F.,(4,1,4),(2,2),(-0.00850482096198857,-0.00425436112246725,0.),(0.,0.000100000000000003),
 .UNSPECIFIED.);
#3972=B_SPLINE_SURFACE_WITH_KNOTS('',3,1,((#6304,#6305),(#6306,#6307),(#6308,
#6309),(#6310,#6311),(#6312,#6313)),.SURF_OF_LINEAR_EXTRUSION.,.F.,.F.,
 .F.,(4,1,4),(2,2),(-0.0090504413776088,-0.00438530154159933,0.),(0.,0.000100000000000003),
 .UNSPECIFIED.);
#3973=B_SPLINE_SURFACE_WITH_KNOTS('',3,1,((#6327,#6328),(#6329,#6330),(#6331,
#6332),(#6333,#6334),(#6335,#6336)),.SURF_OF_LINEAR_EXTRUSION.,.F.,.F.,
 .F.,(4,1,4),(2,2),(-0.0159630952893595,-0.00772761321402953,0.),(0.,0.000100000000000003),
 .UNSPECIFIED.);
#3974=B_SPLINE_SURFACE_WITH_KNOTS('',3,1,((#6362,#6363),(#6364,#6365),(#6366,
#6367),(#6368,#6369),(#6370,#6371)),.SURF_OF_LINEAR_EXTRUSION.,.F.,.F.,
 .F.,(4,1,4),(2,2),(-0.0212449211193062,-0.0123815921441114,0.),(0.,0.000100000000000003),
 .UNSPECIFIED.);
#3975=B_SPLINE_SURFACE_WITH_KNOTS('',3,1,((#6388,#6389),(#6390,#6391),(#6392,
#6393),(#6394,#6395),(#6396,#6397)),.SURF_OF_LINEAR_EXTRUSION.,.F.,.F.,
 .F.,(4,1,4),(2,2),(-0.0209361801610265,-0.0108392645763524,0.),(0.,0.000100000000000003),
 .UNSPECIFIED.);
#3976=B_SPLINE_SURFACE_WITH_KNOTS('',3,1,((#6411,#6412),(#6413,#6414),(#6415,
#6416),(#6417,#6418),(#6419,#6420)),.SURF_OF_LINEAR_EXTRUSION.,.F.,.F.,
 .F.,(4,1,4),(2,2),(-0.0175862988123867,-0.00847475273656445,0.),(0.,0.000100000000000003),
 .UNSPECIFIED.);
#3977=B_SPLINE_SURFACE_WITH_KNOTS('',3,1,((#6434,#6435),(#6436,#6437),(#6438,
#6439),(#6440,#6441),(#6442,#6443)),.SURF_OF_LINEAR_EXTRUSION.,.F.,.F.,
 .F.,(4,1,4),(2,2),(-0.0241735518943399,-0.0107297219991495,0.),(0.,0.000100000000000003),
 .UNSPECIFIED.);
#3978=B_SPLINE_SURFACE_WITH_KNOTS('',3,1,((#6457,#6458),(#6459,#6460),(#6461,
#6462),(#6463,#6464),(#6465,#6466)),.SURF_OF_LINEAR_EXTRUSION.,.F.,.F.,
 .F.,(4,1,4),(2,2),(-0.0242000213990971,-0.0136504362440034,0.),(0.,0.000100000000000003),
 .UNSPECIFIED.);
#3979=B_SPLINE_SURFACE_WITH_KNOTS('',3,1,((#6480,#6481),(#6482,#6483),(#6484,
#6485),(#6486,#6487),(#6488,#6489)),.SURF_OF_LINEAR_EXTRUSION.,.F.,.F.,
 .F.,(4,1,4),(2,2),(-0.0171610630990515,-0.00881988362731317,0.),(0.,0.000100000000000003),
 .UNSPECIFIED.);
#3980=B_SPLINE_SURFACE_WITH_KNOTS('',3,1,((#6503,#6504),(#6505,#6506),(#6507,
#6508),(#6509,#6510),(#6511,#6512)),.SURF_OF_LINEAR_EXTRUSION.,.F.,.F.,
 .F.,(4,1,4),(2,2),(-0.0175862930449294,-0.00847475273656445,0.),(0.,0.000100000000000003),
 .UNSPECIFIED.);
#3981=B_SPLINE_SURFACE_WITH_KNOTS('',3,1,((#6526,#6527),(#6528,#6529),(#6530,
#6531),(#6532,#6533),(#6534,#6535)),.SURF_OF_LINEAR_EXTRUSION.,.F.,.F.,
 .F.,(4,1,4),(2,2),(-0.023520472634069,-0.0105793158836369,0.),(0.,0.000100000000000003),
 .UNSPECIFIED.);
#3982=B_SPLINE_SURFACE_WITH_KNOTS('',3,1,((#6573,#6574),(#6575,#6576),(#6577,
#6578),(#6579,#6580),(#6581,#6582)),.SURF_OF_LINEAR_EXTRUSION.,.F.,.F.,
 .F.,(4,1,4),(2,2),(-0.0250241263620409,-0.0126310830487295,0.),(0.,0.000100000000000003),
 .UNSPECIFIED.);
#3983=B_SPLINE_SURFACE_WITH_KNOTS('',3,1,((#6596,#6597),(#6598,#6599),(#6600,
#6601),(#6602,#6603),(#6604,#6605)),.SURF_OF_LINEAR_EXTRUSION.,.F.,.F.,
 .F.,(4,1,4),(2,2),(-0.014313055526813,-0.00719463619127878,0.),(0.,0.000100000000000003),
 .UNSPECIFIED.);
#3984=B_SPLINE_SURFACE_WITH_KNOTS('',3,1,((#6619,#6620),(#6621,#6622),(#6623,
#6624),(#6625,#6626),(#6627,#6628)),.SURF_OF_LINEAR_EXTRUSION.,.F.,.F.,
 .F.,(4,1,4),(2,2),(-0.013743146480596,-0.00696497353199312,0.),(0.,0.000100000000000003),
 .UNSPECIFIED.);
#3985=B_SPLINE_SURFACE_WITH_KNOTS('',3,1,((#6642,#6643),(#6644,#6645),(#6646,
#6647),(#6648,#6649),(#6650,#6651)),.SURF_OF_LINEAR_EXTRUSION.,.F.,.F.,
 .F.,(4,1,4),(2,2),(-0.0146075456527127,-0.00702236821465271,0.),(0.,0.000100000000000003),
 .UNSPECIFIED.);
#3986=B_SPLINE_SURFACE_WITH_KNOTS('',3,1,((#6665,#6666),(#6667,#6668),(#6669,
#6670),(#6671,#6672),(#6673,#6674)),.SURF_OF_LINEAR_EXTRUSION.,.F.,.F.,
 .F.,(4,1,4),(2,2),(-0.0164330100470978,-0.00804520118388073,0.),(0.,0.000100000000000003),
 .UNSPECIFIED.);
#3987=B_SPLINE_SURFACE_WITH_KNOTS('',3,1,((#6688,#6689),(#6690,#6691),(#6692,
#6693),(#6694,#6695),(#6696,#6697)),.SURF_OF_LINEAR_EXTRUSION.,.F.,.F.,
 .F.,(4,1,4),(2,2),(-0.0338302185361847,-0.0183339806059209,0.),(0.,0.000100000000000003),
 .UNSPECIFIED.);
#3988=B_SPLINE_SURFACE_WITH_KNOTS('',3,1,((#6711,#6712),(#6713,#6714),(#6715,
#6716),(#6717,#6718),(#6719,#6720)),.SURF_OF_LINEAR_EXTRUSION.,.F.,.F.,
 .F.,(4,1,4),(2,2),(-0.0274069549895162,-0.0139451148911448,0.),(0.,0.000100000000000003),
 .UNSPECIFIED.);
#3989=B_SPLINE_SURFACE_WITH_KNOTS('',3,1,((#6734,#6735),(#6736,#6737),(#6738,
#6739),(#6740,#6741),(#6742,#6743)),.SURF_OF_LINEAR_EXTRUSION.,.F.,.F.,
 .F.,(4,1,4),(2,2),(-0.0259356880049856,-0.0129269255105964,0.),(0.,0.000100000000000003),
 .UNSPECIFIED.);
#3990=ADVANCED_FACE('',(#3714),#3944,.T.);
#3991=ADVANCED_FACE('',(#3715),#3945,.T.);
#3992=ADVANCED_FACE('',(#3716),#3946,.T.);
#3993=ADVANCED_FACE('',(#3717),#3947,.T.);
#3994=ADVANCED_FACE('',(#3718),#3948,.T.);
#3995=ADVANCED_FACE('',(#3719),#3949,.T.);
#3996=ADVANCED_FACE('',(#3720),#3950,.T.);
#3997=ADVANCED_FACE('',(#3721),#3951,.T.);
#3998=ADVANCED_FACE('',(#3722),#174,.T.);
#3999=ADVANCED_FACE('',(#3723),#175,.T.);
#4000=ADVANCED_FACE('',(#3724),#176,.T.);
#4001=ADVANCED_FACE('',(#3725),#177,.T.);
#4002=ADVANCED_FACE('',(#3726),#3952,.T.);
#4003=ADVANCED_FACE('',(#3727),#3953,.T.);
#4004=ADVANCED_FACE('',(#3728),#3954,.T.);
#4005=ADVANCED_FACE('',(#3729),#3955,.T.);
#4006=ADVANCED_FACE('',(#3730),#3956,.T.);
#4007=ADVANCED_FACE('',(#3731),#3957,.T.);
#4008=ADVANCED_FACE('',(#3732),#3958,.T.);
#4009=ADVANCED_FACE('',(#3733),#3959,.T.);
#4010=ADVANCED_FACE('',(#3734),#178,.T.);
#4011=ADVANCED_FACE('',(#3735,#3736),#179,.T.);
#4012=ADVANCED_FACE('',(#3737,#3738),#180,.F.);
#4013=ADVANCED_FACE('',(#3739),#181,.T.);
#4014=ADVANCED_FACE('',(#3740),#182,.T.);
#4015=ADVANCED_FACE('',(#3741),#183,.T.);
#4016=ADVANCED_FACE('',(#3742),#3960,.T.);
#4017=ADVANCED_FACE('',(#3743),#3961,.T.);
#4018=ADVANCED_FACE('',(#3744),#3962,.T.);
#4019=ADVANCED_FACE('',(#3745),#184,.T.);
#4020=ADVANCED_FACE('',(#3746),#3963,.T.);
#4021=ADVANCED_FACE('',(#3747),#3964,.T.);
#4022=ADVANCED_FACE('',(#3748),#3965,.T.);
#4023=ADVANCED_FACE('',(#3749),#3966,.T.);
#4024=ADVANCED_FACE('',(#3750),#185,.T.);
#4025=ADVANCED_FACE('',(#3751),#186,.T.);
#4026=ADVANCED_FACE('',(#3752),#187,.T.);
#4027=ADVANCED_FACE('',(#3753),#188,.F.);
#4028=ADVANCED_FACE('',(#3754),#189,.T.);
#4029=ADVANCED_FACE('',(#3755),#190,.T.);
#4030=ADVANCED_FACE('',(#3756),#191,.T.);
#4031=ADVANCED_FACE('',(#3757),#3967,.T.);
#4032=ADVANCED_FACE('',(#3758),#3968,.T.);
#4033=ADVANCED_FACE('',(#3759),#3969,.T.);
#4034=ADVANCED_FACE('',(#3760),#192,.T.);
#4035=ADVANCED_FACE('',(#3761),#3970,.T.);
#4036=ADVANCED_FACE('',(#3762),#3971,.T.);
#4037=ADVANCED_FACE('',(#3763),#3972,.T.);
#4038=ADVANCED_FACE('',(#3764),#3973,.T.);
#4039=ADVANCED_FACE('',(#3765),#193,.T.);
#4040=ADVANCED_FACE('',(#3766),#194,.T.);
#4041=ADVANCED_FACE('',(#3767),#195,.T.);
#4042=ADVANCED_FACE('',(#3768),#196,.F.);
#4043=ADVANCED_FACE('',(#3769),#3974,.T.);
#4044=ADVANCED_FACE('',(#3770),#3975,.T.);
#4045=ADVANCED_FACE('',(#3771),#3976,.T.);
#4046=ADVANCED_FACE('',(#3772),#3977,.T.);
#4047=ADVANCED_FACE('',(#3773),#3978,.T.);
#4048=ADVANCED_FACE('',(#3774),#3979,.T.);
#4049=ADVANCED_FACE('',(#3775),#3980,.T.);
#4050=ADVANCED_FACE('',(#3776),#3981,.T.);
#4051=ADVANCED_FACE('',(#3777),#197,.T.);
#4052=ADVANCED_FACE('',(#3778),#198,.T.);
#4053=ADVANCED_FACE('',(#3779),#199,.T.);
#4054=ADVANCED_FACE('',(#3780),#200,.T.);
#4055=ADVANCED_FACE('',(#3781),#3982,.T.);
#4056=ADVANCED_FACE('',(#3782),#3983,.T.);
#4057=ADVANCED_FACE('',(#3783),#3984,.T.);
#4058=ADVANCED_FACE('',(#3784),#3985,.T.);
#4059=ADVANCED_FACE('',(#3785),#3986,.T.);
#4060=ADVANCED_FACE('',(#3786),#3987,.T.);
#4061=ADVANCED_FACE('',(#3787),#3988,.T.);
#4062=ADVANCED_FACE('',(#3788),#3989,.T.);
#4063=ADVANCED_FACE('',(#3789),#201,.T.);
#4064=ADVANCED_FACE('',(#3790,#3791),#202,.T.);
#4065=ADVANCED_FACE('',(#3792,#3793),#203,.F.);
#4066=ADVANCED_FACE('',(#3794),#204,.F.);
#4067=ADVANCED_FACE('',(#3795),#205,.F.);
#4068=ADVANCED_FACE('',(#3796),#206,.F.);
#4069=ADVANCED_FACE('',(#3797),#207,.F.);
#4070=ADVANCED_FACE('',(#3798),#208,.F.);
#4071=ADVANCED_FACE('',(#3799),#209,.F.);
#4072=ADVANCED_FACE('',(#3800),#210,.F.);
#4073=ADVANCED_FACE('',(#3801),#211,.F.);
#4074=ADVANCED_FACE('',(#3802),#212,.T.);
#4075=ADVANCED_FACE('',(#3803),#213,.F.);
#4076=ADVANCED_FACE('',(#3804),#214,.T.);
#4077=ADVANCED_FACE('',(#3805),#215,.T.);
#4078=ADVANCED_FACE('',(#3806),#216,.T.);
#4079=ADVANCED_FACE('',(#3807),#217,.T.);
#4080=ADVANCED_FACE('',(#3808),#218,.T.);
#4081=ADVANCED_FACE('',(#3809),#219,.T.);
#4082=ADVANCED_FACE('',(#3810),#220,.T.);
#4083=ADVANCED_FACE('',(#3811),#221,.T.);
#4084=ADVANCED_FACE('',(#3812),#222,.F.);
#4085=ADVANCED_FACE('',(#3813),#223,.T.);
#4086=ADVANCED_FACE('',(#3814),#224,.F.);
#4087=ADVANCED_FACE('',(#3815),#225,.F.);
#4088=ADVANCED_FACE('',(#3816),#226,.F.);
#4089=ADVANCED_FACE('',(#3817),#227,.F.);
#4090=ADVANCED_FACE('',(#3818),#228,.T.);
#4091=ADVANCED_FACE('',(#3819),#229,.F.);
#4092=ADVANCED_FACE('',(#3820),#230,.T.);
#4093=ADVANCED_FACE('',(#3821),#231,.T.);
#4094=ADVANCED_FACE('',(#3822),#232,.T.);
#4095=ADVANCED_FACE('',(#3823),#233,.T.);
#4096=ADVANCED_FACE('',(#3824),#234,.F.);
#4097=ADVANCED_FACE('',(#3825),#235,.T.);
#4098=ADVANCED_FACE('',(#3826),#62,.F.);
#4099=ADVANCED_FACE('',(#3827),#63,.F.);
#4100=ADVANCED_FACE('',(#3828),#236,.T.);
#4101=ADVANCED_FACE('',(#3829),#237,.T.);
#4102=ADVANCED_FACE('',(#3830),#238,.T.);
#4103=ADVANCED_FACE('',(#3831),#239,.T.);
#4104=ADVANCED_FACE('',(#3832),#240,.T.);
#4105=ADVANCED_FACE('',(#3833),#241,.T.);
#4106=ADVANCED_FACE('',(#3834),#242,.T.);
#4107=ADVANCED_FACE('',(#3835),#243,.T.);
#4108=ADVANCED_FACE('',(#3836),#244,.T.);
#4109=ADVANCED_FACE('',(#3837),#245,.F.);
#4110=ADVANCED_FACE('',(#3838),#246,.F.);
#4111=ADVANCED_FACE('',(#3839),#247,.F.);
#4112=ADVANCED_FACE('',(#3840),#248,.F.);
#4113=ADVANCED_FACE('',(#3841),#249,.F.);
#4114=ADVANCED_FACE('',(#3842),#250,.F.);
#4115=ADVANCED_FACE('',(#3843),#64,.F.);
#4116=ADVANCED_FACE('',(#3844),#251,.F.);
#4117=ADVANCED_FACE('',(#3845),#252,.T.);
#4118=ADVANCED_FACE('',(#3846),#65,.T.);
#4119=ADVANCED_FACE('',(#3847),#66,.T.);
#4120=ADVANCED_FACE('',(#3848),#253,.F.);
#4121=ADVANCED_FACE('',(#3849),#254,.F.);
#4122=ADVANCED_FACE('',(#3850),#67,.F.);
#4123=ADVANCED_FACE('',(#3851),#255,.F.);
#4124=ADVANCED_FACE('',(#3852),#256,.T.);
#4125=ADVANCED_FACE('',(#3853),#68,.T.);
#4126=ADVANCED_FACE('',(#3854),#257,.F.);
#4127=ADVANCED_FACE('',(#3855),#69,.F.);
#4128=ADVANCED_FACE('',(#3856),#258,.T.);
#4129=ADVANCED_FACE('',(#3857),#259,.T.);
#4130=ADVANCED_FACE('',(#3858),#260,.F.);
#4131=ADVANCED_FACE('',(#3859),#261,.F.);
#4132=ADVANCED_FACE('',(#3860),#262,.F.);
#4133=ADVANCED_FACE('',(#3861),#263,.T.);
#4134=ADVANCED_FACE('',(#3862),#264,.T.);
#4135=ADVANCED_FACE('',(#3863),#265,.F.);
#4136=ADVANCED_FACE('',(#3864),#266,.F.);
#4137=ADVANCED_FACE('',(#3865),#267,.F.);
#4138=ADVANCED_FACE('',(#3866),#268,.F.);
#4139=ADVANCED_FACE('',(#3867),#269,.F.);
#4140=ADVANCED_FACE('',(#3868),#270,.F.);
#4141=ADVANCED_FACE('',(#3869),#271,.F.);
#4142=ADVANCED_FACE('',(#3870),#272,.F.);
#4143=ADVANCED_FACE('',(#3871),#273,.T.);
#4144=ADVANCED_FACE('',(#3872),#274,.F.);
#4145=ADVANCED_FACE('',(#3873),#275,.F.);
#4146=ADVANCED_FACE('',(#3874),#70,.T.);
#4147=ADVANCED_FACE('',(#3875),#276,.F.);
#4148=ADVANCED_FACE('',(#3876),#71,.T.);
#4149=ADVANCED_FACE('',(#3877),#277,.T.);
#4150=ADVANCED_FACE('',(#3878),#278,.F.);
#4151=ADVANCED_FACE('',(#3879),#279,.F.);
#4152=ADVANCED_FACE('',(#3880),#72,.T.);
#4153=ADVANCED_FACE('',(#3881),#280,.F.);
#4154=ADVANCED_FACE('',(#3882),#73,.T.);
#4155=ADVANCED_FACE('',(#3883),#74,.T.);
#4156=ADVANCED_FACE('',(#3884),#75,.F.);
#4157=ADVANCED_FACE('',(#3885),#281,.T.);
#4158=ADVANCED_FACE('',(#3886),#282,.T.);
#4159=ADVANCED_FACE('',(#3887),#283,.T.);
#4160=ADVANCED_FACE('',(#3888),#284,.F.);
#4161=ADVANCED_FACE('',(#3889),#285,.F.);
#4162=ADVANCED_FACE('',(#3890),#286,.F.);
#4163=ADVANCED_FACE('',(#3891),#287,.F.);
#4164=ADVANCED_FACE('',(#3892),#288,.F.);
#4165=ADVANCED_FACE('',(#3893),#289,.F.);
#4166=ADVANCED_FACE('',(#3894),#290,.F.);
#4167=ADVANCED_FACE('',(#3895),#291,.F.);
#4168=ADVANCED_FACE('',(#3896),#292,.F.);
#4169=ADVANCED_FACE('',(#3897),#293,.F.);
#4170=ADVANCED_FACE('',(#3898),#294,.F.);
#4171=ADVANCED_FACE('',(#3899),#295,.F.);
#4172=ADVANCED_FACE('',(#3900),#296,.T.);
#4173=ADVANCED_FACE('',(#3901),#76,.T.);
#4174=ADVANCED_FACE('',(#3902),#297,.F.);
#4175=ADVANCED_FACE('',(#3903),#77,.F.);
#4176=ADVANCED_FACE('',(#3904),#298,.T.);
#4177=ADVANCED_FACE('',(#3905),#299,.T.);
#4178=ADVANCED_FACE('',(#3906),#300,.F.);
#4179=ADVANCED_FACE('',(#3907),#301,.F.);
#4180=ADVANCED_FACE('',(#3908),#302,.F.);
#4181=ADVANCED_FACE('',(#3909),#303,.T.);
#4182=ADVANCED_FACE('',(#3910),#304,.T.);
#4183=ADVANCED_FACE('',(#3911),#305,.F.);
#4184=ADVANCED_FACE('',(#3912),#306,.F.);
#4185=ADVANCED_FACE('',(#3913),#307,.F.);
#4186=ADVANCED_FACE('',(#3914),#308,.F.);
#4187=ADVANCED_FACE('',(#3915),#78,.T.);
#4188=ADVANCED_FACE('',(#3916),#79,.F.);
#4189=ADVANCED_FACE('',(#3917),#309,.T.);
#4190=ADVANCED_FACE('',(#3918),#310,.T.);
#4191=ADVANCED_FACE('',(#3919),#311,.F.);
#4192=ADVANCED_FACE('',(#3920),#312,.T.);
#4193=ADVANCED_FACE('',(#3921),#313,.F.);
#4194=ADVANCED_FACE('',(#3922),#314,.F.);
#4195=ADVANCED_FACE('',(#3923),#315,.F.);
#4196=ADVANCED_FACE('',(#3924),#80,.F.);
#4197=ADVANCED_FACE('',(#3925),#81,.F.);
#4198=ADVANCED_FACE('',(#3926),#316,.T.);
#4199=ADVANCED_FACE('',(#3927),#317,.T.);
#4200=ADVANCED_FACE('',(#3928),#318,.F.);
#4201=ADVANCED_FACE('',(#3929),#319,.T.);
#4202=ADVANCED_FACE('',(#3930),#320,.T.);
#4203=ADVANCED_FACE('',(#3931),#321,.T.);
#4204=ADVANCED_FACE('',(#3932),#322,.T.);
#4205=ADVANCED_FACE('',(#3933),#323,.T.);
#4206=ADVANCED_FACE('',(#3934),#82,.F.);
#4207=ADVANCED_FACE('',(#3935),#83,.F.);
#4208=ADVANCED_FACE('',(#3936),#324,.F.);
#4209=ADVANCED_FACE('',(#3937),#325,.F.);
#4210=ADVANCED_FACE('',(#3938),#326,.F.);
#4211=ADVANCED_FACE('',(#3939),#327,.F.);
#4212=ADVANCED_FACE('',(#3940),#328,.F.);
#4213=ADVANCED_FACE('',(#3941),#329,.F.);
#4214=ADVANCED_FACE('',(#3942),#330,.F.);
#4215=ADVANCED_FACE('',(#3943),#331,.T.);
#4216=CLOSED_SHELL('',(#3990,#3991,#3992,#3993,#3994,#3995,#3996,#3997,
#3998,#3999,#4000,#4001,#4002,#4003,#4004,#4005,#4006,#4007,#4008,#4009,
#4010,#4011,#4012));
#4217=CLOSED_SHELL('',(#4013,#4014,#4015,#4016,#4017,#4018,#4019,#4020,
#4021,#4022,#4023,#4024,#4025,#4026,#4027));
#4218=CLOSED_SHELL('',(#4028,#4029,#4030,#4031,#4032,#4033,#4034,#4035,
#4036,#4037,#4038,#4039,#4040,#4041,#4042));
#4219=CLOSED_SHELL('',(#4043,#4044,#4045,#4046,#4047,#4048,#4049,#4050,
#4051,#4052,#4053,#4054,#4055,#4056,#4057,#4058,#4059,#4060,#4061,#4062,
#4063,#4064,#4065));
#4220=CLOSED_SHELL('',(#4066,#4067,#4068,#4069,#4070,#4071,#4072,#4073,
#4074,#4075));
#4221=CLOSED_SHELL('',(#4076,#4077,#4078,#4079,#4080,#4081,#4082,#4083,
#4084,#4085));
#4222=CLOSED_SHELL('',(#4086,#4087,#4088,#4089,#4090,#4091));
#4223=CLOSED_SHELL('',(#4092,#4093,#4094,#4095,#4096,#4097));
#4224=CLOSED_SHELL('',(#4098,#4099,#4100,#4101,#4102,#4103,#4104,#4105,
#4106,#4107));
#4225=CLOSED_SHELL('',(#4108,#4109,#4110,#4111,#4112,#4113,#4114,#4115,
#4116,#4117,#4118,#4119,#4120,#4121,#4122,#4123,#4124,#4125,#4126,#4127,
#4128,#4129,#4130,#4131,#4132,#4133));
#4226=CLOSED_SHELL('',(#4134,#4135,#4136,#4137,#4138,#4139,#4140,#4141,
#4142,#4143,#4144,#4145,#4146,#4147,#4148,#4149,#4150,#4151,#4152,#4153,
#4154,#4155,#4156,#4157,#4158,#4159,#4160,#4161,#4162,#4163,#4164,#4165,
#4166,#4167));
#4227=CLOSED_SHELL('',(#4168,#4169,#4170,#4171,#4172,#4173,#4174,#4175,
#4176,#4177,#4178,#4179,#4180,#4181));
#4228=CLOSED_SHELL('',(#4182,#4183,#4184,#4185,#4186,#4187,#4188,#4189,
#4190,#4191,#4192,#4193,#4194,#4195));
#4229=CLOSED_SHELL('',(#4196,#4197,#4198,#4199,#4200,#4201,#4202,#4203,
#4204,#4205));
#4230=CLOSED_SHELL('',(#4206,#4207,#4208,#4209,#4210,#4211,#4212,#4213,
#4214,#4215));
#4231=STYLED_ITEM('',(#4246),#4341);
#4232=STYLED_ITEM('',(#4247),#4342);
#4233=STYLED_ITEM('',(#4248),#4343);
#4234=STYLED_ITEM('',(#4249),#4344);
#4235=STYLED_ITEM('',(#4250),#4345);
#4236=STYLED_ITEM('',(#4251),#4346);
#4237=STYLED_ITEM('',(#4252),#4347);
#4238=STYLED_ITEM('',(#4253),#4348);
#4239=STYLED_ITEM('',(#4254),#4349);
#4240=STYLED_ITEM('',(#4255),#4350);
#4241=STYLED_ITEM('',(#4256),#4351);
#4242=STYLED_ITEM('',(#4257),#4352);
#4243=STYLED_ITEM('',(#4258),#4353);
#4244=STYLED_ITEM('',(#4259),#4354);
#4245=STYLED_ITEM('',(#4260),#4355);
#4246=PRESENTATION_STYLE_ASSIGNMENT((#4261));
#4247=PRESENTATION_STYLE_ASSIGNMENT((#4262));
#4248=PRESENTATION_STYLE_ASSIGNMENT((#4263));
#4249=PRESENTATION_STYLE_ASSIGNMENT((#4264));
#4250=PRESENTATION_STYLE_ASSIGNMENT((#4265));
#4251=PRESENTATION_STYLE_ASSIGNMENT((#4266));
#4252=PRESENTATION_STYLE_ASSIGNMENT((#4267));
#4253=PRESENTATION_STYLE_ASSIGNMENT((#4268));
#4254=PRESENTATION_STYLE_ASSIGNMENT((#4269));
#4255=PRESENTATION_STYLE_ASSIGNMENT((#4270));
#4256=PRESENTATION_STYLE_ASSIGNMENT((#4271));
#4257=PRESENTATION_STYLE_ASSIGNMENT((#4272));
#4258=PRESENTATION_STYLE_ASSIGNMENT((#4273));
#4259=PRESENTATION_STYLE_ASSIGNMENT((#4274));
#4260=PRESENTATION_STYLE_ASSIGNMENT((#4275));
#4261=SURFACE_STYLE_USAGE(.BOTH.,#4276);
#4262=SURFACE_STYLE_USAGE(.BOTH.,#4277);
#4263=SURFACE_STYLE_USAGE(.BOTH.,#4278);
#4264=SURFACE_STYLE_USAGE(.BOTH.,#4279);
#4265=SURFACE_STYLE_USAGE(.BOTH.,#4280);
#4266=SURFACE_STYLE_USAGE(.BOTH.,#4281);
#4267=SURFACE_STYLE_USAGE(.BOTH.,#4282);
#4268=SURFACE_STYLE_USAGE(.BOTH.,#4283);
#4269=SURFACE_STYLE_USAGE(.BOTH.,#4284);
#4270=SURFACE_STYLE_USAGE(.BOTH.,#4285);
#4271=SURFACE_STYLE_USAGE(.BOTH.,#4286);
#4272=SURFACE_STYLE_USAGE(.BOTH.,#4287);
#4273=SURFACE_STYLE_USAGE(.BOTH.,#4288);
#4274=SURFACE_STYLE_USAGE(.BOTH.,#4289);
#4275=SURFACE_STYLE_USAGE(.BOTH.,#4290);
#4276=SURFACE_SIDE_STYLE('',(#4291));
#4277=SURFACE_SIDE_STYLE('',(#4292));
#4278=SURFACE_SIDE_STYLE('',(#4293));
#4279=SURFACE_SIDE_STYLE('',(#4294));
#4280=SURFACE_SIDE_STYLE('',(#4295));
#4281=SURFACE_SIDE_STYLE('',(#4296));
#4282=SURFACE_SIDE_STYLE('',(#4297));
#4283=SURFACE_SIDE_STYLE('',(#4298));
#4284=SURFACE_SIDE_STYLE('',(#4299));
#4285=SURFACE_SIDE_STYLE('',(#4300));
#4286=SURFACE_SIDE_STYLE('',(#4301));
#4287=SURFACE_SIDE_STYLE('',(#4302));
#4288=SURFACE_SIDE_STYLE('',(#4303));
#4289=SURFACE_SIDE_STYLE('',(#4304));
#4290=SURFACE_SIDE_STYLE('',(#4305));
#4291=SURFACE_STYLE_FILL_AREA(#4306);
#4292=SURFACE_STYLE_FILL_AREA(#4307);
#4293=SURFACE_STYLE_FILL_AREA(#4308);
#4294=SURFACE_STYLE_FILL_AREA(#4309);
#4295=SURFACE_STYLE_FILL_AREA(#4310);
#4296=SURFACE_STYLE_FILL_AREA(#4311);
#4297=SURFACE_STYLE_FILL_AREA(#4312);
#4298=SURFACE_STYLE_FILL_AREA(#4313);
#4299=SURFACE_STYLE_FILL_AREA(#4314);
#4300=SURFACE_STYLE_FILL_AREA(#4315);
#4301=SURFACE_STYLE_FILL_AREA(#4316);
#4302=SURFACE_STYLE_FILL_AREA(#4317);
#4303=SURFACE_STYLE_FILL_AREA(#4318);
#4304=SURFACE_STYLE_FILL_AREA(#4319);
#4305=SURFACE_STYLE_FILL_AREA(#4320);
#4306=FILL_AREA_STYLE('',(#4321));
#4307=FILL_AREA_STYLE('',(#4322));
#4308=FILL_AREA_STYLE('',(#4323));
#4309=FILL_AREA_STYLE('',(#4324));
#4310=FILL_AREA_STYLE('',(#4325));
#4311=FILL_AREA_STYLE('',(#4326));
#4312=FILL_AREA_STYLE('',(#4327));
#4313=FILL_AREA_STYLE('',(#4328));
#4314=FILL_AREA_STYLE('',(#4329));
#4315=FILL_AREA_STYLE('',(#4330));
#4316=FILL_AREA_STYLE('',(#4331));
#4317=FILL_AREA_STYLE('',(#4332));
#4318=FILL_AREA_STYLE('',(#4333));
#4319=FILL_AREA_STYLE('',(#4334));
#4320=FILL_AREA_STYLE('',(#4335));
#4321=FILL_AREA_STYLE_COLOUR('',#4336);
#4322=FILL_AREA_STYLE_COLOUR('',#4336);
#4323=FILL_AREA_STYLE_COLOUR('',#4336);
#4324=FILL_AREA_STYLE_COLOUR('',#4336);
#4325=FILL_AREA_STYLE_COLOUR('',#4337);
#4326=FILL_AREA_STYLE_COLOUR('',#4337);
#4327=FILL_AREA_STYLE_COLOUR('',#4338);
#4328=FILL_AREA_STYLE_COLOUR('',#4338);
#4329=FILL_AREA_STYLE_COLOUR('',#4336);
#4330=FILL_AREA_STYLE_COLOUR('',#4339);
#4331=FILL_AREA_STYLE_COLOUR('',#4339);
#4332=FILL_AREA_STYLE_COLOUR('',#4340);
#4333=FILL_AREA_STYLE_COLOUR('',#4340);
#4334=FILL_AREA_STYLE_COLOUR('',#4337);
#4335=FILL_AREA_STYLE_COLOUR('',#4337);
#4336=COLOUR_RGB('',0.964705882352941,0.964705882352941,0.952941176470588);
#4337=COLOUR_RGB('',0.0980392156862745,0.0980392156862745,0.0980392156862745);
#4338=COLOUR_RGB('',0.266666666666667,0.588235294117647,0.282352941176471);
#4339=COLOUR_RGB('',0.898039215686275,0.403921568627451,0.172549019607843);
#4340=COLOUR_RGB('',0.803921568627451,0.796078431372549,0.796078431372549);
#4341=MANIFOLD_SOLID_BREP('marking',#4216);
#4342=MANIFOLD_SOLID_BREP('marking',#4217);
#4343=MANIFOLD_SOLID_BREP('marking',#4218);
#4344=MANIFOLD_SOLID_BREP('marking',#4219);
#4345=MANIFOLD_SOLID_BREP('soldermask b',#4220);
#4346=MANIFOLD_SOLID_BREP('soldermask b',#4221);
#4347=MANIFOLD_SOLID_BREP('soldermask g',#4222);
#4348=MANIFOLD_SOLID_BREP('soldermask g',#4223);
#4349=MANIFOLD_SOLID_BREP('insulation',#4224);
#4350=MANIFOLD_SOLID_BREP('circuit (1)',#4225);
#4351=MANIFOLD_SOLID_BREP('circuit (1)',#4226);
#4352=MANIFOLD_SOLID_BREP('electrode (1)',#4227);
#4353=MANIFOLD_SOLID_BREP('electrode (1)',#4228);
#4354=MANIFOLD_SOLID_BREP('pptc (1)',#4229);
#4355=MANIFOLD_SOLID_BREP('pptc (1)',#4230);
#4356=SHAPE_DEFINITION_REPRESENTATION(#7600,#4372);
#4357=SHAPE_DEFINITION_REPRESENTATION(#7601,#4373);
#4358=SHAPE_DEFINITION_REPRESENTATION(#7603,#4374);
#4359=SHAPE_DEFINITION_REPRESENTATION(#7605,#4375);
#4360=SHAPE_DEFINITION_REPRESENTATION(#7607,#4376);
#4361=SHAPE_DEFINITION_REPRESENTATION(#7609,#4377);
#4362=SHAPE_DEFINITION_REPRESENTATION(#7611,#4378);
#4363=SHAPE_DEFINITION_REPRESENTATION(#7613,#4379);
#4364=SHAPE_DEFINITION_REPRESENTATION(#7615,#4380);
#4365=SHAPE_DEFINITION_REPRESENTATION(#7617,#4381);
#4366=SHAPE_DEFINITION_REPRESENTATION(#7619,#4382);
#4367=SHAPE_DEFINITION_REPRESENTATION(#7621,#4383);
#4368=SHAPE_DEFINITION_REPRESENTATION(#7623,#4384);
#4369=SHAPE_DEFINITION_REPRESENTATION(#7625,#4385);
#4370=SHAPE_DEFINITION_REPRESENTATION(#7627,#4386);
#4371=SHAPE_DEFINITION_REPRESENTATION(#7629,#4387);
#4372=SHAPE_REPRESENTATION('0ZCH0110AF2E',(#4388,#4396,#4405,#4414,#4422,
#4433,#4444,#4451,#4458,#4473,#4512,#4559,#4578,#4597,#4612,#4627),#7565);
#4373=SHAPE_REPRESENTATION('0ZCH0110AF2E_PART1',(#4388),#7566);
#4374=SHAPE_REPRESENTATION('0ZCH0110AF2E_PART2',(#4388),#7567);
#4375=SHAPE_REPRESENTATION('0ZCH0110AF2E_PART3',(#4388),#7568);
#4376=SHAPE_REPRESENTATION('0ZCH0110AF2E_PART4',(#4388),#7569);
#4377=SHAPE_REPRESENTATION('0ZCH0110AF2E_PART5',(#4388),#7570);
#4378=SHAPE_REPRESENTATION('0ZCH0110AF2E_PART6',(#4388),#7571);
#4379=SHAPE_REPRESENTATION('0ZCH0110AF2E_PART7',(#4388),#7572);
#4380=SHAPE_REPRESENTATION('0ZCH0110AF2E_PART8',(#4388),#7573);
#4381=SHAPE_REPRESENTATION('0ZCH0110AF2E_PART9',(#4388),#7574);
#4382=SHAPE_REPRESENTATION('0ZCH0110AF2E_PART10',(#4388),#7575);
#4383=SHAPE_REPRESENTATION('0ZCH0110AF2E_PART11',(#4388),#7576);
#4384=SHAPE_REPRESENTATION('0ZCH0110AF2E_PART12',(#4388),#7577);
#4385=SHAPE_REPRESENTATION('0ZCH0110AF2E_PART13',(#4388),#7578);
#4386=SHAPE_REPRESENTATION('0ZCH0110AF2E_PART14',(#4388),#7579);
#4387=SHAPE_REPRESENTATION('0ZCH0110AF2E_PART15',(#4388),#7580);
#4388=AXIS2_PLACEMENT_3D('',#5560,#4628,#4629);
#4389=AXIS2_PLACEMENT_3D('',#5745,#4638,#4639);
#4390=AXIS2_PLACEMENT_3D('',#5754,#4644,#4645);
#4391=AXIS2_PLACEMENT_3D('',#5760,#4649,#4650);
#4392=AXIS2_PLACEMENT_3D('',#5766,#4654,#4655);
#4393=AXIS2_PLACEMENT_3D('',#5956,#4667,#4668);
#4394=AXIS2_PLACEMENT_3D('',#5959,#4671,#4672);
#4395=AXIS2_PLACEMENT_3D('',#5960,#4673,#4674);
#4396=AXIS2_PLACEMENT_3D('',#5961,#4675,#4676);
#4397=AXIS2_PLACEMENT_3D('',#5962,#4677,#4678);
#4398=AXIS2_PLACEMENT_3D('',#5971,#4683,#4684);
#4399=AXIS2_PLACEMENT_3D('',#5977,#4688,#4689);
#4400=AXIS2_PLACEMENT_3D('',#6052,#4696,#4697);
#4401=AXIS2_PLACEMENT_3D('',#6150,#4705,#4706);
#4402=AXIS2_PLACEMENT_3D('',#6156,#4710,#4711);
#4403=AXIS2_PLACEMENT_3D('',#6159,#4714,#4715);
#4404=AXIS2_PLACEMENT_3D('',#6160,#4716,#4717);
#4405=AXIS2_PLACEMENT_3D('',#6161,#4718,#4719);
#4406=AXIS2_PLACEMENT_3D('',#6162,#4720,#4721);
#4407=AXIS2_PLACEMENT_3D('',#6171,#4726,#4727);
#4408=AXIS2_PLACEMENT_3D('',#6177,#4731,#4732);
#4409=AXIS2_PLACEMENT_3D('',#6252,#4739,#4740);
#4410=AXIS2_PLACEMENT_3D('',#6350,#4748,#4749);
#4411=AXIS2_PLACEMENT_3D('',#6356,#4753,#4754);
#4412=AXIS2_PLACEMENT_3D('',#6359,#4757,#4758);
#4413=AXIS2_PLACEMENT_3D('',#6360,#4759,#4760);
#4414=AXIS2_PLACEMENT_3D('',#6361,#4761,#4762);
#4415=AXIS2_PLACEMENT_3D('',#6546,#4771,#4772);
#4416=AXIS2_PLACEMENT_3D('',#6555,#4777,#4778);
#4417=AXIS2_PLACEMENT_3D('',#6561,#4782,#4783);
#4418=AXIS2_PLACEMENT_3D('',#6567,#4787,#4788);
#4419=AXIS2_PLACEMENT_3D('',#6757,#4800,#4801);
#4420=AXIS2_PLACEMENT_3D('',#6760,#4804,#4805);
#4421=AXIS2_PLACEMENT_3D('',#6761,#4806,#4807);
#4422=AXIS2_PLACEMENT_3D('',#6762,#4808,#4809);
#4423=AXIS2_PLACEMENT_3D('',#6763,#4810,#4811);
#4424=AXIS2_PLACEMENT_3D('',#6772,#4816,#4817);
#4425=AXIS2_PLACEMENT_3D('',#6778,#4821,#4822);
#4426=AXIS2_PLACEMENT_3D('',#6784,#4826,#4827);
#4427=AXIS2_PLACEMENT_3D('',#6790,#4831,#4832);
#4428=AXIS2_PLACEMENT_3D('',#6796,#4836,#4837);
#4429=AXIS2_PLACEMENT_3D('',#6802,#4841,#4842);
#4430=AXIS2_PLACEMENT_3D('',#6808,#4846,#4847);
#4431=AXIS2_PLACEMENT_3D('',#6811,#4850,#4851);
#4432=AXIS2_PLACEMENT_3D('',#6812,#4852,#4853);
#4433=AXIS2_PLACEMENT_3D('',#6813,#4854,#4855);
#4434=AXIS2_PLACEMENT_3D('',#6814,#4856,#4857);
#4435=AXIS2_PLACEMENT_3D('',#6823,#4862,#4863);
#4436=AXIS2_PLACEMENT_3D('',#6829,#4867,#4868);
#4437=AXIS2_PLACEMENT_3D('',#6835,#4872,#4873);
#4438=AXIS2_PLACEMENT_3D('',#6841,#4877,#4878);
#4439=AXIS2_PLACEMENT_3D('',#6847,#4882,#4883);
#4440=AXIS2_PLACEMENT_3D('',#6853,#4887,#4888);
#4441=AXIS2_PLACEMENT_3D('',#6859,#4892,#4893);
#4442=AXIS2_PLACEMENT_3D('',#6862,#4896,#4897);
#4443=AXIS2_PLACEMENT_3D('',#6863,#4898,#4899);
#4444=AXIS2_PLACEMENT_3D('',#6864,#4900,#4901);
#4445=AXIS2_PLACEMENT_3D('',#6865,#4902,#4903);
#4446=AXIS2_PLACEMENT_3D('',#6874,#4908,#4909);
#4447=AXIS2_PLACEMENT_3D('',#6880,#4913,#4914);
#4448=AXIS2_PLACEMENT_3D('',#6886,#4918,#4919);
#4449=AXIS2_PLACEMENT_3D('',#6889,#4922,#4923);
#4450=AXIS2_PLACEMENT_3D('',#6890,#4924,#4925);
#4451=AXIS2_PLACEMENT_3D('',#6891,#4926,#4927);
#4452=AXIS2_PLACEMENT_3D('',#6892,#4928,#4929);
#4453=AXIS2_PLACEMENT_3D('',#6901,#4934,#4935);
#4454=AXIS2_PLACEMENT_3D('',#6907,#4939,#4940);
#4455=AXIS2_PLACEMENT_3D('',#6913,#4944,#4945);
#4456=AXIS2_PLACEMENT_3D('',#6916,#4948,#4949);
#4457=AXIS2_PLACEMENT_3D('',#6917,#4950,#4951);
#4458=AXIS2_PLACEMENT_3D('',#6918,#4952,#4953);
#4459=AXIS2_PLACEMENT_3D('',#6919,#4954,#4955);
#4460=AXIS2_PLACEMENT_3D('',#6920,#4956,#4957);
#4461=AXIS2_PLACEMENT_3D('',#6925,#4959,#4960);
#4462=AXIS2_PLACEMENT_3D('',#6928,#4962,#4963);
#4463=AXIS2_PLACEMENT_3D('',#6929,#4964,#4965);
#4464=AXIS2_PLACEMENT_3D('',#6934,#4967,#4968);
#4465=AXIS2_PLACEMENT_3D('',#6937,#4970,#4971);
#4466=AXIS2_PLACEMENT_3D('',#6943,#4975,#4976);
#4467=AXIS2_PLACEMENT_3D('',#6952,#4982,#4983);
#4468=AXIS2_PLACEMENT_3D('',#6956,#4986,#4987);
#4469=AXIS2_PLACEMENT_3D('',#6963,#4992,#4993);
#4470=AXIS2_PLACEMENT_3D('',#6965,#4995,#4996);
#4471=AXIS2_PLACEMENT_3D('',#6966,#4997,#4998);
#4472=AXIS2_PLACEMENT_3D('',#6968,#5000,#5001);
#4473=AXIS2_PLACEMENT_3D('',#6969,#5002,#5003);
#4474=AXIS2_PLACEMENT_3D('',#6970,#5004,#5005);
#4475=AXIS2_PLACEMENT_3D('',#6971,#5006,#5007);
#4476=AXIS2_PLACEMENT_3D('',#6983,#5013,#5014);
#4477=AXIS2_PLACEMENT_3D('',#6984,#5015,#5016);
#4478=AXIS2_PLACEMENT_3D('',#6996,#5022,#5023);
#4479=AXIS2_PLACEMENT_3D('',#6999,#5026,#5027);
#4480=AXIS2_PLACEMENT_3D('',#7001,#5029,#5030);
#4481=AXIS2_PLACEMENT_3D('',#7003,#5032,#5033);
#4482=AXIS2_PLACEMENT_3D('',#7004,#5034,#5035);
#4483=AXIS2_PLACEMENT_3D('',#7011,#5038,#5039);
#4484=AXIS2_PLACEMENT_3D('',#7016,#5042,#5043);
#4485=AXIS2_PLACEMENT_3D('',#7022,#5047,#5048);
#4486=AXIS2_PLACEMENT_3D('',#7023,#5049,#5050);
#4487=AXIS2_PLACEMENT_3D('',#7026,#5052,#5053);
#4488=AXIS2_PLACEMENT_3D('',#7030,#5056,#5057);
#4489=AXIS2_PLACEMENT_3D('',#7031,#5058,#5059);
#4490=AXIS2_PLACEMENT_3D('',#7036,#5062,#5063);
#4491=AXIS2_PLACEMENT_3D('',#7039,#5065,#5066);
#4492=AXIS2_PLACEMENT_3D('',#7042,#5068,#5069);
#4493=AXIS2_PLACEMENT_3D('',#7045,#5072,#5073);
#4494=AXIS2_PLACEMENT_3D('',#7050,#5076,#5077);
#4495=AXIS2_PLACEMENT_3D('',#7055,#5080,#5081);
#4496=AXIS2_PLACEMENT_3D('',#7061,#5085,#5086);
#4497=AXIS2_PLACEMENT_3D('',#7062,#5087,#5088);
#4498=AXIS2_PLACEMENT_3D('',#7065,#5090,#5091);
#4499=AXIS2_PLACEMENT_3D('',#7069,#5094,#5095);
#4500=AXIS2_PLACEMENT_3D('',#7070,#5096,#5097);
#4501=AXIS2_PLACEMENT_3D('',#7075,#5100,#5101);
#4502=AXIS2_PLACEMENT_3D('',#7078,#5103,#5104);
#4503=AXIS2_PLACEMENT_3D('',#7081,#5106,#5107);
#4504=AXIS2_PLACEMENT_3D('',#7091,#5113,#5114);
#4505=AXIS2_PLACEMENT_3D('',#7096,#5117,#5118);
#4506=AXIS2_PLACEMENT_3D('',#7097,#5119,#5120);
#4507=AXIS2_PLACEMENT_3D('',#7101,#5123,#5124);
#4508=AXIS2_PLACEMENT_3D('',#7105,#5127,#5128);
#4509=AXIS2_PLACEMENT_3D('',#7109,#5131,#5132);
#4510=AXIS2_PLACEMENT_3D('',#7113,#5135,#5136);
#4511=AXIS2_PLACEMENT_3D('',#7115,#5138,#5139);
#4512=AXIS2_PLACEMENT_3D('',#7116,#5140,#5141);
#4513=AXIS2_PLACEMENT_3D('',#7117,#5142,#5143);
#4514=AXIS2_PLACEMENT_3D('',#7118,#5144,#5145);
#4515=AXIS2_PLACEMENT_3D('',#7138,#5155,#5156);
#4516=AXIS2_PLACEMENT_3D('',#7144,#5160,#5161);
#4517=AXIS2_PLACEMENT_3D('',#7148,#5164,#5165);
#4518=AXIS2_PLACEMENT_3D('',#7152,#5168,#5169);
#4519=AXIS2_PLACEMENT_3D('',#7156,#5172,#5173);
#4520=AXIS2_PLACEMENT_3D('',#7160,#5176,#5177);
#4521=AXIS2_PLACEMENT_3D('',#7166,#5181,#5182);
#4522=AXIS2_PLACEMENT_3D('',#7168,#5184,#5185);
#4523=AXIS2_PLACEMENT_3D('',#7169,#5186,#5187);
#4524=AXIS2_PLACEMENT_3D('',#7174,#5190,#5191);
#4525=AXIS2_PLACEMENT_3D('',#7175,#5192,#5193);
#4526=AXIS2_PLACEMENT_3D('',#7182,#5196,#5197);
#4527=AXIS2_PLACEMENT_3D('',#7187,#5200,#5201);
#4528=AXIS2_PLACEMENT_3D('',#7193,#5205,#5206);
#4529=AXIS2_PLACEMENT_3D('',#7199,#5210,#5211);
#4530=AXIS2_PLACEMENT_3D('',#7200,#5212,#5213);
#4531=AXIS2_PLACEMENT_3D('',#7201,#5214,#5215);
#4532=AXIS2_PLACEMENT_3D('',#7202,#5216,#5217);
#4533=AXIS2_PLACEMENT_3D('',#7207,#5220,#5221);
#4534=AXIS2_PLACEMENT_3D('',#7210,#5223,#5224);
#4535=AXIS2_PLACEMENT_3D('',#7213,#5226,#5227);
#4536=AXIS2_PLACEMENT_3D('',#7214,#5228,#5229);
#4537=AXIS2_PLACEMENT_3D('',#7221,#5232,#5233);
#4538=AXIS2_PLACEMENT_3D('',#7226,#5236,#5237);
#4539=AXIS2_PLACEMENT_3D('',#7232,#5241,#5242);
#4540=AXIS2_PLACEMENT_3D('',#7238,#5246,#5247);
#4541=AXIS2_PLACEMENT_3D('',#7239,#5248,#5249);
#4542=AXIS2_PLACEMENT_3D('',#7240,#5250,#5251);
#4543=AXIS2_PLACEMENT_3D('',#7243,#5254,#5255);
#4544=AXIS2_PLACEMENT_3D('',#7246,#5257,#5258);
#4545=AXIS2_PLACEMENT_3D('',#7249,#5260,#5261);
#4546=AXIS2_PLACEMENT_3D('',#7252,#5264,#5265);
#4547=AXIS2_PLACEMENT_3D('',#7255,#5267,#5268);
#4548=AXIS2_PLACEMENT_3D('',#7258,#5270,#5271);
#4549=AXIS2_PLACEMENT_3D('',#7276,#5281,#5282);
#4550=AXIS2_PLACEMENT_3D('',#7280,#5285,#5286);
#4551=AXIS2_PLACEMENT_3D('',#7284,#5289,#5290);
#4552=AXIS2_PLACEMENT_3D('',#7290,#5294,#5295);
#4553=AXIS2_PLACEMENT_3D('',#7294,#5298,#5299);
#4554=AXIS2_PLACEMENT_3D('',#7298,#5302,#5303);
#4555=AXIS2_PLACEMENT_3D('',#7302,#5306,#5307);
#4556=AXIS2_PLACEMENT_3D('',#7304,#5309,#5310);
#4557=AXIS2_PLACEMENT_3D('',#7308,#5313,#5314);
#4558=AXIS2_PLACEMENT_3D('',#7310,#5316,#5317);
#4559=AXIS2_PLACEMENT_3D('',#7311,#5318,#5319);
#4560=AXIS2_PLACEMENT_3D('',#7312,#5320,#5321);
#4561=AXIS2_PLACEMENT_3D('',#7313,#5322,#5323);
#4562=AXIS2_PLACEMENT_3D('',#7325,#5329,#5330);
#4563=AXIS2_PLACEMENT_3D('',#7331,#5334,#5335);
#4564=AXIS2_PLACEMENT_3D('',#7335,#5338,#5339);
#4565=AXIS2_PLACEMENT_3D('',#7339,#5342,#5343);
#4566=AXIS2_PLACEMENT_3D('',#7340,#5344,#5345);
#4567=AXIS2_PLACEMENT_3D('',#7345,#5348,#5349);
#4568=AXIS2_PLACEMENT_3D('',#7348,#5351,#5352);
#4569=AXIS2_PLACEMENT_3D('',#7351,#5354,#5355);
#4570=AXIS2_PLACEMENT_3D('',#7361,#5361,#5362);
#4571=AXIS2_PLACEMENT_3D('',#7364,#5364,#5365);
#4572=AXIS2_PLACEMENT_3D('',#7367,#5367,#5368);
#4573=AXIS2_PLACEMENT_3D('',#7371,#5371,#5372);
#4574=AXIS2_PLACEMENT_3D('',#7375,#5375,#5376);
#4575=AXIS2_PLACEMENT_3D('',#7379,#5379,#5380);
#4576=AXIS2_PLACEMENT_3D('',#7383,#5383,#5384);
#4577=AXIS2_PLACEMENT_3D('',#7385,#5386,#5387);
#4578=AXIS2_PLACEMENT_3D('',#7386,#5388,#5389);
#4579=AXIS2_PLACEMENT_3D('',#7387,#5390,#5391);
#4580=AXIS2_PLACEMENT_3D('',#7388,#5392,#5393);
#4581=AXIS2_PLACEMENT_3D('',#7400,#5399,#5400);
#4582=AXIS2_PLACEMENT_3D('',#7406,#5404,#5405);
#4583=AXIS2_PLACEMENT_3D('',#7412,#5409,#5410);
#4584=AXIS2_PLACEMENT_3D('',#7414,#5412,#5413);
#4585=AXIS2_PLACEMENT_3D('',#7415,#5414,#5415);
#4586=AXIS2_PLACEMENT_3D('',#7420,#5418,#5419);
#4587=AXIS2_PLACEMENT_3D('',#7423,#5421,#5422);
#4588=AXIS2_PLACEMENT_3D('',#7426,#5424,#5425);
#4589=AXIS2_PLACEMENT_3D('',#7431,#5428,#5429);
#4590=AXIS2_PLACEMENT_3D('',#7432,#5430,#5431);
#4591=AXIS2_PLACEMENT_3D('',#7442,#5437,#5438);
#4592=AXIS2_PLACEMENT_3D('',#7446,#5441,#5442);
#4593=AXIS2_PLACEMENT_3D('',#7450,#5445,#5446);
#4594=AXIS2_PLACEMENT_3D('',#7454,#5449,#5450);
#4595=AXIS2_PLACEMENT_3D('',#7458,#5453,#5454);
#4596=AXIS2_PLACEMENT_3D('',#7460,#5456,#5457);
#4597=AXIS2_PLACEMENT_3D('',#7461,#5458,#5459);
#4598=AXIS2_PLACEMENT_3D('',#7462,#5460,#5461);
#4599=AXIS2_PLACEMENT_3D('',#7466,#5463,#5464);
#4600=AXIS2_PLACEMENT_3D('',#7470,#5466,#5467);
#4601=AXIS2_PLACEMENT_3D('',#7471,#5468,#5469);
#4602=AXIS2_PLACEMENT_3D('',#7475,#5471,#5472);
#4603=AXIS2_PLACEMENT_3D('',#7479,#5474,#5475);
#4604=AXIS2_PLACEMENT_3D('',#7480,#5476,#5477);
#4605=AXIS2_PLACEMENT_3D('',#7486,#5481,#5482);
#4606=AXIS2_PLACEMENT_3D('',#7492,#5486,#5487);
#4607=AXIS2_PLACEMENT_3D('',#7499,#5492,#5493);
#4608=AXIS2_PLACEMENT_3D('',#7503,#5496,#5497);
#4609=AXIS2_PLACEMENT_3D('',#7507,#5500,#5501);
#4610=AXIS2_PLACEMENT_3D('',#7509,#5503,#5504);
#4611=AXIS2_PLACEMENT_3D('',#7511,#5506,#5507);
#4612=AXIS2_PLACEMENT_3D('',#7512,#5508,#5509);
#4613=AXIS2_PLACEMENT_3D('',#7513,#5510,#5511);
#4614=AXIS2_PLACEMENT_3D('',#7517,#5513,#5514);
#4615=AXIS2_PLACEMENT_3D('',#7521,#5516,#5517);
#4616=AXIS2_PLACEMENT_3D('',#7522,#5518,#5519);
#4617=AXIS2_PLACEMENT_3D('',#7526,#5521,#5522);
#4618=AXIS2_PLACEMENT_3D('',#7530,#5524,#5525);
#4619=AXIS2_PLACEMENT_3D('',#7531,#5526,#5527);
#4620=AXIS2_PLACEMENT_3D('',#7537,#5531,#5532);
#4621=AXIS2_PLACEMENT_3D('',#7543,#5536,#5537);
#4622=AXIS2_PLACEMENT_3D('',#7550,#5542,#5543);
#4623=AXIS2_PLACEMENT_3D('',#7554,#5546,#5547);
#4624=AXIS2_PLACEMENT_3D('',#7558,#5550,#5551);
#4625=AXIS2_PLACEMENT_3D('',#7560,#5553,#5554);
#4626=AXIS2_PLACEMENT_3D('',#7562,#5556,#5557);
#4627=AXIS2_PLACEMENT_3D('',#7563,#5558,#5559);
#4628=DIRECTION('',(0.,0.,1.));
#4629=DIRECTION('',(1.,0.,0.));
#4630=DIRECTION('',(0.,-1.22464679914735E-16,-1.));
#4631=DIRECTION('',(0.,-1.22464679914735E-16,-1.));
#4632=DIRECTION('',(0.,-1.22464679914735E-16,-1.));
#4633=DIRECTION('',(0.,-1.22464679914735E-16,-1.));
#4634=DIRECTION('',(0.,-1.22464679914735E-16,-1.));
#4635=DIRECTION('',(0.,-1.22464679914735E-16,-1.));
#4636=DIRECTION('',(0.,-1.22464679914735E-16,-1.));
#4637=DIRECTION('',(0.,-1.22464679914735E-16,-1.));
#4638=DIRECTION('',(-0.00223312443474362,0.999997506574521,-1.22464374558182E-16));
#4639=DIRECTION('',(0.999997506574521,0.00223312443474362,-2.73478869110652E-19));
#4640=DIRECTION('',(-0.999997506574521,-0.00223312443474362,2.73478869110652E-19));
#4641=DIRECTION('',(0.,-1.22464679914735E-16,-1.));
#4642=DIRECTION('',(0.999997506574521,0.00223312443474362,-2.73478869110652E-19));
#4643=DIRECTION('',(0.,-1.22464679914735E-16,-1.));
#4644=DIRECTION('',(-0.999997506574521,-0.00223312443474341,2.73478869110626E-19));
#4645=DIRECTION('',(-0.00223312443474341,0.999997506574521,-1.22464374558182E-16));
#4646=DIRECTION('',(0.00223312443474341,-0.999997506574521,1.22464374558182E-16));
#4647=DIRECTION('',(-0.00223312443474341,0.999997506574521,-1.22464374558182E-16));
#4648=DIRECTION('',(0.,-1.22464679914735E-16,-1.));
#4649=DIRECTION('',(0.00223312443474405,-0.999997506574521,1.22464374558182E-16));
#4650=DIRECTION('',(-0.999997506574521,-0.00223312443474405,2.73478869110705E-19));
#4651=DIRECTION('',(0.999997506574521,0.00223312443474405,-2.73478869110705E-19));
#4652=DIRECTION('',(-0.999997506574521,-0.00223312443474405,2.73478869110705E-19));
#4653=DIRECTION('',(0.,-1.22464679914735E-16,-1.));
#4654=DIRECTION('',(0.999997506574521,0.0022331244347434,-2.73478869110624E-19));
#4655=DIRECTION('',(0.0022331244347434,-0.999997506574521,1.22464374558182E-16));
#4656=DIRECTION('',(-0.0022331244347434,0.999997506574521,-1.22464374558182E-16));
#4657=DIRECTION('',(0.0022331244347434,-0.999997506574521,1.22464374558182E-16));
#4658=DIRECTION('',(0.,-1.22464679914735E-16,-1.));
#4659=DIRECTION('',(0.,-1.22464679914735E-16,-1.));
#4660=DIRECTION('',(0.,-1.22464679914735E-16,-1.));
#4661=DIRECTION('',(0.,-1.22464679914735E-16,-1.));
#4662=DIRECTION('',(0.,-1.22464679914735E-16,-1.));
#4663=DIRECTION('',(0.,-1.22464679914735E-16,-1.));
#4664=DIRECTION('',(0.,-1.22464679914735E-16,-1.));
#4665=DIRECTION('',(0.,-1.22464679914735E-16,-1.));
#4666=DIRECTION('',(0.,-1.22464679914735E-16,-1.));
#4667=DIRECTION('',(0.999997506574521,0.00223312443474304,-2.73478869110581E-19));
#4668=DIRECTION('',(0.00223312443474304,-0.999997506574521,1.22464374558182E-16));
#4669=DIRECTION('',(-0.00223312443474304,0.999997506574521,-1.22464374558182E-16));
#4670=DIRECTION('',(0.00223312443474304,-0.999997506574521,1.22464374558182E-16));
#4671=DIRECTION('',(0.,-1.22464679914735E-16,-1.));
#4672=DIRECTION('',(-1.,0.,0.));
#4673=DIRECTION('',(0.,-1.22464679914735E-16,-1.));
#4674=DIRECTION('',(-1.,0.,0.));
#4675=DIRECTION('',(0.,0.,1.));
#4676=DIRECTION('',(1.,0.,0.));
#4677=DIRECTION('',(-0.999997506574521,-0.00223312443474338,2.73478869110622E-19));
#4678=DIRECTION('',(-0.00223312443474338,0.999997506574521,-1.22464374558182E-16));
#4679=DIRECTION('',(0.00223312443474338,-0.999997506574521,1.22464374558182E-16));
#4680=DIRECTION('',(0.,-1.22464679914735E-16,-1.));
#4681=DIRECTION('',(-0.00223312443474338,0.999997506574521,-1.22464374558182E-16));
#4682=DIRECTION('',(0.,-1.22464679914735E-16,-1.));
#4683=DIRECTION('',(0.00223312443474375,-0.999997506574521,1.22464374558182E-16));
#4684=DIRECTION('',(-0.999997506574521,-0.00223312443474375,2.73478869110667E-19));
#4685=DIRECTION('',(0.999997506574521,0.00223312443474375,-2.73478869110667E-19));
#4686=DIRECTION('',(-0.999997506574521,-0.00223312443474375,2.73478869110667E-19));
#4687=DIRECTION('',(0.,-1.22464679914735E-16,-1.));
#4688=DIRECTION('',(0.999997506574521,0.00223312443474339,-2.73478869110624E-19));
#4689=DIRECTION('',(0.00223312443474339,-0.999997506574521,1.22464374558182E-16));
#4690=DIRECTION('',(-0.00223312443474339,0.999997506574521,-1.22464374558182E-16));
#4691=DIRECTION('',(0.00223312443474339,-0.999997506574521,1.22464374558182E-16));
#4692=DIRECTION('',(0.,-1.22464679914735E-16,-1.));
#4693=DIRECTION('',(0.,-1.22464679914735E-16,-1.));
#4694=DIRECTION('',(0.,-1.22464679914735E-16,-1.));
#4695=DIRECTION('',(0.,-1.22464679914735E-16,-1.));
#4696=DIRECTION('',(0.93669805675276,0.35013818768538,-4.28795610808156E-17));
#4697=DIRECTION('',(0.35013818768538,-0.93669805675276,1.14712427696981E-16));
#4698=DIRECTION('',(-0.35013818768538,0.93669805675276,-1.14712427696981E-16));
#4699=DIRECTION('',(0.35013818768538,-0.93669805675276,1.14712427696981E-16));
#4700=DIRECTION('',(0.,-1.22464679914735E-16,-1.));
#4701=DIRECTION('',(0.,-1.22464679914735E-16,-1.));
#4702=DIRECTION('',(0.,-1.22464679914735E-16,-1.));
#4703=DIRECTION('',(0.,-1.22464679914735E-16,-1.));
#4704=DIRECTION('',(0.,-1.22464679914735E-16,-1.));
#4705=DIRECTION('',(0.999997506574521,0.00223312443474337,-2.73478869110621E-19));
#4706=DIRECTION('',(0.00223312443474337,-0.999997506574521,1.22464374558182E-16));
#4707=DIRECTION('',(-0.00223312443474337,0.999997506574521,-1.22464374558182E-16));
#4708=DIRECTION('',(0.00223312443474337,-0.999997506574521,1.22464374558182E-16));
#4709=DIRECTION('',(0.,-1.22464679914735E-16,-1.));
#4710=DIRECTION('',(-0.00223312443474377,0.999997506574521,-1.22464374558182E-16));
#4711=DIRECTION('',(0.999997506574521,0.00223312443474377,-2.7347886911067E-19));
#4712=DIRECTION('',(-0.999997506574521,-0.00223312443474377,2.7347886911067E-19));
#4713=DIRECTION('',(0.999997506574521,0.00223312443474377,-2.7347886911067E-19));
#4714=DIRECTION('',(0.,-1.22464679914735E-16,-1.));
#4715=DIRECTION('',(-1.,0.,0.));
#4716=DIRECTION('',(0.,-1.22464679914735E-16,-1.));
#4717=DIRECTION('',(-1.,0.,0.));
#4718=DIRECTION('',(0.,0.,1.));
#4719=DIRECTION('',(1.,0.,0.));
#4720=DIRECTION('',(-0.999997506574521,0.00223312443474338,0.));
#4721=DIRECTION('',(-0.00223312443474338,-0.999997506574521,0.));
#4722=DIRECTION('',(0.00223312443474338,0.999997506574521,0.));
#4723=DIRECTION('',(0.,0.,1.));
#4724=DIRECTION('',(-0.00223312443474338,-0.999997506574521,0.));
#4725=DIRECTION('',(0.,0.,1.));
#4726=DIRECTION('',(0.00223312443474375,0.999997506574521,0.));
#4727=DIRECTION('',(-0.999997506574521,0.00223312443474375,0.));
#4728=DIRECTION('',(0.999997506574521,-0.00223312443474375,0.));
#4729=DIRECTION('',(-0.999997506574521,0.00223312443474375,0.));
#4730=DIRECTION('',(0.,0.,1.));
#4731=DIRECTION('',(0.999997506574521,-0.00223312443474339,0.));
#4732=DIRECTION('',(0.00223312443474339,0.999997506574521,0.));
#4733=DIRECTION('',(-0.00223312443474339,-0.999997506574521,0.));
#4734=DIRECTION('',(0.00223312443474339,0.999997506574521,0.));
#4735=DIRECTION('',(0.,0.,1.));
#4736=DIRECTION('',(0.,0.,1.));
#4737=DIRECTION('',(0.,0.,1.));
#4738=DIRECTION('',(0.,0.,1.));
#4739=DIRECTION('',(0.93669805675276,-0.35013818768538,0.));
#4740=DIRECTION('',(0.35013818768538,0.93669805675276,0.));
#4741=DIRECTION('',(-0.35013818768538,-0.93669805675276,0.));
#4742=DIRECTION('',(0.35013818768538,0.93669805675276,0.));
#4743=DIRECTION('',(0.,0.,1.));
#4744=DIRECTION('',(0.,0.,1.));
#4745=DIRECTION('',(0.,0.,1.));
#4746=DIRECTION('',(0.,0.,1.));
#4747=DIRECTION('',(0.,0.,1.));
#4748=DIRECTION('',(0.999997506574521,-0.00223312443474337,0.));
#4749=DIRECTION('',(0.00223312443474337,0.999997506574521,0.));
#4750=DIRECTION('',(-0.00223312443474337,-0.999997506574521,0.));
#4751=DIRECTION('',(0.00223312443474337,0.999997506574521,0.));
#4752=DIRECTION('',(0.,0.,1.));
#4753=DIRECTION('',(-0.00223312443474377,-0.999997506574521,0.));
#4754=DIRECTION('',(0.999997506574521,-0.00223312443474377,0.));
#4755=DIRECTION('',(-0.999997506574521,0.00223312443474377,0.));
#4756=DIRECTION('',(0.999997506574521,-0.00223312443474377,0.));
#4757=DIRECTION('',(0.,0.,1.));
#4758=DIRECTION('',(-1.,0.,0.));
#4759=DIRECTION('',(0.,0.,1.));
#4760=DIRECTION('',(-1.,0.,0.));
#4761=DIRECTION('',(0.,0.,1.));
#4762=DIRECTION('',(1.,0.,0.));
#4763=DIRECTION('',(0.,0.,1.));
#4764=DIRECTION('',(0.,0.,1.));
#4765=DIRECTION('',(0.,0.,1.));
#4766=DIRECTION('',(0.,0.,1.));
#4767=DIRECTION('',(0.,0.,1.));
#4768=DIRECTION('',(0.,0.,1.));
#4769=DIRECTION('',(0.,0.,1.));
#4770=DIRECTION('',(0.,0.,1.));
#4771=DIRECTION('',(-0.00223312443474362,-0.999997506574521,0.));
#4772=DIRECTION('',(0.999997506574521,-0.00223312443474362,0.));
#4773=DIRECTION('',(-0.999997506574521,0.00223312443474362,0.));
#4774=DIRECTION('',(0.,0.,1.));
#4775=DIRECTION('',(0.999997506574521,-0.00223312443474362,0.));
#4776=DIRECTION('',(0.,0.,1.));
#4777=DIRECTION('',(-0.999997506574521,0.00223312443474341,0.));
#4778=DIRECTION('',(-0.00223312443474341,-0.999997506574521,0.));
#4779=DIRECTION('',(0.00223312443474341,0.999997506574521,0.));
#4780=DIRECTION('',(-0.00223312443474341,-0.999997506574521,0.));
#4781=DIRECTION('',(0.,0.,1.));
#4782=DIRECTION('',(0.00223312443474405,0.999997506574521,0.));
#4783=DIRECTION('',(-0.999997506574521,0.00223312443474405,0.));
#4784=DIRECTION('',(0.999997506574521,-0.00223312443474405,0.));
#4785=DIRECTION('',(-0.999997506574521,0.00223312443474405,0.));
#4786=DIRECTION('',(0.,0.,1.));
#4787=DIRECTION('',(0.999997506574521,-0.0022331244347434,0.));
#4788=DIRECTION('',(0.0022331244347434,0.999997506574521,0.));
#4789=DIRECTION('',(-0.0022331244347434,-0.999997506574521,0.));
#4790=DIRECTION('',(0.0022331244347434,0.999997506574521,0.));
#4791=DIRECTION('',(0.,0.,1.));
#4792=DIRECTION('',(0.,0.,1.));
#4793=DIRECTION('',(0.,0.,1.));
#4794=DIRECTION('',(0.,0.,1.));
#4795=DIRECTION('',(0.,0.,1.));
#4796=DIRECTION('',(0.,0.,1.));
#4797=DIRECTION('',(0.,0.,1.));
#4798=DIRECTION('',(0.,0.,1.));
#4799=DIRECTION('',(0.,0.,1.));
#4800=DIRECTION('',(0.999997506574521,-0.00223312443474304,0.));
#4801=DIRECTION('',(0.00223312443474304,0.999997506574521,0.));
#4802=DIRECTION('',(-0.00223312443474304,-0.999997506574521,0.));
#4803=DIRECTION('',(0.00223312443474304,0.999997506574521,0.));
#4804=DIRECTION('',(0.,0.,1.));
#4805=DIRECTION('',(-1.,0.,0.));
#4806=DIRECTION('',(0.,0.,1.));
#4807=DIRECTION('',(-1.,0.,0.));
#4808=DIRECTION('',(0.,0.,1.));
#4809=DIRECTION('',(1.,0.,0.));
#4810=DIRECTION('',(-1.,-2.31296463463574E-15,0.));
#4811=DIRECTION('',(-2.31296463463574E-15,1.,0.));
#4812=DIRECTION('',(-2.31296463463574E-15,1.,0.));
#4813=DIRECTION('',(0.,0.,-1.));
#4814=DIRECTION('',(2.31296463463574E-15,-1.,0.));
#4815=DIRECTION('',(0.,0.,-1.));
#4816=DIRECTION('',(0.,1.,0.));
#4817=DIRECTION('',(1.,0.,0.));
#4818=DIRECTION('',(1.,0.,0.));
#4819=DIRECTION('',(1.,0.,0.));
#4820=DIRECTION('',(0.,0.,-1.));
#4821=DIRECTION('',(1.,0.,0.));
#4822=DIRECTION('',(0.,-1.,0.));
#4823=DIRECTION('',(0.,-1.,0.));
#4824=DIRECTION('',(0.,-1.,0.));
#4825=DIRECTION('',(0.,0.,-1.));
#4826=DIRECTION('',(0.,-1.,0.));
#4827=DIRECTION('',(-1.,0.,0.));
#4828=DIRECTION('',(-1.,0.,0.));
#4829=DIRECTION('',(-1.,0.,0.));
#4830=DIRECTION('',(0.,0.,-1.));
#4831=DIRECTION('',(-1.,-2.31296463463574E-15,0.));
#4832=DIRECTION('',(-2.31296463463574E-15,1.,0.));
#4833=DIRECTION('',(-2.31296463463574E-15,1.,0.));
#4834=DIRECTION('',(2.31296463463574E-15,-1.,0.));
#4835=DIRECTION('',(0.,0.,-1.));
#4836=DIRECTION('',(-1.79345926697008E-16,1.,0.));
#4837=DIRECTION('',(1.,1.79345926697008E-16,0.));
#4838=DIRECTION('',(1.,1.79345926697008E-16,0.));
#4839=DIRECTION('',(-1.,-1.79345926697008E-16,0.));
#4840=DIRECTION('',(0.,0.,-1.));
#4841=DIRECTION('',(-1.,0.,0.));
#4842=DIRECTION('',(0.,1.,0.));
#4843=DIRECTION('',(0.,1.,0.));
#4844=DIRECTION('',(0.,-1.,0.));
#4845=DIRECTION('',(0.,0.,-1.));
#4846=DIRECTION('',(-5.97819755656692E-17,-1.,0.));
#4847=DIRECTION('',(-1.,5.97819755656692E-17,0.));
#4848=DIRECTION('',(-1.,5.97819755656692E-17,0.));
#4849=DIRECTION('',(1.,-5.97819755656692E-17,0.));
#4850=DIRECTION('',(0.,0.,1.));
#4851=DIRECTION('',(-1.,0.,0.));
#4852=DIRECTION('',(0.,0.,1.));
#4853=DIRECTION('',(1.,0.,0.));
#4854=DIRECTION('',(0.,0.,1.));
#4855=DIRECTION('',(1.,0.,0.));
#4856=DIRECTION('',(1.,2.31296463463574E-15,0.));
#4857=DIRECTION('',(-2.31296463463574E-15,1.,0.));
#4858=DIRECTION('',(-2.31296463463574E-15,1.,0.));
#4859=DIRECTION('',(0.,0.,1.));
#4860=DIRECTION('',(2.31296463463574E-15,-1.,0.));
#4861=DIRECTION('',(0.,0.,1.));
#4862=DIRECTION('',(0.,-1.,0.));
#4863=DIRECTION('',(1.,0.,0.));
#4864=DIRECTION('',(1.,0.,0.));
#4865=DIRECTION('',(0.,0.,1.));
#4866=DIRECTION('',(1.,0.,0.));
#4867=DIRECTION('',(-1.,0.,0.));
#4868=DIRECTION('',(0.,-1.,0.));
#4869=DIRECTION('',(0.,-1.,0.));
#4870=DIRECTION('',(0.,0.,1.));
#4871=DIRECTION('',(0.,-1.,0.));
#4872=DIRECTION('',(0.,1.,0.));
#4873=DIRECTION('',(-1.,0.,0.));
#4874=DIRECTION('',(-1.,0.,0.));
#4875=DIRECTION('',(0.,0.,1.));
#4876=DIRECTION('',(-1.,0.,0.));
#4877=DIRECTION('',(1.,2.31296463463574E-15,0.));
#4878=DIRECTION('',(-2.31296463463574E-15,1.,0.));
#4879=DIRECTION('',(-2.31296463463574E-15,1.,0.));
#4880=DIRECTION('',(0.,0.,1.));
#4881=DIRECTION('',(2.31296463463574E-15,-1.,0.));
#4882=DIRECTION('',(1.79345926697008E-16,-1.,0.));
#4883=DIRECTION('',(1.,1.79345926697008E-16,0.));
#4884=DIRECTION('',(1.,1.79345926697008E-16,0.));
#4885=DIRECTION('',(0.,0.,1.));
#4886=DIRECTION('',(-1.,-1.79345926697008E-16,0.));
#4887=DIRECTION('',(1.,0.,0.));
#4888=DIRECTION('',(0.,1.,0.));
#4889=DIRECTION('',(0.,1.,0.));
#4890=DIRECTION('',(0.,0.,1.));
#4891=DIRECTION('',(0.,-1.,0.));
#4892=DIRECTION('',(5.97819755656692E-17,1.,0.));
#4893=DIRECTION('',(-1.,5.97819755656692E-17,0.));
#4894=DIRECTION('',(-1.,5.97819755656692E-17,0.));
#4895=DIRECTION('',(1.,-5.97819755656692E-17,0.));
#4896=DIRECTION('',(0.,0.,1.));
#4897=DIRECTION('',(-1.,0.,0.));
#4898=DIRECTION('',(0.,0.,1.));
#4899=DIRECTION('',(1.,0.,0.));
#4900=DIRECTION('',(0.,0.,1.));
#4901=DIRECTION('',(1.,0.,0.));
#4902=DIRECTION('',(0.,1.,0.));
#4903=DIRECTION('',(1.,0.,0.));
#4904=DIRECTION('',(-1.,0.,0.));
#4905=DIRECTION('',(0.,0.,-1.));
#4906=DIRECTION('',(1.,0.,0.));
#4907=DIRECTION('',(0.,0.,-1.));
#4908=DIRECTION('',(1.,0.,0.));
#4909=DIRECTION('',(0.,-1.,0.));
#4910=DIRECTION('',(0.,1.,0.));
#4911=DIRECTION('',(0.,-1.,0.));
#4912=DIRECTION('',(0.,0.,-1.));
#4913=DIRECTION('',(1.19563951131338E-16,-1.,0.));
#4914=DIRECTION('',(-1.,-1.19563951131338E-16,0.));
#4915=DIRECTION('',(1.,1.19563951131338E-16,0.));
#4916=DIRECTION('',(-1.,-1.19563951131338E-16,0.));
#4917=DIRECTION('',(0.,0.,-1.));
#4918=DIRECTION('',(-1.,1.18613571006961E-16,0.));
#4919=DIRECTION('',(1.18613571006961E-16,1.,0.));
#4920=DIRECTION('',(-1.18613571006961E-16,-1.,0.));
#4921=DIRECTION('',(-1.18613571006961E-16,-1.,0.));
#4922=DIRECTION('',(0.,0.,1.));
#4923=DIRECTION('',(-1.,0.,0.));
#4924=DIRECTION('',(0.,0.,1.));
#4925=DIRECTION('',(1.,0.,0.));
#4926=DIRECTION('',(0.,0.,1.));
#4927=DIRECTION('',(1.,0.,0.));
#4928=DIRECTION('',(0.,-1.,0.));
#4929=DIRECTION('',(1.,0.,0.));
#4930=DIRECTION('',(-1.,0.,0.));
#4931=DIRECTION('',(0.,0.,1.));
#4932=DIRECTION('',(1.,0.,0.));
#4933=DIRECTION('',(0.,0.,1.));
#4934=DIRECTION('',(-1.,0.,0.));
#4935=DIRECTION('',(0.,-1.,0.));
#4936=DIRECTION('',(0.,1.,0.));
#4937=DIRECTION('',(0.,0.,1.));
#4938=DIRECTION('',(0.,-1.,0.));
#4939=DIRECTION('',(-1.19563951131338E-16,1.,0.));
#4940=DIRECTION('',(-1.,-1.19563951131338E-16,0.));
#4941=DIRECTION('',(1.,1.19563951131338E-16,0.));
#4942=DIRECTION('',(0.,0.,1.));
#4943=DIRECTION('',(-1.,-1.19563951131338E-16,0.));
#4944=DIRECTION('',(1.,-1.18613571006961E-16,0.));
#4945=DIRECTION('',(1.18613571006961E-16,1.,0.));
#4946=DIRECTION('',(-1.18613571006961E-16,-1.,0.));
#4947=DIRECTION('',(-1.18613571006961E-16,-1.,0.));
#4948=DIRECTION('',(0.,0.,1.));
#4949=DIRECTION('',(-1.,0.,0.));
#4950=DIRECTION('',(0.,0.,1.));
#4951=DIRECTION('',(1.,0.,0.));
#4952=DIRECTION('',(0.,0.,1.));
#4953=DIRECTION('',(1.,0.,0.));
#4954=DIRECTION('',(0.,0.,-1.));
#4955=DIRECTION('',(1.,0.,0.));
#4956=DIRECTION('',(0.,0.,1.));
#4957=DIRECTION('',(1.,0.,0.));
#4958=DIRECTION('',(0.,0.,-1.));
#4959=DIRECTION('',(0.,0.,-1.));
#4960=DIRECTION('',(1.,0.,0.));
#4961=DIRECTION('',(0.,0.,1.));
#4962=DIRECTION('',(0.,0.,-1.));
#4963=DIRECTION('',(-1.,-1.22464679914735E-16,0.));
#4964=DIRECTION('',(0.,0.,1.));
#4965=DIRECTION('',(1.,0.,0.));
#4966=DIRECTION('',(0.,0.,-1.));
#4967=DIRECTION('',(0.,0.,-1.));
#4968=DIRECTION('',(1.,0.,0.));
#4969=DIRECTION('',(0.,0.,1.));
#4970=DIRECTION('',(-1.,0.,0.));
#4971=DIRECTION('',(0.,-1.,0.));
#4972=DIRECTION('',(0.,1.,0.));
#4973=DIRECTION('',(0.,0.,1.));
#4974=DIRECTION('',(0.,-1.,0.));
#4975=DIRECTION('',(0.,0.,1.));
#4976=DIRECTION('',(1.,0.,0.));
#4977=DIRECTION('',(1.,0.,0.));
#4978=DIRECTION('',(-2.15159500896348E-16,1.,0.));
#4979=DIRECTION('',(-2.15159500896348E-16,1.,0.));
#4980=DIRECTION('',(-1.,0.,0.));
#4981=DIRECTION('',(0.,-1.,0.));
#4982=DIRECTION('',(1.,2.15159500896348E-16,0.));
#4983=DIRECTION('',(-2.15159500896348E-16,1.,0.));
#4984=DIRECTION('',(2.15159500896348E-16,-1.,0.));
#4985=DIRECTION('',(0.,0.,-1.));
#4986=DIRECTION('',(0.,0.,-1.));
#4987=DIRECTION('',(-1.,0.,0.));
#4988=DIRECTION('',(0.,1.,0.));
#4989=DIRECTION('',(1.,0.,0.));
#4990=DIRECTION('',(2.15159500896348E-16,-1.,0.));
#4991=DIRECTION('',(-1.,0.,0.));
#4992=DIRECTION('',(1.,2.15159500896348E-16,0.));
#4993=DIRECTION('',(-2.15159500896348E-16,1.,0.));
#4994=DIRECTION('',(0.,0.,1.));
#4995=DIRECTION('',(0.,-1.,0.));
#4996=DIRECTION('',(1.,0.,0.));
#4997=DIRECTION('',(-1.,0.,0.));
#4998=DIRECTION('',(0.,-1.,0.));
#4999=DIRECTION('',(0.,0.,1.));
#5000=DIRECTION('',(0.,1.,0.));
#5001=DIRECTION('',(-1.,0.,0.));
#5002=DIRECTION('',(0.,0.,1.));
#5003=DIRECTION('',(1.,0.,0.));
#5004=DIRECTION('',(0.,0.,1.));
#5005=DIRECTION('',(-1.,0.,0.));
#5006=DIRECTION('',(0.,0.,-1.));
#5007=DIRECTION('',(1.,0.,0.));
#5008=DIRECTION('',(0.,-1.,0.));
#5009=DIRECTION('',(1.,0.,0.));
#5010=DIRECTION('',(0.,-1.,0.));
#5011=DIRECTION('',(-1.,0.,0.));
#5012=DIRECTION('',(0.,-1.,0.));
#5013=DIRECTION('',(0.,0.,1.));
#5014=DIRECTION('',(1.,0.,0.));
#5015=DIRECTION('',(0.,0.,1.));
#5016=DIRECTION('',(1.,0.,0.));
#5017=DIRECTION('',(0.,-1.,0.));
#5018=DIRECTION('',(-1.,0.,0.));
#5019=DIRECTION('',(0.,1.,0.));
#5020=DIRECTION('',(1.,0.,0.));
#5021=DIRECTION('',(0.,-1.,0.));
#5022=DIRECTION('',(0.,-1.,0.));
#5023=DIRECTION('',(-1.,0.,0.));
#5024=DIRECTION('',(0.,0.,-1.));
#5025=DIRECTION('',(0.,0.,-1.));
#5026=DIRECTION('',(-1.,0.,0.));
#5027=DIRECTION('',(0.,1.,0.));
#5028=DIRECTION('',(0.,0.,-1.));
#5029=DIRECTION('',(0.,1.,0.));
#5030=DIRECTION('',(1.,0.,0.));
#5031=DIRECTION('',(0.,0.,-1.));
#5032=DIRECTION('',(0.,0.,1.));
#5033=DIRECTION('',(-1.,0.,0.));
#5034=DIRECTION('',(0.,0.,-1.));
#5035=DIRECTION('',(1.,0.,0.));
#5036=DIRECTION('',(0.,-1.,0.));
#5037=DIRECTION('',(-1.,2.79205085755026E-16,0.));
#5038=DIRECTION('',(0.,0.,-1.));
#5039=DIRECTION('',(-0.658139791588032,0.752895752895752,0.));
#5040=DIRECTION('',(1.,3.49006357193782E-16,0.));
#5041=DIRECTION('',(0.,-1.,0.));
#5042=DIRECTION('',(-2.79205085755026E-16,-1.,0.));
#5043=DIRECTION('',(-1.,2.79205085755026E-16,0.));
#5044=DIRECTION('',(1.,-2.79205085755026E-16,0.));
#5045=DIRECTION('',(0.,0.,-1.));
#5046=DIRECTION('',(0.,0.,-1.));
#5047=DIRECTION('',(0.,0.,1.));
#5048=DIRECTION('',(-0.658139791588032,0.752895752895752,0.));
#5049=DIRECTION('',(0.,0.,1.));
#5050=DIRECTION('',(-0.658139791588032,0.752895752895752,0.));
#5051=DIRECTION('',(0.,0.,-1.));
#5052=DIRECTION('',(-3.49006357193782E-16,1.,0.));
#5053=DIRECTION('',(1.,3.49006357193782E-16,0.));
#5054=DIRECTION('',(1.,3.49006357193782E-16,0.));
#5055=DIRECTION('',(0.,0.,-1.));
#5056=DIRECTION('',(0.,0.,1.));
#5057=DIRECTION('',(-1.,0.,0.));
#5058=DIRECTION('',(0.,0.,1.));
#5059=DIRECTION('',(1.,0.,0.));
#5060=DIRECTION('',(0.,-1.,0.));
#5061=DIRECTION('',(0.,-1.,0.));
#5062=DIRECTION('',(0.,0.,-1.));
#5063=DIRECTION('',(1.,0.,0.));
#5064=DIRECTION('',(0.,0.,-1.));
#5065=DIRECTION('',(0.,0.,-1.));
#5066=DIRECTION('',(1.,0.,0.));
#5067=DIRECTION('',(0.,0.,-1.));
#5068=DIRECTION('',(0.,0.,-1.));
#5069=DIRECTION('',(1.,0.,0.));
#5070=DIRECTION('',(0.,0.,-1.));
#5071=DIRECTION('',(0.,0.,-1.));
#5072=DIRECTION('',(0.,0.,1.));
#5073=DIRECTION('',(-1.,0.,0.));
#5074=DIRECTION('',(0.,-1.,0.));
#5075=DIRECTION('',(1.,-2.79205085755026E-16,0.));
#5076=DIRECTION('',(0.,0.,1.));
#5077=DIRECTION('',(1.,0.,0.));
#5078=DIRECTION('',(1.,3.49006357193782E-16,0.));
#5079=DIRECTION('',(0.,-1.,0.));
#5080=DIRECTION('',(-2.79205085755026E-16,-1.,0.));
#5081=DIRECTION('',(-1.,2.79205085755026E-16,0.));
#5082=DIRECTION('',(0.,0.,1.));
#5083=DIRECTION('',(-1.,2.79205085755026E-16,0.));
#5084=DIRECTION('',(0.,0.,1.));
#5085=DIRECTION('',(0.,0.,1.));
#5086=DIRECTION('',(-0.658139791588032,0.752895752895752,0.));
#5087=DIRECTION('',(0.,0.,-1.));
#5088=DIRECTION('',(1.,0.,0.));
#5089=DIRECTION('',(0.,0.,1.));
#5090=DIRECTION('',(-3.49006357193782E-16,1.,0.));
#5091=DIRECTION('',(1.,3.49006357193782E-16,0.));
#5092=DIRECTION('',(1.,3.49006357193782E-16,0.));
#5093=DIRECTION('',(0.,0.,1.));
#5094=DIRECTION('',(0.,0.,1.));
#5095=DIRECTION('',(-1.,0.,0.));
#5096=DIRECTION('',(0.,0.,1.));
#5097=DIRECTION('',(1.,0.,0.));
#5098=DIRECTION('',(0.,-1.,0.));
#5099=DIRECTION('',(0.,-1.,0.));
#5100=DIRECTION('',(0.,0.,-1.));
#5101=DIRECTION('',(1.,0.,0.));
#5102=DIRECTION('',(0.,0.,-1.));
#5103=DIRECTION('',(0.,0.,-1.));
#5104=DIRECTION('',(1.,0.,0.));
#5105=DIRECTION('',(0.,0.,-1.));
#5106=DIRECTION('',(0.,0.,1.));
#5107=DIRECTION('',(-1.,0.,0.));
#5108=DIRECTION('',(0.,-1.,0.));
#5109=DIRECTION('',(-1.,0.,0.));
#5110=DIRECTION('',(0.,-1.,0.));
#5111=DIRECTION('',(1.,0.,0.));
#5112=DIRECTION('',(0.,-1.,0.));
#5113=DIRECTION('',(0.,0.,-1.));
#5114=DIRECTION('',(1.,0.,0.));
#5115=DIRECTION('',(0.,0.,1.));
#5116=DIRECTION('',(0.,0.,-1.));
#5117=DIRECTION('',(0.,0.,-1.));
#5118=DIRECTION('',(1.,0.,0.));
#5119=DIRECTION('',(-1.,0.,0.));
#5120=DIRECTION('',(0.,-1.,0.));
#5121=DIRECTION('',(0.,-1.,0.));
#5122=DIRECTION('',(0.,0.,1.));
#5123=DIRECTION('',(-1.,0.,0.));
#5124=DIRECTION('',(0.,-1.,0.));
#5125=DIRECTION('',(0.,0.,1.));
#5126=DIRECTION('',(0.,-1.,0.));
#5127=DIRECTION('',(0.,-1.,0.));
#5128=DIRECTION('',(-1.,0.,0.));
#5129=DIRECTION('',(-1.,0.,0.));
#5130=DIRECTION('',(0.,0.,1.));
#5131=DIRECTION('',(-1.,0.,0.));
#5132=DIRECTION('',(0.,1.,0.));
#5133=DIRECTION('',(0.,1.,0.));
#5134=DIRECTION('',(0.,0.,1.));
#5135=DIRECTION('',(0.,1.,0.));
#5136=DIRECTION('',(1.,0.,0.));
#5137=DIRECTION('',(1.,0.,0.));
#5138=DIRECTION('',(0.,0.,1.));
#5139=DIRECTION('',(1.,0.,0.));
#5140=DIRECTION('',(0.,0.,1.));
#5141=DIRECTION('',(1.,0.,0.));
#5142=DIRECTION('',(0.,0.,1.));
#5143=DIRECTION('',(-1.,0.,0.));
#5144=DIRECTION('',(0.,0.,1.));
#5145=DIRECTION('',(-1.,0.,0.));
#5146=DIRECTION('',(-2.15159500896348E-16,1.,0.));
#5147=DIRECTION('',(-1.,0.,0.));
#5148=DIRECTION('',(0.,-1.,0.));
#5149=DIRECTION('',(-1.,-1.79345926697008E-16,0.));
#5150=DIRECTION('',(0.,-1.,0.));
#5151=DIRECTION('',(1.,-5.97819755656692E-17,0.));
#5152=DIRECTION('',(0.,-1.,0.));
#5153=DIRECTION('',(1.,0.,0.));
#5154=DIRECTION('',(-2.15159500896348E-16,1.,0.));
#5155=DIRECTION('',(5.97819755656692E-17,1.,0.));
#5156=DIRECTION('',(1.,-5.97819755656692E-17,0.));
#5157=DIRECTION('',(0.,0.,-1.));
#5158=DIRECTION('',(1.,-5.97819755656692E-17,0.));
#5159=DIRECTION('',(0.,0.,-1.));
#5160=DIRECTION('',(1.,0.,0.));
#5161=DIRECTION('',(0.,-1.,0.));
#5162=DIRECTION('',(0.,0.,-1.));
#5163=DIRECTION('',(0.,-1.,0.));
#5164=DIRECTION('',(1.79345926697008E-16,-1.,0.));
#5165=DIRECTION('',(-1.,-1.79345926697008E-16,0.));
#5166=DIRECTION('',(0.,0.,-1.));
#5167=DIRECTION('',(-1.,-1.79345926697008E-16,0.));
#5168=DIRECTION('',(1.,0.,0.));
#5169=DIRECTION('',(0.,-1.,0.));
#5170=DIRECTION('',(0.,0.,-1.));
#5171=DIRECTION('',(0.,-1.,0.));
#5172=DIRECTION('',(0.,-1.,0.));
#5173=DIRECTION('',(-1.,0.,0.));
#5174=DIRECTION('',(0.,0.,-1.));
#5175=DIRECTION('',(-1.,0.,0.));
#5176=DIRECTION('',(0.,1.,0.));
#5177=DIRECTION('',(1.,0.,0.));
#5178=DIRECTION('',(0.,0.,-1.));
#5179=DIRECTION('',(1.,0.,0.));
#5180=DIRECTION('',(0.,0.,-1.));
#5181=DIRECTION('',(1.,0.,0.));
#5182=DIRECTION('',(0.,-1.,0.));
#5183=DIRECTION('',(0.,-1.,0.));
#5184=DIRECTION('',(0.,0.,1.));
#5185=DIRECTION('',(1.,0.,0.));
#5186=DIRECTION('',(0.,0.,1.));
#5187=DIRECTION('',(1.,0.,0.));
#5188=DIRECTION('',(-2.15159500896348E-16,1.,0.));
#5189=DIRECTION('',(-2.15159500896348E-16,1.,0.));
#5190=DIRECTION('',(0.,0.,1.));
#5191=DIRECTION('',(-1.,0.,0.));
#5192=DIRECTION('',(0.,0.,1.));
#5193=DIRECTION('',(-1.,0.,0.));
#5194=DIRECTION('',(-2.15159500896348E-16,1.,0.));
#5195=DIRECTION('',(-1.,0.,0.));
#5196=DIRECTION('',(0.,0.,1.));
#5197=DIRECTION('',(-0.123795976457163,0.992307692307692,0.));
#5198=DIRECTION('',(1.,0.,0.));
#5199=DIRECTION('',(-2.15159500896348E-16,1.,0.));
#5200=DIRECTION('',(0.,-1.,0.));
#5201=DIRECTION('',(-1.,0.,0.));
#5202=DIRECTION('',(0.,0.,-1.));
#5203=DIRECTION('',(-1.,0.,0.));
#5204=DIRECTION('',(0.,0.,-1.));
#5205=DIRECTION('',(0.,1.,0.));
#5206=DIRECTION('',(1.,0.,0.));
#5207=DIRECTION('',(0.,0.,-1.));
#5208=DIRECTION('',(1.,0.,0.));
#5209=DIRECTION('',(0.,0.,-1.));
#5210=DIRECTION('',(0.,0.,1.));
#5211=DIRECTION('',(-0.123795976457163,0.992307692307692,0.));
#5212=DIRECTION('',(0.,0.,1.));
#5213=DIRECTION('',(-0.123795976457163,0.992307692307692,0.));
#5214=DIRECTION('',(0.,0.,1.));
#5215=DIRECTION('',(-1.,0.,0.));
#5216=DIRECTION('',(0.,0.,-1.));
#5217=DIRECTION('',(-1.,0.,0.));
#5218=DIRECTION('',(-2.15159500896348E-16,1.,0.));
#5219=DIRECTION('',(-2.15159500896348E-16,1.,0.));
#5220=DIRECTION('',(0.,0.,1.));
#5221=DIRECTION('',(-1.,0.,0.));
#5222=DIRECTION('',(0.,0.,-1.));
#5223=DIRECTION('',(0.,0.,-1.));
#5224=DIRECTION('',(-1.,0.,0.));
#5225=DIRECTION('',(0.,0.,-1.));
#5226=DIRECTION('',(0.,0.,1.));
#5227=DIRECTION('',(-1.,0.,0.));
#5228=DIRECTION('',(0.,0.,1.));
#5229=DIRECTION('',(-1.,0.,0.));
#5230=DIRECTION('',(-2.15159500896348E-16,1.,0.));
#5231=DIRECTION('',(-1.,0.,0.));
#5232=DIRECTION('',(0.,0.,1.));
#5233=DIRECTION('',(1.,0.,0.));
#5234=DIRECTION('',(1.,0.,0.));
#5235=DIRECTION('',(-2.15159500896348E-16,1.,0.));
#5236=DIRECTION('',(0.,-1.,0.));
#5237=DIRECTION('',(-1.,0.,0.));
#5238=DIRECTION('',(-1.,0.,0.));
#5239=DIRECTION('',(0.,0.,1.));
#5240=DIRECTION('',(0.,0.,1.));
#5241=DIRECTION('',(0.,1.,0.));
#5242=DIRECTION('',(1.,0.,0.));
#5243=DIRECTION('',(1.,0.,0.));
#5244=DIRECTION('',(0.,0.,1.));
#5245=DIRECTION('',(0.,0.,1.));
#5246=DIRECTION('',(0.,0.,1.));
#5247=DIRECTION('',(-0.123795976457163,0.992307692307692,0.));
#5248=DIRECTION('',(0.,0.,1.));
#5249=DIRECTION('',(1.,0.,0.));
#5250=DIRECTION('',(0.,0.,1.));
#5251=DIRECTION('',(-1.,0.,0.));
#5252=DIRECTION('',(-2.15159500896348E-16,1.,0.));
#5253=DIRECTION('',(-2.15159500896348E-16,1.,0.));
#5254=DIRECTION('',(0.,0.,1.));
#5255=DIRECTION('',(-1.,0.,0.));
#5256=DIRECTION('',(0.,0.,-1.));
#5257=DIRECTION('',(0.,0.,1.));
#5258=DIRECTION('',(-1.,0.,0.));
#5259=DIRECTION('',(0.,0.,-1.));
#5260=DIRECTION('',(0.,0.,1.));
#5261=DIRECTION('',(-1.,0.,0.));
#5262=DIRECTION('',(0.,0.,-1.));
#5263=DIRECTION('',(0.,0.,-1.));
#5264=DIRECTION('',(0.,0.,-1.));
#5265=DIRECTION('',(-1.,1.22464679914735E-16,0.));
#5266=DIRECTION('',(0.,0.,-1.));
#5267=DIRECTION('',(0.,0.,-1.));
#5268=DIRECTION('',(1.,0.,0.));
#5269=DIRECTION('',(0.,0.,-1.));
#5270=DIRECTION('',(0.,0.,1.));
#5271=DIRECTION('',(1.,0.,0.));
#5272=DIRECTION('',(-2.15159500896348E-16,1.,0.));
#5273=DIRECTION('',(-1.,0.,0.));
#5274=DIRECTION('',(0.,-1.,0.));
#5275=DIRECTION('',(-1.,-1.79345926697008E-16,0.));
#5276=DIRECTION('',(0.,-1.,0.));
#5277=DIRECTION('',(1.,-5.97819755656692E-17,0.));
#5278=DIRECTION('',(0.,-1.,0.));
#5279=DIRECTION('',(1.,0.,0.));
#5280=DIRECTION('',(-2.15159500896348E-16,1.,0.));
#5281=DIRECTION('',(1.,2.15159500896348E-16,0.));
#5282=DIRECTION('',(-2.15159500896348E-16,1.,0.));
#5283=DIRECTION('',(-2.15159500896348E-16,1.,0.));
#5284=DIRECTION('',(0.,0.,1.));
#5285=DIRECTION('',(1.,2.15159500896348E-16,0.));
#5286=DIRECTION('',(-2.15159500896348E-16,1.,0.));
#5287=DIRECTION('',(0.,0.,1.));
#5288=DIRECTION('',(-2.15159500896348E-16,1.,0.));
#5289=DIRECTION('',(5.97819755656692E-17,1.,0.));
#5290=DIRECTION('',(1.,-5.97819755656692E-17,0.));
#5291=DIRECTION('',(1.,-5.97819755656692E-17,0.));
#5292=DIRECTION('',(0.,0.,1.));
#5293=DIRECTION('',(0.,0.,1.));
#5294=DIRECTION('',(1.,0.,0.));
#5295=DIRECTION('',(0.,-1.,0.));
#5296=DIRECTION('',(0.,-1.,0.));
#5297=DIRECTION('',(0.,0.,1.));
#5298=DIRECTION('',(1.79345926697008E-16,-1.,0.));
#5299=DIRECTION('',(-1.,-1.79345926697008E-16,0.));
#5300=DIRECTION('',(-1.,-1.79345926697008E-16,0.));
#5301=DIRECTION('',(0.,0.,1.));
#5302=DIRECTION('',(1.,0.,0.));
#5303=DIRECTION('',(0.,-1.,0.));
#5304=DIRECTION('',(0.,-1.,0.));
#5305=DIRECTION('',(0.,0.,1.));
#5306=DIRECTION('',(0.,-1.,0.));
#5307=DIRECTION('',(-1.,0.,0.));
#5308=DIRECTION('',(-1.,0.,0.));
#5309=DIRECTION('',(0.,1.,0.));
#5310=DIRECTION('',(1.,0.,0.));
#5311=DIRECTION('',(1.,0.,0.));
#5312=DIRECTION('',(0.,0.,1.));
#5313=DIRECTION('',(1.,0.,0.));
#5314=DIRECTION('',(0.,-1.,0.));
#5315=DIRECTION('',(0.,-1.,0.));
#5316=DIRECTION('',(0.,0.,1.));
#5317=DIRECTION('',(-1.,0.,0.));
#5318=DIRECTION('',(0.,0.,1.));
#5319=DIRECTION('',(1.,0.,0.));
#5320=DIRECTION('',(0.,0.,1.));
#5321=DIRECTION('',(1.,0.,0.));
#5322=DIRECTION('',(0.,0.,1.));
#5323=DIRECTION('',(1.,0.,0.));
#5324=DIRECTION('',(0.,-1.,0.));
#5325=DIRECTION('',(-1.,0.,0.));
#5326=DIRECTION('',(0.,1.,0.));
#5327=DIRECTION('',(1.,0.,0.));
#5328=DIRECTION('',(0.,-1.,0.));
#5329=DIRECTION('',(0.,-1.,0.));
#5330=DIRECTION('',(-1.,0.,0.));
#5331=DIRECTION('',(-1.,0.,0.));
#5332=DIRECTION('',(0.,0.,-1.));
#5333=DIRECTION('',(0.,0.,-1.));
#5334=DIRECTION('',(-1.,0.,0.));
#5335=DIRECTION('',(0.,1.,0.));
#5336=DIRECTION('',(0.,1.,0.));
#5337=DIRECTION('',(0.,0.,-1.));
#5338=DIRECTION('',(0.,1.,0.));
#5339=DIRECTION('',(1.,0.,0.));
#5340=DIRECTION('',(1.,0.,0.));
#5341=DIRECTION('',(0.,0.,-1.));
#5342=DIRECTION('',(0.,0.,1.));
#5343=DIRECTION('',(1.,0.,0.));
#5344=DIRECTION('',(0.,0.,-1.));
#5345=DIRECTION('',(1.,0.,0.));
#5346=DIRECTION('',(0.,-1.,0.));
#5347=DIRECTION('',(0.,-1.,0.));
#5348=DIRECTION('',(0.,0.,-1.));
#5349=DIRECTION('',(1.,0.,0.));
#5350=DIRECTION('',(0.,0.,-1.));
#5351=DIRECTION('',(0.,0.,-1.));
#5352=DIRECTION('',(1.,0.,0.));
#5353=DIRECTION('',(0.,0.,-1.));
#5354=DIRECTION('',(0.,0.,1.));
#5355=DIRECTION('',(1.,0.,0.));
#5356=DIRECTION('',(0.,-1.,0.));
#5357=DIRECTION('',(-1.,0.,0.));
#5358=DIRECTION('',(0.,1.,0.));
#5359=DIRECTION('',(1.,0.,0.));
#5360=DIRECTION('',(0.,-1.,0.));
#5361=DIRECTION('',(0.,0.,-1.));
#5362=DIRECTION('',(1.,0.,0.));
#5363=DIRECTION('',(0.,0.,-1.));
#5364=DIRECTION('',(0.,0.,-1.));
#5365=DIRECTION('',(1.,0.,0.));
#5366=DIRECTION('',(0.,0.,1.));
#5367=DIRECTION('',(-1.,0.,0.));
#5368=DIRECTION('',(0.,-1.,0.));
#5369=DIRECTION('',(0.,-1.,0.));
#5370=DIRECTION('',(0.,0.,1.));
#5371=DIRECTION('',(-1.,0.,0.));
#5372=DIRECTION('',(0.,-1.,0.));
#5373=DIRECTION('',(0.,0.,1.));
#5374=DIRECTION('',(0.,-1.,0.));
#5375=DIRECTION('',(0.,-1.,0.));
#5376=DIRECTION('',(-1.,0.,0.));
#5377=DIRECTION('',(-1.,0.,0.));
#5378=DIRECTION('',(0.,0.,1.));
#5379=DIRECTION('',(-1.,0.,0.));
#5380=DIRECTION('',(0.,1.,0.));
#5381=DIRECTION('',(0.,1.,0.));
#5382=DIRECTION('',(0.,0.,1.));
#5383=DIRECTION('',(0.,1.,0.));
#5384=DIRECTION('',(1.,0.,0.));
#5385=DIRECTION('',(1.,0.,0.));
#5386=DIRECTION('',(0.,0.,1.));
#5387=DIRECTION('',(1.,0.,0.));
#5388=DIRECTION('',(0.,0.,1.));
#5389=DIRECTION('',(1.,0.,0.));
#5390=DIRECTION('',(0.,0.,1.));
#5391=DIRECTION('',(-1.,0.,0.));
#5392=DIRECTION('',(0.,0.,1.));
#5393=DIRECTION('',(-1.,0.,0.));
#5394=DIRECTION('',(-2.15159500896348E-16,1.,0.));
#5395=DIRECTION('',(-1.,0.,0.));
#5396=DIRECTION('',(-1.18613571006961E-16,-1.,0.));
#5397=DIRECTION('',(1.,0.,0.));
#5398=DIRECTION('',(-2.15159500896348E-16,1.,0.));
#5399=DIRECTION('',(0.,-1.,0.));
#5400=DIRECTION('',(-1.,0.,0.));
#5401=DIRECTION('',(0.,0.,-1.));
#5402=DIRECTION('',(-1.,0.,0.));
#5403=DIRECTION('',(0.,0.,-1.));
#5404=DIRECTION('',(0.,1.,0.));
#5405=DIRECTION('',(1.,0.,0.));
#5406=DIRECTION('',(0.,0.,-1.));
#5407=DIRECTION('',(1.,0.,0.));
#5408=DIRECTION('',(0.,0.,-1.));
#5409=DIRECTION('',(1.,-1.18613571006961E-16,0.));
#5410=DIRECTION('',(-1.18613571006961E-16,-1.,0.));
#5411=DIRECTION('',(-1.18613571006961E-16,-1.,0.));
#5412=DIRECTION('',(0.,0.,1.));
#5413=DIRECTION('',(1.,0.,0.));
#5414=DIRECTION('',(0.,0.,1.));
#5415=DIRECTION('',(1.,0.,0.));
#5416=DIRECTION('',(-2.15159500896348E-16,1.,0.));
#5417=DIRECTION('',(-2.15159500896348E-16,1.,0.));
#5418=DIRECTION('',(0.,0.,1.));
#5419=DIRECTION('',(-1.,0.,0.));
#5420=DIRECTION('',(0.,0.,-1.));
#5421=DIRECTION('',(0.,0.,1.));
#5422=DIRECTION('',(-1.,0.,0.));
#5423=DIRECTION('',(0.,0.,-1.));
#5424=DIRECTION('',(0.,0.,-1.));
#5425=DIRECTION('',(-1.,-1.22464679914735E-16,0.));
#5426=DIRECTION('',(0.,0.,-1.));
#5427=DIRECTION('',(0.,0.,-1.));
#5428=DIRECTION('',(0.,0.,-1.));
#5429=DIRECTION('',(1.,0.,0.));
#5430=DIRECTION('',(0.,0.,1.));
#5431=DIRECTION('',(1.,0.,0.));
#5432=DIRECTION('',(-2.15159500896348E-16,1.,0.));
#5433=DIRECTION('',(-1.,0.,0.));
#5434=DIRECTION('',(-1.18613571006961E-16,-1.,0.));
#5435=DIRECTION('',(1.,0.,0.));
#5436=DIRECTION('',(-2.15159500896348E-16,1.,0.));
#5437=DIRECTION('',(1.,2.15159500896348E-16,0.));
#5438=DIRECTION('',(-2.15159500896348E-16,1.,0.));
#5439=DIRECTION('',(-2.15159500896348E-16,1.,0.));
#5440=DIRECTION('',(0.,0.,1.));
#5441=DIRECTION('',(0.,-1.,0.));
#5442=DIRECTION('',(-1.,0.,0.));
#5443=DIRECTION('',(-1.,0.,0.));
#5444=DIRECTION('',(0.,0.,1.));
#5445=DIRECTION('',(1.,2.15159500896348E-16,0.));
#5446=DIRECTION('',(-2.15159500896348E-16,1.,0.));
#5447=DIRECTION('',(0.,0.,1.));
#5448=DIRECTION('',(-2.15159500896348E-16,1.,0.));
#5449=DIRECTION('',(0.,1.,0.));
#5450=DIRECTION('',(1.,0.,0.));
#5451=DIRECTION('',(1.,0.,0.));
#5452=DIRECTION('',(0.,0.,1.));
#5453=DIRECTION('',(1.,-1.18613571006961E-16,0.));
#5454=DIRECTION('',(-1.18613571006961E-16,-1.,0.));
#5455=DIRECTION('',(-1.18613571006961E-16,-1.,0.));
#5456=DIRECTION('',(0.,0.,1.));
#5457=DIRECTION('',(-1.,0.,0.));
#5458=DIRECTION('',(0.,0.,1.));
#5459=DIRECTION('',(1.,0.,0.));
#5460=DIRECTION('',(0.,0.,-1.));
#5461=DIRECTION('',(1.,0.,0.));
#5462=DIRECTION('',(0.,0.,1.));
#5463=DIRECTION('',(0.,0.,1.));
#5464=DIRECTION('',(1.,0.,0.));
#5465=DIRECTION('',(0.,0.,-1.));
#5466=DIRECTION('',(0.,0.,-1.));
#5467=DIRECTION('',(1.,0.,0.));
#5468=DIRECTION('',(0.,0.,-1.));
#5469=DIRECTION('',(-1.,1.22464679914735E-16,0.));
#5470=DIRECTION('',(0.,0.,-1.));
#5471=DIRECTION('',(0.,0.,-1.));
#5472=DIRECTION('',(1.,0.,0.));
#5473=DIRECTION('',(0.,0.,1.));
#5474=DIRECTION('',(0.,0.,1.));
#5475=DIRECTION('',(1.,0.,0.));
#5476=DIRECTION('',(-1.,-5.3789875224087E-17,0.));
#5477=DIRECTION('',(5.3789875224087E-17,-1.,0.));
#5478=DIRECTION('',(5.3789875224087E-17,-1.,0.));
#5479=DIRECTION('',(0.,0.,1.));
#5480=DIRECTION('',(-5.3789875224087E-17,1.,0.));
#5481=DIRECTION('',(-1.,-5.3789875224087E-17,0.));
#5482=DIRECTION('',(5.3789875224087E-17,-1.,0.));
#5483=DIRECTION('',(-5.3789875224087E-17,1.,0.));
#5484=DIRECTION('',(0.,0.,1.));
#5485=DIRECTION('',(5.3789875224087E-17,-1.,0.));
#5486=DIRECTION('',(0.,0.,1.));
#5487=DIRECTION('',(1.,0.,0.));
#5488=DIRECTION('',(1.,0.,0.));
#5489=DIRECTION('',(2.15159500896348E-16,-1.,0.));
#5490=DIRECTION('',(2.15159500896348E-16,-1.,0.));
#5491=DIRECTION('',(-1.,0.,0.));
#5492=DIRECTION('',(1.,2.15159500896348E-16,0.));
#5493=DIRECTION('',(-2.15159500896348E-16,1.,0.));
#5494=DIRECTION('',(0.,0.,1.));
#5495=DIRECTION('',(-2.15159500896348E-16,1.,0.));
#5496=DIRECTION('',(1.,2.15159500896348E-16,0.));
#5497=DIRECTION('',(-2.15159500896348E-16,1.,0.));
#5498=DIRECTION('',(-2.15159500896348E-16,1.,0.));
#5499=DIRECTION('',(0.,0.,1.));
#5500=DIRECTION('',(0.,1.,0.));
#5501=DIRECTION('',(-1.,0.,0.));
#5502=DIRECTION('',(-1.,0.,0.));
#5503=DIRECTION('',(0.,-1.,0.));
#5504=DIRECTION('',(1.,0.,0.));
#5505=DIRECTION('',(1.,0.,0.));
#5506=DIRECTION('',(0.,0.,1.));
#5507=DIRECTION('',(1.,0.,0.));
#5508=DIRECTION('',(0.,0.,1.));
#5509=DIRECTION('',(1.,0.,0.));
#5510=DIRECTION('',(0.,0.,-1.));
#5511=DIRECTION('',(1.,0.,0.));
#5512=DIRECTION('',(0.,0.,1.));
#5513=DIRECTION('',(0.,0.,1.));
#5514=DIRECTION('',(1.,0.,0.));
#5515=DIRECTION('',(0.,0.,-1.));
#5516=DIRECTION('',(0.,0.,-1.));
#5517=DIRECTION('',(1.,0.,0.));
#5518=DIRECTION('',(0.,0.,-1.));
#5519=DIRECTION('',(-1.,1.22464679914735E-16,0.));
#5520=DIRECTION('',(0.,0.,-1.));
#5521=DIRECTION('',(0.,0.,-1.));
#5522=DIRECTION('',(1.,0.,0.));
#5523=DIRECTION('',(0.,0.,1.));
#5524=DIRECTION('',(0.,0.,1.));
#5525=DIRECTION('',(1.,0.,0.));
#5526=DIRECTION('',(1.,5.3789875224087E-17,0.));
#5527=DIRECTION('',(5.3789875224087E-17,-1.,0.));
#5528=DIRECTION('',(-5.3789875224087E-17,1.,0.));
#5529=DIRECTION('',(0.,0.,-1.));
#5530=DIRECTION('',(5.3789875224087E-17,-1.,0.));
#5531=DIRECTION('',(1.,5.3789875224087E-17,0.));
#5532=DIRECTION('',(5.3789875224087E-17,-1.,0.));
#5533=DIRECTION('',(5.3789875224087E-17,-1.,0.));
#5534=DIRECTION('',(0.,0.,-1.));
#5535=DIRECTION('',(-5.3789875224087E-17,1.,0.));
#5536=DIRECTION('',(0.,0.,1.));
#5537=DIRECTION('',(1.,0.,0.));
#5538=DIRECTION('',(-1.,0.,0.));
#5539=DIRECTION('',(-2.15159500896348E-16,1.,0.));
#5540=DIRECTION('',(-2.15159500896348E-16,1.,0.));
#5541=DIRECTION('',(1.,0.,0.));
#5542=DIRECTION('',(-1.,-2.15159500896348E-16,0.));
#5543=DIRECTION('',(-2.15159500896348E-16,1.,0.));
#5544=DIRECTION('',(0.,0.,-1.));
#5545=DIRECTION('',(2.15159500896348E-16,-1.,0.));
#5546=DIRECTION('',(-1.,-2.15159500896348E-16,0.));
#5547=DIRECTION('',(-2.15159500896348E-16,1.,0.));
#5548=DIRECTION('',(2.15159500896348E-16,-1.,0.));
#5549=DIRECTION('',(0.,0.,-1.));
#5550=DIRECTION('',(0.,-1.,0.));
#5551=DIRECTION('',(-1.,0.,0.));
#5552=DIRECTION('',(1.,0.,0.));
#5553=DIRECTION('',(0.,1.,0.));
#5554=DIRECTION('',(1.,0.,0.));
#5555=DIRECTION('',(-1.,0.,0.));
#5556=DIRECTION('',(0.,0.,1.));
#5557=DIRECTION('',(1.,0.,0.));
#5558=DIRECTION('',(0.,0.,1.));
#5559=DIRECTION('',(1.,0.,0.));
#5560=CARTESIAN_POINT('',(0.,0.,0.));
#5561=CARTESIAN_POINT('',(-0.367079799847828,0.351586167721527,-0.3832));
#5562=CARTESIAN_POINT('',(-0.367079799847828,0.351586167721527,-0.3842));
#5563=CARTESIAN_POINT('',(-0.378321851834378,0.323999704309141,-0.3832));
#5564=CARTESIAN_POINT('',(-0.378321851834378,0.323999704309141,-0.3842));
#5565=CARTESIAN_POINT('',(-0.405268443610654,0.257876440601232,-0.3832));
#5566=CARTESIAN_POINT('',(-0.405268443610654,0.257876440601232,-0.3842));
#5567=CARTESIAN_POINT('',(-0.40549995653192,0.186186420374515,-0.3832));
#5568=CARTESIAN_POINT('',(-0.40549995653192,0.186186420374515,-0.3842));
#5569=CARTESIAN_POINT('',(-0.405634882830357,0.144405300724055,-0.3832));
#5570=CARTESIAN_POINT('',(-0.405634882830357,0.144405300724055,-0.3842));
#5571=CARTESIAN_POINT('',(-0.405634882830357,0.144405300724055,-0.3832));
#5572=CARTESIAN_POINT('',(-0.40549995653192,0.186186420374515,-0.3832));
#5573=CARTESIAN_POINT('',(-0.405268443610654,0.257876440601232,-0.3832));
#5574=CARTESIAN_POINT('',(-0.378321851834378,0.323999704309141,-0.3832));
#5575=CARTESIAN_POINT('',(-0.367079799847828,0.351586167721527,-0.3832));
#5576=CARTESIAN_POINT('',(-0.405634882830357,0.144405300724055,-0.3832));
#5577=CARTESIAN_POINT('',(-0.36707983033583,0.351585844772072,-0.3832));
#5578=CARTESIAN_POINT('',(-0.405634882830357,0.144405300724055,-0.3832));
#5579=CARTESIAN_POINT('',(-0.405634882830357,0.144405300724055,-0.3842));
#5580=CARTESIAN_POINT('',(-0.367079799847828,0.351586167721527,-0.3842));
#5581=CARTESIAN_POINT('',(-0.378321851834378,0.323999704309141,-0.3842));
#5582=CARTESIAN_POINT('',(-0.405268443610654,0.257876440601232,-0.3842));
#5583=CARTESIAN_POINT('',(-0.40549995653192,0.186186420374515,-0.3842));
#5584=CARTESIAN_POINT('',(-0.405634882830357,0.144405300724055,-0.3842));
#5585=CARTESIAN_POINT('',(-0.367079501405837,0.351586458423943,-0.3842));
#5586=CARTESIAN_POINT('',(-0.367079799847828,0.351586167721527,-0.3832));
#5587=CARTESIAN_POINT('',(-0.194734670311929,0.456268696380461,-0.3832));
#5588=CARTESIAN_POINT('',(-0.194734670311929,0.456268696380461,-0.3842));
#5589=CARTESIAN_POINT('',(-0.229460746438526,0.451260712835784,-0.3832));
#5590=CARTESIAN_POINT('',(-0.229460746438526,0.451260712835784,-0.3842));
#5591=CARTESIAN_POINT('',(-0.30146604151849,0.440876547012514,-0.3832));
#5592=CARTESIAN_POINT('',(-0.30146604151849,0.440876547012514,-0.3842));
#5593=CARTESIAN_POINT('',(-0.344697583257043,0.382044971784129,-0.3832));
#5594=CARTESIAN_POINT('',(-0.344697583257043,0.382044971784129,-0.3842));
#5595=CARTESIAN_POINT('',(-0.367079799847828,0.351586167721527,-0.3832));
#5596=CARTESIAN_POINT('',(-0.367079799847828,0.351586167721527,-0.3842));
#5597=CARTESIAN_POINT('',(-0.367079799847828,0.351586167721527,-0.3832));
#5598=CARTESIAN_POINT('',(-0.344697583257043,0.382044971784129,-0.3832));
#5599=CARTESIAN_POINT('',(-0.30146604151849,0.440876547012514,-0.3832));
#5600=CARTESIAN_POINT('',(-0.229460746438526,0.451260712835784,-0.3832));
#5601=CARTESIAN_POINT('',(-0.194734670311929,0.456268696380461,-0.3832));
#5602=CARTESIAN_POINT('',(-0.19473502993282,0.456268573015565,-0.3832));
#5603=CARTESIAN_POINT('',(-0.194734670311929,0.456268696380461,-0.3842));
#5604=CARTESIAN_POINT('',(-0.229460746438526,0.451260712835784,-0.3842));
#5605=CARTESIAN_POINT('',(-0.30146604151849,0.440876547012514,-0.3842));
#5606=CARTESIAN_POINT('',(-0.344697583257043,0.382044971784129,-0.3842));
#5607=CARTESIAN_POINT('',(-0.367079799847828,0.351586167721527,-0.3842));
#5608=CARTESIAN_POINT('',(-0.194734331751368,0.456268576814721,-0.3842));
#5609=CARTESIAN_POINT('',(-0.194734670311929,0.456268696380461,-0.3832));
#5610=CARTESIAN_POINT('',(-0.0414937318094816,0.379700752231917,-0.3832));
#5611=CARTESIAN_POINT('',(-0.0414937318094816,0.379700752231917,-0.3842));
#5612=CARTESIAN_POINT('',(-0.0634822099893481,0.402075019289788,-0.3832));
#5613=CARTESIAN_POINT('',(-0.0634822099893481,0.402075019289788,-0.3842));
#5614=CARTESIAN_POINT('',(-0.105922422054663,0.445259846860597,-0.3832));
#5615=CARTESIAN_POINT('',(-0.105922422054663,0.445259846860597,-0.3842));
#5616=CARTESIAN_POINT('',(-0.165853953716708,0.452688745762596,-0.3832));
#5617=CARTESIAN_POINT('',(-0.165853953716708,0.452688745762596,-0.3842));
#5618=CARTESIAN_POINT('',(-0.194734670311929,0.456268696380461,-0.3832));
#5619=CARTESIAN_POINT('',(-0.194734670311929,0.456268696380461,-0.3842));
#5620=CARTESIAN_POINT('',(-0.194734670311929,0.456268696380461,-0.3832));
#5621=CARTESIAN_POINT('',(-0.165853953716708,0.452688745762596,-0.3832));
#5622=CARTESIAN_POINT('',(-0.105922422054663,0.445259846860597,-0.3832));
#5623=CARTESIAN_POINT('',(-0.0634822099893481,0.402075019289788,-0.3832));
#5624=CARTESIAN_POINT('',(-0.0414937318094816,0.379700752231917,-0.3832));
#5625=CARTESIAN_POINT('',(-0.0414940779568079,0.379701001963584,-0.3832));
#5626=CARTESIAN_POINT('',(-0.0414937318094816,0.379700752231917,-0.3842));
#5627=CARTESIAN_POINT('',(-0.0634822099893481,0.402075019289788,-0.3842));
#5628=CARTESIAN_POINT('',(-0.105922422054663,0.445259846860597,-0.3842));
#5629=CARTESIAN_POINT('',(-0.165853953716708,0.452688745762596,-0.3842));
#5630=CARTESIAN_POINT('',(-0.194734670311929,0.456268696380461,-0.3842));
#5631=CARTESIAN_POINT('',(-0.0414935999313709,0.379700380261044,-0.3842));
#5632=CARTESIAN_POINT('',(-0.0414937318094816,0.379700752231917,-0.3832));
#5633=CARTESIAN_POINT('',(0.0235473341172808,0.150616243815421,-0.3832));
#5634=CARTESIAN_POINT('',(0.0235473341172808,0.150616243815421,-0.3842));
#5635=CARTESIAN_POINT('',(0.0221930933496646,0.196351863576541,-0.3832));
#5636=CARTESIAN_POINT('',(0.0221930933496646,0.196351863576541,-0.3842));
#5637=CARTESIAN_POINT('',(0.0197580127417855,0.278589766490707,-0.3832));
#5638=CARTESIAN_POINT('',(0.0197580127417855,0.278589766490707,-0.3842));
#5639=CARTESIAN_POINT('',(-0.0226641459945931,0.348617915379025,-0.3832));
#5640=CARTESIAN_POINT('',(-0.0226641459945931,0.348617915379025,-0.3842));
#5641=CARTESIAN_POINT('',(-0.0414937318094816,0.379700752231917,-0.3832));
#5642=CARTESIAN_POINT('',(-0.0414937318094816,0.379700752231917,-0.3842));
#5643=CARTESIAN_POINT('',(-0.0414937318094816,0.379700752231917,-0.3832));
#5644=CARTESIAN_POINT('',(-0.0226641459945931,0.348617915379025,-0.3832));
#5645=CARTESIAN_POINT('',(0.0197580127417855,0.278589766490707,-0.3832));
#5646=CARTESIAN_POINT('',(0.0221930933496646,0.196351863576541,-0.3832));
#5647=CARTESIAN_POINT('',(0.0235473341172808,0.150616243815421,-0.3832));
#5648=CARTESIAN_POINT('',(0.0235473341172808,0.150616243815421,-0.3832));
#5649=CARTESIAN_POINT('',(0.0235473341172808,0.150616243815421,-0.3842));
#5650=CARTESIAN_POINT('',(0.0221930933496646,0.196351863576541,-0.3842));
#5651=CARTESIAN_POINT('',(0.0197580127417855,0.278589766490707,-0.3842));
#5652=CARTESIAN_POINT('',(-0.0226641459945931,0.348617915379025,-0.3842));
#5653=CARTESIAN_POINT('',(-0.0414937318094816,0.379700752231917,-0.3842));
#5654=CARTESIAN_POINT('',(0.0235473341172808,0.150616243815421,-0.3842));
#5655=CARTESIAN_POINT('',(0.0235473341172808,0.150616243815421,-0.3832));
#5656=CARTESIAN_POINT('',(-0.0378412494537236,-0.079876234967897,-0.3832));
#5657=CARTESIAN_POINT('',(-0.0378412494537236,-0.079876234967897,-0.3842));
#5658=CARTESIAN_POINT('',(-0.0199301811361684,-0.0489920474183525,-0.3832));
#5659=CARTESIAN_POINT('',(-0.0199301811361684,-0.0489920474183525,-0.3842));
#5660=CARTESIAN_POINT('',(0.0211565753754125,0.0218541506647854,-0.3832));
#5661=CARTESIAN_POINT('',(0.0211565753754125,0.0218541506647854,-0.3842));
#5662=CARTESIAN_POINT('',(0.0226851279033327,0.104179321974991,-0.3832));
#5663=CARTESIAN_POINT('',(0.0226851279033327,0.104179321974991,-0.3842));
#5664=CARTESIAN_POINT('',(0.0235473341172808,0.150616243815421,-0.3832));
#5665=CARTESIAN_POINT('',(0.0235473341172808,0.150616243815421,-0.3842));
#5666=CARTESIAN_POINT('',(0.0235473341172808,0.150616243815421,-0.3832));
#5667=CARTESIAN_POINT('',(0.0226851279033327,0.104179321974991,-0.3832));
#5668=CARTESIAN_POINT('',(0.0211565753754125,0.0218541506647854,-0.3832));
#5669=CARTESIAN_POINT('',(-0.0199301811361684,-0.0489920474183525,-0.3832));
#5670=CARTESIAN_POINT('',(-0.0378412494537236,-0.079876234967897,-0.3832));
#5671=CARTESIAN_POINT('',(-0.0378411469350477,-0.0798758918150865,-0.3832));
#5672=CARTESIAN_POINT('',(-0.0378412494537236,-0.079876234967897,-0.3842));
#5673=CARTESIAN_POINT('',(-0.0199301811361684,-0.0489920474183525,-0.3842));
#5674=CARTESIAN_POINT('',(0.0211565753754125,0.0218541506647854,-0.3842));
#5675=CARTESIAN_POINT('',(0.0226851279033327,0.104179321974991,-0.3842));
#5676=CARTESIAN_POINT('',(0.0235473341172808,0.150616243815421,-0.3842));
#5677=CARTESIAN_POINT('',(-0.0378415706813838,-0.0798764566468323,-0.3842));
#5678=CARTESIAN_POINT('',(-0.0378412494537236,-0.079876234967897,-0.3832));
#5679=CARTESIAN_POINT('',(-0.187368033323903,-0.154494111604171,-0.3832));
#5680=CARTESIAN_POINT('',(-0.187368033323903,-0.154494111604171,-0.3842));
#5681=CARTESIAN_POINT('',(-0.158920548448479,-0.151004085359336,-0.3832));
#5682=CARTESIAN_POINT('',(-0.158920548448479,-0.151004085359336,-0.3842));
#5683=CARTESIAN_POINT('',(-0.10039296435674,-0.143823738646035,-0.3832));
#5684=CARTESIAN_POINT('',(-0.10039296435674,-0.143823738646035,-0.3842));
#5685=CARTESIAN_POINT('',(-0.0590759970533414,-0.101584818055288,-0.3832));
#5686=CARTESIAN_POINT('',(-0.0590759970533414,-0.101584818055288,-0.3842));
#5687=CARTESIAN_POINT('',(-0.0378412494537236,-0.079876234967897,-0.3832));
#5688=CARTESIAN_POINT('',(-0.0378412494537236,-0.079876234967897,-0.3842));
#5689=CARTESIAN_POINT('',(-0.0378412494537236,-0.079876234967897,-0.3832));
#5690=CARTESIAN_POINT('',(-0.0590759970533414,-0.101584818055288,-0.3832));
#5691=CARTESIAN_POINT('',(-0.10039296435674,-0.143823738646035,-0.3832));
#5692=CARTESIAN_POINT('',(-0.158920548448479,-0.151004085359336,-0.3832));
#5693=CARTESIAN_POINT('',(-0.187368033323903,-0.154494111604171,-0.3832));
#5694=CARTESIAN_POINT('',(-0.187367651393136,-0.154493991004678,-0.3832));
#5695=CARTESIAN_POINT('',(-0.187368033323903,-0.154494111604171,-0.3842));
#5696=CARTESIAN_POINT('',(-0.158920548448479,-0.151004085359336,-0.3842));
#5697=CARTESIAN_POINT('',(-0.10039296435674,-0.143823738646035,-0.3842));
#5698=CARTESIAN_POINT('',(-0.0590759970533414,-0.101584818055288,-0.3842));
#5699=CARTESIAN_POINT('',(-0.0378412494537236,-0.079876234967897,-0.3842));
#5700=CARTESIAN_POINT('',(-0.187368414765233,-0.154493990484339,-0.3842));
#5701=CARTESIAN_POINT('',(-0.187368033323903,-0.154494111604171,-0.3832));
#5702=CARTESIAN_POINT('',(-0.34060889732073,-0.0779261672892465,-0.3832));
#5703=CARTESIAN_POINT('',(-0.34060889732073,-0.0779261672892465,-0.3842));
#5704=CARTESIAN_POINT('',(-0.318620445079406,-0.100300434560127,-0.3832));
#5705=CARTESIAN_POINT('',(-0.318620445079406,-0.100300434560127,-0.3842));
#5706=CARTESIAN_POINT('',(-0.276180270132766,-0.143485275714816,-0.3832));
#5707=CARTESIAN_POINT('',(-0.276180270132766,-0.143485275714816,-0.3842));
#5708=CARTESIAN_POINT('',(-0.216248752587701,-0.150914164626527,-0.3832));
#5709=CARTESIAN_POINT('',(-0.216248752587701,-0.150914164626527,-0.3842));
#5710=CARTESIAN_POINT('',(-0.187368033323903,-0.154494111604171,-0.3832));
#5711=CARTESIAN_POINT('',(-0.187368033323903,-0.154494111604171,-0.3842));
#5712=CARTESIAN_POINT('',(-0.187368033323903,-0.154494111604171,-0.3832));
#5713=CARTESIAN_POINT('',(-0.216248752587701,-0.150914164626527,-0.3832));
#5714=CARTESIAN_POINT('',(-0.276180270132766,-0.143485275714816,-0.3832));
#5715=CARTESIAN_POINT('',(-0.318620445079406,-0.100300434560127,-0.3832));
#5716=CARTESIAN_POINT('',(-0.34060889732073,-0.0779261672892465,-0.3832));
#5717=CARTESIAN_POINT('',(-0.340608536387947,-0.077926434454049,-0.3832));
#5718=CARTESIAN_POINT('',(-0.34060889732073,-0.0779261672892465,-0.3842));
#5719=CARTESIAN_POINT('',(-0.318620445079406,-0.100300434560127,-0.3842));
#5720=CARTESIAN_POINT('',(-0.276180270132766,-0.143485275714816,-0.3842));
#5721=CARTESIAN_POINT('',(-0.216248752587701,-0.150914164626527,-0.3842));
#5722=CARTESIAN_POINT('',(-0.187368033323903,-0.154494111604171,-0.3842));
#5723=CARTESIAN_POINT('',(-0.340609045526225,-0.0779257787042012,-0.3842));
#5724=CARTESIAN_POINT('',(-0.34060889732073,-0.0779261672892465,-0.3832));
#5725=CARTESIAN_POINT('',(-0.405634882830357,0.144405300724055,-0.3832));
#5726=CARTESIAN_POINT('',(-0.405634882830357,0.144405300724055,-0.3842));
#5727=CARTESIAN_POINT('',(-0.404108670782541,0.100385881811149,-0.3832));
#5728=CARTESIAN_POINT('',(-0.404108670782541,0.100385881811149,-0.3842));
#5729=CARTESIAN_POINT('',(-0.401334789792092,0.0203808592405016,-0.3832));
#5730=CARTESIAN_POINT('',(-0.401334789792092,0.0203808592405016,-0.3842));
#5731=CARTESIAN_POINT('',(-0.359448849903918,-0.0474268260191602,-0.3832));
#5732=CARTESIAN_POINT('',(-0.359448849903918,-0.0474268260191602,-0.3842));
#5733=CARTESIAN_POINT('',(-0.34060889732073,-0.0779261672892465,-0.3832));
#5734=CARTESIAN_POINT('',(-0.34060889732073,-0.0779261672892465,-0.3842));
#5735=CARTESIAN_POINT('',(-0.34060889732073,-0.0779261672892465,-0.3832));
#5736=CARTESIAN_POINT('',(-0.359448849903918,-0.0474268260191602,-0.3832));
#5737=CARTESIAN_POINT('',(-0.401334789792092,0.0203808592405016,-0.3832));
#5738=CARTESIAN_POINT('',(-0.404108670782541,0.100385881811149,-0.3832));
#5739=CARTESIAN_POINT('',(-0.405634882830357,0.144405300724055,-0.3832));
#5740=CARTESIAN_POINT('',(-0.405634882830357,0.144405300724055,-0.3842));
#5741=CARTESIAN_POINT('',(-0.404108670782541,0.100385881811149,-0.3842));
#5742=CARTESIAN_POINT('',(-0.401334789792092,0.0203808592405016,-0.3842));
#5743=CARTESIAN_POINT('',(-0.359448849903918,-0.0474268260191602,-0.3842));
#5744=CARTESIAN_POINT('',(-0.34060889732073,-0.0779261672892465,-0.3842));
#5745=CARTESIAN_POINT('',(-0.530344060398376,0.548561723424651,-0.3832));
#5746=CARTESIAN_POINT('',(-0.405037416371921,0.548841549450988,-0.3832));
#5747=CARTESIAN_POINT('',(-0.405037416371921,0.548841549450988,-0.3832));
#5748=CARTESIAN_POINT('',(-0.530344060398376,0.548561723424651,-0.3832));
#5749=CARTESIAN_POINT('',(-0.405037416371921,0.548841549450988,-0.3832));
#5750=CARTESIAN_POINT('',(-0.405037416371921,0.548841549450988,-0.3842));
#5751=CARTESIAN_POINT('',(-0.405037416371921,0.548841549450988,-0.3842));
#5752=CARTESIAN_POINT('',(-0.530344060398376,0.548561723424651,-0.3842));
#5753=CARTESIAN_POINT('',(-0.530344060398376,0.548561723424651,-0.3832));
#5754=CARTESIAN_POINT('',(-0.527887623533468,-0.551435527846872,-0.3832));
#5755=CARTESIAN_POINT('',(-0.530344060398376,0.548561723424651,-0.3832));
#5756=CARTESIAN_POINT('',(-0.527887623533469,-0.551435527846872,-0.3832));
#5757=CARTESIAN_POINT('',(-0.530344060398376,0.548561723424651,-0.3842));
#5758=CARTESIAN_POINT('',(-0.527887623533468,-0.551435527846872,-0.3842));
#5759=CARTESIAN_POINT('',(-0.527887623533468,-0.551435527846872,-0.3832));
#5760=CARTESIAN_POINT('',(-0.392826554699901,-0.551133918921838,-0.3832));
#5761=CARTESIAN_POINT('',(-0.527887623533468,-0.551435527846872,-0.3832));
#5762=CARTESIAN_POINT('',(-0.392826554699901,-0.551133918921838,-0.3832));
#5763=CARTESIAN_POINT('',(-0.527887623533468,-0.551435527846872,-0.3842));
#5764=CARTESIAN_POINT('',(-0.392826554699901,-0.551133918921838,-0.3842));
#5765=CARTESIAN_POINT('',(-0.392826554699901,-0.551133918921838,-0.3832));
#5766=CARTESIAN_POINT('',(-0.393702896344314,-0.158706409873736,-0.3832));
#5767=CARTESIAN_POINT('',(-0.392826554699901,-0.551133918921838,-0.3832));
#5768=CARTESIAN_POINT('',(-0.393702896344314,-0.158706409873736,-0.3832));
#5769=CARTESIAN_POINT('',(-0.392826554699901,-0.551133918921838,-0.3842));
#5770=CARTESIAN_POINT('',(-0.393702896344314,-0.158706409873736,-0.3842));
#5771=CARTESIAN_POINT('',(-0.393702896344314,-0.158706409873736,-0.3832));
#5772=CARTESIAN_POINT('',(-0.175114580891747,-0.265517407204957,-0.3832));
#5773=CARTESIAN_POINT('',(-0.175114580891747,-0.265517407204957,-0.3842));
#5774=CARTESIAN_POINT('',(-0.217558023098658,-0.260973693135824,-0.3832));
#5775=CARTESIAN_POINT('',(-0.217558023098658,-0.260973693135824,-0.3842));
#5776=CARTESIAN_POINT('',(-0.303260141147814,-0.251798991479063,-0.3832));
#5777=CARTESIAN_POINT('',(-0.303260141147814,-0.251798991479063,-0.3842));
#5778=CARTESIAN_POINT('',(-0.363364731455072,-0.189933433913103,-0.3832));
#5779=CARTESIAN_POINT('',(-0.363364731455072,-0.189933433913103,-0.3842));
#5780=CARTESIAN_POINT('',(-0.393702896344314,-0.158706409873736,-0.3832));
#5781=CARTESIAN_POINT('',(-0.393702896344314,-0.158706409873736,-0.3842));
#5782=CARTESIAN_POINT('',(-0.393702896344314,-0.158706409873736,-0.3832));
#5783=CARTESIAN_POINT('',(-0.363364731455072,-0.189933433913103,-0.3832));
#5784=CARTESIAN_POINT('',(-0.303260141147814,-0.251798991479063,-0.3832));
#5785=CARTESIAN_POINT('',(-0.217558023098658,-0.260973693135824,-0.3832));
#5786=CARTESIAN_POINT('',(-0.175114580891747,-0.265517407204957,-0.3832));
#5787=CARTESIAN_POINT('',(-0.175115285112184,-0.265517277162624,-0.3832));
#5788=CARTESIAN_POINT('',(-0.175114580891747,-0.265517407204957,-0.3842));
#5789=CARTESIAN_POINT('',(-0.217558023098658,-0.260973693135824,-0.3842));
#5790=CARTESIAN_POINT('',(-0.303260141147814,-0.251798991479063,-0.3842));
#5791=CARTESIAN_POINT('',(-0.363364731455072,-0.189933433913103,-0.3842));
#5792=CARTESIAN_POINT('',(-0.393702896344314,-0.158706409873736,-0.3842));
#5793=CARTESIAN_POINT('',(-0.175114058143935,-0.265517295547897,-0.3842));
#5794=CARTESIAN_POINT('',(-0.175114580891747,-0.265517407204957,-0.3832));
#5795=CARTESIAN_POINT('',(-0.0359928694315108,-0.235568172315137,-0.3832));
#5796=CARTESIAN_POINT('',(-0.0359928694315108,-0.235568172315137,-0.3842));
#5797=CARTESIAN_POINT('',(-0.058251302083575,-0.244262397328602,-0.3832));
#5798=CARTESIAN_POINT('',(-0.058251302083575,-0.244262397328602,-0.3842));
#5799=CARTESIAN_POINT('',(-0.103006488238243,-0.261743936349372,-0.3832));
#5800=CARTESIAN_POINT('',(-0.103006488238243,-0.261743936349372,-0.3842));
#5801=CARTESIAN_POINT('',(-0.150993373470283,-0.264255126234029,-0.3832));
#5802=CARTESIAN_POINT('',(-0.150993373470283,-0.264255126234029,-0.3842));
#5803=CARTESIAN_POINT('',(-0.175114580891747,-0.265517407204957,-0.3832));
#5804=CARTESIAN_POINT('',(-0.175114580891747,-0.265517407204957,-0.3842));
#5805=CARTESIAN_POINT('',(-0.175114580891747,-0.265517407204957,-0.3832));
#5806=CARTESIAN_POINT('',(-0.150993373470283,-0.264255126234029,-0.3832));
#5807=CARTESIAN_POINT('',(-0.103006488238243,-0.261743936349372,-0.3832));
#5808=CARTESIAN_POINT('',(-0.058251302083575,-0.244262397328602,-0.3832));
#5809=CARTESIAN_POINT('',(-0.0359928694315108,-0.235568172315137,-0.3832));
#5810=CARTESIAN_POINT('',(-0.035993766099223,-0.235568450323212,-0.3832));
#5811=CARTESIAN_POINT('',(-0.0359928694315108,-0.235568172315137,-0.3842));
#5812=CARTESIAN_POINT('',(-0.058251302083575,-0.244262397328602,-0.3842));
#5813=CARTESIAN_POINT('',(-0.103006488238243,-0.261743936349372,-0.3842));
#5814=CARTESIAN_POINT('',(-0.150993373470283,-0.264255126234029,-0.3842));
#5815=CARTESIAN_POINT('',(-0.175114580891747,-0.265517407204957,-0.3842));
#5816=CARTESIAN_POINT('',(-0.0359920305632499,-0.235567665720351,-0.3842));
#5817=CARTESIAN_POINT('',(-0.0359928694315108,-0.235568172315137,-0.3832));
#5818=CARTESIAN_POINT('',(0.0718700081705322,-0.152039138483696,-0.3832));
#5819=CARTESIAN_POINT('',(0.0718700081705322,-0.152039138483696,-0.3842));
#5820=CARTESIAN_POINT('',(0.0566621756595656,-0.169020836170184,-0.3832));
#5821=CARTESIAN_POINT('',(0.0566621756595656,-0.169020836170184,-0.3842));
#5822=CARTESIAN_POINT('',(0.0258273959283022,-0.203452232442346,-0.3832));
#5823=CARTESIAN_POINT('',(0.0258273959283022,-0.203452232442346,-0.3842));
#5824=CARTESIAN_POINT('',(-0.0152002281048173,-0.224766290201595,-0.3832));
#5825=CARTESIAN_POINT('',(-0.0152002281048173,-0.224766290201595,-0.3842));
#5826=CARTESIAN_POINT('',(-0.0359928694315108,-0.235568172315137,-0.3832));
#5827=CARTESIAN_POINT('',(-0.0359928694315108,-0.235568172315137,-0.3842));
#5828=CARTESIAN_POINT('',(-0.0359928694315108,-0.235568172315137,-0.3832));
#5829=CARTESIAN_POINT('',(-0.0152002281048173,-0.224766290201595,-0.3832));
#5830=CARTESIAN_POINT('',(0.0258273959283022,-0.203452232442346,-0.3832));
#5831=CARTESIAN_POINT('',(0.0566621756595656,-0.169020836170184,-0.3832));
#5832=CARTESIAN_POINT('',(0.0718700081705322,-0.152039138483696,-0.3832));
#5833=CARTESIAN_POINT('',(0.0718694070862433,-0.152039708469261,-0.3832));
#5834=CARTESIAN_POINT('',(0.0718700081705322,-0.152039138483696,-0.3842));
#5835=CARTESIAN_POINT('',(0.0566621756595656,-0.169020836170184,-0.3842));
#5836=CARTESIAN_POINT('',(0.0258273959283022,-0.203452232442346,-0.3842));
#5837=CARTESIAN_POINT('',(-0.0152002281048173,-0.224766290201595,-0.3842));
#5838=CARTESIAN_POINT('',(-0.0359928694315108,-0.235568172315137,-0.3842));
#5839=CARTESIAN_POINT('',(0.0718703637011239,-0.152038491656394,-0.3842));
#5840=CARTESIAN_POINT('',(0.0718700081705322,-0.152039138483696,-0.3832));
#5841=CARTESIAN_POINT('',(0.137985963203718,-0.0224574489227592,-0.3832));
#5842=CARTESIAN_POINT('',(0.137985963203718,-0.0224574489227592,-0.3842));
#5843=CARTESIAN_POINT('',(0.129561622743416,-0.046440528494896,-0.3832));
#5844=CARTESIAN_POINT('',(0.129561622743416,-0.046440528494896,-0.3842));
#5845=CARTESIAN_POINT('',(0.11333801573188,-0.0926271777332869,-0.3832));
#5846=CARTESIAN_POINT('',(0.11333801573188,-0.0926271777332869,-0.3842));
#5847=CARTESIAN_POINT('',(0.0853330122309942,-0.132750450266896,-0.3832));
#5848=CARTESIAN_POINT('',(0.0853330122309942,-0.132750450266896,-0.3842));
#5849=CARTESIAN_POINT('',(0.0718700081705322,-0.152039138483696,-0.3832));
#5850=CARTESIAN_POINT('',(0.0718700081705322,-0.152039138483696,-0.3842));
#5851=CARTESIAN_POINT('',(0.0718700081705322,-0.152039138483696,-0.3832));
#5852=CARTESIAN_POINT('',(0.0853330122309942,-0.132750450266896,-0.3832));
#5853=CARTESIAN_POINT('',(0.11333801573188,-0.0926271777332869,-0.3832));
#5854=CARTESIAN_POINT('',(0.129561622743416,-0.046440528494896,-0.3832));
#5855=CARTESIAN_POINT('',(0.137985963203718,-0.0224574489227592,-0.3832));
#5856=CARTESIAN_POINT('',(0.13798544905309,-0.0224587281973189,-0.3832));
#5857=CARTESIAN_POINT('',(0.137985963203718,-0.0224574489227592,-0.3842));
#5858=CARTESIAN_POINT('',(0.129561622743416,-0.046440528494896,-0.3842));
#5859=CARTESIAN_POINT('',(0.11333801573188,-0.0926271777332869,-0.3842));
#5860=CARTESIAN_POINT('',(0.0853330122309942,-0.132750450266896,-0.3842));
#5861=CARTESIAN_POINT('',(0.0718700081705322,-0.152039138483696,-0.3842));
#5862=CARTESIAN_POINT('',(0.137986235430029,-0.0224561710268294,-0.3842));
#5863=CARTESIAN_POINT('',(0.137985963203718,-0.0224574489227592,-0.3832));
#5864=CARTESIAN_POINT('',(0.161634958747055,0.139669438296137,-0.3832));
#5865=CARTESIAN_POINT('',(0.161634958747055,0.139669438296137,-0.3842));
#5866=CARTESIAN_POINT('',(0.160783222422616,0.111617035418232,-0.3832));
#5867=CARTESIAN_POINT('',(0.160783222422616,0.111617035418232,-0.3842));
#5868=CARTESIAN_POINT('',(0.159114539718321,0.0566580555636245,-0.3832));
#5869=CARTESIAN_POINT('',(0.159114539718321,0.0566580555636245,-0.3842));
#5870=CARTESIAN_POINT('',(0.144930247129737,0.00354527424810925,-0.3832));
#5871=CARTESIAN_POINT('',(0.144930247129737,0.00354527424810925,-0.3842));
#5872=CARTESIAN_POINT('',(0.137985963203718,-0.0224574489227592,-0.3832));
#5873=CARTESIAN_POINT('',(0.137985963203718,-0.0224574489227592,-0.3842));
#5874=CARTESIAN_POINT('',(0.137985963203718,-0.0224574489227592,-0.3832));
#5875=CARTESIAN_POINT('',(0.144930247129737,0.00354527424810925,-0.3832));
#5876=CARTESIAN_POINT('',(0.159114539718321,0.0566580555636245,-0.3832));
#5877=CARTESIAN_POINT('',(0.160783222422616,0.111617035418232,-0.3832));
#5878=CARTESIAN_POINT('',(0.161634958747055,0.139669438296137,-0.3832));
#5879=CARTESIAN_POINT('',(0.161634851598811,0.139668081972843,-0.3832));
#5880=CARTESIAN_POINT('',(0.161634958747055,0.139669438296137,-0.3842));
#5881=CARTESIAN_POINT('',(0.160783222422616,0.111617035418232,-0.3842));
#5882=CARTESIAN_POINT('',(0.159114539718321,0.0566580555636245,-0.3842));
#5883=CARTESIAN_POINT('',(0.144930247129737,0.00354527424810925,-0.3842));
#5884=CARTESIAN_POINT('',(0.137985963203718,-0.0224574489227592,-0.3842));
#5885=CARTESIAN_POINT('',(0.161634845011056,0.139671184126326,-0.3842));
#5886=CARTESIAN_POINT('',(0.161634958747055,0.139669438296137,-0.3832));
#5887=CARTESIAN_POINT('',(0.0596320240326487,0.456086305928487,-0.3832));
#5888=CARTESIAN_POINT('',(0.0596320240326487,0.456086305928487,-0.3842));
#5889=CARTESIAN_POINT('',(0.0892192132635508,0.412537690631948,-0.3832));
#5890=CARTESIAN_POINT('',(0.0892192132635508,0.412537690631948,-0.3842));
#5891=CARTESIAN_POINT('',(0.15381173449724,0.317465636430139,-0.3832));
#5892=CARTESIAN_POINT('',(0.15381173449724,0.317465636430139,-0.3842));
#5893=CARTESIAN_POINT('',(0.158885355685362,0.202158887036933,-0.3832));
#5894=CARTESIAN_POINT('',(0.158885355685362,0.202158887036933,-0.3842));
#5895=CARTESIAN_POINT('',(0.161634958747055,0.139669438296137,-0.3832));
#5896=CARTESIAN_POINT('',(0.161634958747055,0.139669438296137,-0.3842));
#5897=CARTESIAN_POINT('',(0.161634958747055,0.139669438296137,-0.3832));
#5898=CARTESIAN_POINT('',(0.158885355685362,0.202158887036933,-0.3832));
#5899=CARTESIAN_POINT('',(0.15381173449724,0.317465636430139,-0.3832));
#5900=CARTESIAN_POINT('',(0.0892192132635508,0.412537690631948,-0.3832));
#5901=CARTESIAN_POINT('',(0.0596320240326487,0.456086305928487,-0.3832));
#5902=CARTESIAN_POINT('',(0.0596321912213976,0.456085923733602,-0.3832));
#5903=CARTESIAN_POINT('',(0.0596320240326487,0.456086305928487,-0.3842));
#5904=CARTESIAN_POINT('',(0.0892192132635508,0.412537690631948,-0.3842));
#5905=CARTESIAN_POINT('',(0.15381173449724,0.317465636430139,-0.3842));
#5906=CARTESIAN_POINT('',(0.158885355685362,0.202158887036933,-0.3842));
#5907=CARTESIAN_POINT('',(0.161634958747055,0.139669438296137,-0.3842));
#5908=CARTESIAN_POINT('',(0.0596316605202947,0.456086544399244,-0.3842));
#5909=CARTESIAN_POINT('',(0.0596320240326487,0.456086305928487,-0.3832));
#5910=CARTESIAN_POINT('',(-0.183727617296963,0.567344010219834,-0.3832));
#5911=CARTESIAN_POINT('',(-0.183727617296963,0.567344010219834,-0.3842));
#5912=CARTESIAN_POINT('',(-0.137847060566302,0.562468037169657,-0.3832));
#5913=CARTESIAN_POINT('',(-0.137847060566302,0.562468037169657,-0.3842));
#5914=CARTESIAN_POINT('',(-0.0444388530684817,0.552541045544456,-0.3832));
#5915=CARTESIAN_POINT('',(-0.0444388530684817,0.552541045544456,-0.3842));
#5916=CARTESIAN_POINT('',(0.0245363119634399,0.488613635990124,-0.3832));
#5917=CARTESIAN_POINT('',(0.0245363119634399,0.488613635990124,-0.3842));
#5918=CARTESIAN_POINT('',(0.0596320240326487,0.456086305928487,-0.3832));
#5919=CARTESIAN_POINT('',(0.0596320240326487,0.456086305928487,-0.3842));
#5920=CARTESIAN_POINT('',(0.0596320240326487,0.456086305928487,-0.3832));
#5921=CARTESIAN_POINT('',(0.0245363119634399,0.488613635990124,-0.3832));
#5922=CARTESIAN_POINT('',(-0.0444388530684817,0.552541045544456,-0.3832));
#5923=CARTESIAN_POINT('',(-0.137847060566302,0.562468037169657,-0.3832));
#5924=CARTESIAN_POINT('',(-0.183727617296963,0.567344010219834,-0.3832));
#5925=CARTESIAN_POINT('',(-0.183727176251634,0.567343892698678,-0.3832));
#5926=CARTESIAN_POINT('',(-0.183727617296963,0.567344010219834,-0.3842));
#5927=CARTESIAN_POINT('',(-0.137847060566302,0.562468037169657,-0.3842));
#5928=CARTESIAN_POINT('',(-0.0444388530684817,0.552541045544456,-0.3842));
#5929=CARTESIAN_POINT('',(0.0245363119634399,0.488613635990124,-0.3842));
#5930=CARTESIAN_POINT('',(0.0596320240326487,0.456086305928487,-0.3842));
#5931=CARTESIAN_POINT('',(-0.183728083898261,0.56734389220283,-0.3842));
#5932=CARTESIAN_POINT('',(-0.183727617296963,0.567344010219834,-0.3832));
#5933=CARTESIAN_POINT('',(-0.404814561022915,0.449046486593784,-0.3832));
#5934=CARTESIAN_POINT('',(-0.404814561022915,0.449046486593784,-0.3842));
#5935=CARTESIAN_POINT('',(-0.375671432468159,0.483470950192442,-0.3832));
#5936=CARTESIAN_POINT('',(-0.375671432468159,0.483470950192442,-0.3842));
#5937=CARTESIAN_POINT('',(-0.317568512224105,0.552103316108791,-0.3832));
#5938=CARTESIAN_POINT('',(-0.317568512224105,0.552103316108791,-0.3842));
#5939=CARTESIAN_POINT('',(-0.228247301447928,0.562274476812765,-0.3832));
#5940=CARTESIAN_POINT('',(-0.228247301447928,0.562274476812765,-0.3842));
#5941=CARTESIAN_POINT('',(-0.183727617296963,0.567344010219834,-0.3832));
#5942=CARTESIAN_POINT('',(-0.183727617296963,0.567344010219834,-0.3842));
#5943=CARTESIAN_POINT('',(-0.183727617296963,0.567344010219834,-0.3832));
#5944=CARTESIAN_POINT('',(-0.228247301447928,0.562274476812765,-0.3832));
#5945=CARTESIAN_POINT('',(-0.317568512224105,0.552103316108791,-0.3832));
#5946=CARTESIAN_POINT('',(-0.375671432468159,0.483470950192442,-0.3832));
#5947=CARTESIAN_POINT('',(-0.404814561022915,0.449046486593784,-0.3832));
#5948=CARTESIAN_POINT('',(-0.404814561022915,0.449046486593784,-0.3832));
#5949=CARTESIAN_POINT('',(-0.404814561022915,0.449046486593784,-0.3842));
#5950=CARTESIAN_POINT('',(-0.375671432468159,0.483470950192442,-0.3842));
#5951=CARTESIAN_POINT('',(-0.317568512224105,0.552103316108791,-0.3842));
#5952=CARTESIAN_POINT('',(-0.228247301447928,0.562274476812765,-0.3842));
#5953=CARTESIAN_POINT('',(-0.183727617296963,0.567344010219834,-0.3842));
#5954=CARTESIAN_POINT('',(-0.404814561022915,0.449046486593784,-0.3842));
#5955=CARTESIAN_POINT('',(-0.404814561022915,0.449046486593784,-0.3832));
#5956=CARTESIAN_POINT('',(-0.405037416371921,0.548841549450988,-0.3832));
#5957=CARTESIAN_POINT('',(-0.404814561022915,0.449046486593784,-0.3832));
#5958=CARTESIAN_POINT('',(-0.404814561022915,0.449046486593784,-0.3842));
#5959=CARTESIAN_POINT('',(0.113933077598807,0.00795424118648103,-0.3842));
#5960=CARTESIAN_POINT('',(0.113933077598807,0.00795424118648103,-0.3832));
#5961=CARTESIAN_POINT('',(0.,0.,0.));
#5962=CARTESIAN_POINT('',(0.325321434556478,-0.246391621307734,-0.3832));
#5963=CARTESIAN_POINT('',(0.323541942173305,0.55046856187604,-0.3832));
#5964=CARTESIAN_POINT('',(0.323541942173305,0.55046856187604,-0.3832));
#5965=CARTESIAN_POINT('',(0.325321434556478,-0.246391621307734,-0.3832));
#5966=CARTESIAN_POINT('',(0.323541942173305,0.55046856187604,-0.3832));
#5967=CARTESIAN_POINT('',(0.323541942173305,0.55046856187604,-0.3842));
#5968=CARTESIAN_POINT('',(0.323541942173305,0.55046856187604,-0.3842));
#5969=CARTESIAN_POINT('',(0.325321434556478,-0.246391621307734,-0.3842));
#5970=CARTESIAN_POINT('',(0.325321434556478,-0.246391621307734,-0.3832));
#5971=CARTESIAN_POINT('',(0.446876459836466,-0.24612017313378,-0.3832));
#5972=CARTESIAN_POINT('',(0.325321434556479,-0.246391621307734,-0.3832));
#5973=CARTESIAN_POINT('',(0.446876459836466,-0.24612017313378,-0.3832));
#5974=CARTESIAN_POINT('',(0.325321434556479,-0.246391621307734,-0.3842));
#5975=CARTESIAN_POINT('',(0.446876459836466,-0.24612017313378,-0.3842));
#5976=CARTESIAN_POINT('',(0.446876459836466,-0.24612017313378,-0.3832));
#5977=CARTESIAN_POINT('',(0.446606687615664,-0.125315642966012,-0.3832));
#5978=CARTESIAN_POINT('',(0.446876459836466,-0.24612017313378,-0.3832));
#5979=CARTESIAN_POINT('',(0.446606687615664,-0.125315642966012,-0.3832));
#5980=CARTESIAN_POINT('',(0.446876459836466,-0.24612017313378,-0.3842));
#5981=CARTESIAN_POINT('',(0.446606687615664,-0.125315642966012,-0.3842));
#5982=CARTESIAN_POINT('',(0.446606687615664,-0.125315642966012,-0.3832));
#5983=CARTESIAN_POINT('',(0.532770124472054,-0.236924312311917,-0.3832));
#5984=CARTESIAN_POINT('',(0.532770124472054,-0.236924312311917,-0.3842));
#5985=CARTESIAN_POINT('',(0.518341238791606,-0.223676614325037,-0.3832));
#5986=CARTESIAN_POINT('',(0.518341238791606,-0.223676614325037,-0.3842));
#5987=CARTESIAN_POINT('',(0.48332541737847,-0.191527282968679,-0.3832));
#5988=CARTESIAN_POINT('',(0.48332541737847,-0.191527282968679,-0.3842));
#5989=CARTESIAN_POINT('',(0.460201807149581,-0.149830520419227,-0.3832));
#5990=CARTESIAN_POINT('',(0.460201807149581,-0.149830520419227,-0.3842));
#5991=CARTESIAN_POINT('',(0.446606687615664,-0.125315642966012,-0.3832));
#5992=CARTESIAN_POINT('',(0.446606687615664,-0.125315642966012,-0.3842));
#5993=CARTESIAN_POINT('',(0.446606687615664,-0.125315642966012,-0.3832));
#5994=CARTESIAN_POINT('',(0.460201807149581,-0.149830520419227,-0.3832));
#5995=CARTESIAN_POINT('',(0.48332541737847,-0.191527282968679,-0.3832));
#5996=CARTESIAN_POINT('',(0.518341238791606,-0.223676614325037,-0.3832));
#5997=CARTESIAN_POINT('',(0.532770124472054,-0.236924312311917,-0.3832));
#5998=CARTESIAN_POINT('',(0.5327699312392,-0.236924006644268,-0.3832));
#5999=CARTESIAN_POINT('',(0.532770124472054,-0.236924312311917,-0.3842));
#6000=CARTESIAN_POINT('',(0.518341238791606,-0.223676614325037,-0.3842));
#6001=CARTESIAN_POINT('',(0.48332541737847,-0.191527282968679,-0.3842));
#6002=CARTESIAN_POINT('',(0.460201807149581,-0.149830520419227,-0.3842));
#6003=CARTESIAN_POINT('',(0.446606687615664,-0.125315642966012,-0.3842));
#6004=CARTESIAN_POINT('',(0.532770513748821,-0.236924443461008,-0.3842));
#6005=CARTESIAN_POINT('',(0.532770124472054,-0.236924312311917,-0.3832));
#6006=CARTESIAN_POINT('',(0.619494638494709,-0.263742941516574,-0.3832));
#6007=CARTESIAN_POINT('',(0.619494638494709,-0.263742941516574,-0.3842));
#6008=CARTESIAN_POINT('',(0.604045094377469,-0.26263948518378,-0.3832));
#6009=CARTESIAN_POINT('',(0.604045094377469,-0.26263948518378,-0.3842));
#6010=CARTESIAN_POINT('',(0.573059998220873,-0.260426429554646,-0.3832));
#6011=CARTESIAN_POINT('',(0.573059998220873,-0.260426429554646,-0.3842));
#6012=CARTESIAN_POINT('',(0.546224911852647,-0.244772835056517,-0.3832));
#6013=CARTESIAN_POINT('',(0.546224911852647,-0.244772835056517,-0.3842));
#6014=CARTESIAN_POINT('',(0.532770124472054,-0.236924312311917,-0.3832));
#6015=CARTESIAN_POINT('',(0.532770124472054,-0.236924312311917,-0.3842));
#6016=CARTESIAN_POINT('',(0.532770124472054,-0.236924312311917,-0.3832));
#6017=CARTESIAN_POINT('',(0.546224911852647,-0.244772835056517,-0.3832));
#6018=CARTESIAN_POINT('',(0.573059998220873,-0.260426429554646,-0.3832));
#6019=CARTESIAN_POINT('',(0.604045094377469,-0.26263948518378,-0.3832));
#6020=CARTESIAN_POINT('',(0.619494638494709,-0.263742941516574,-0.3832));
#6021=CARTESIAN_POINT('',(0.619494061367834,-0.263742828615459,-0.3832));
#6022=CARTESIAN_POINT('',(0.619494638494709,-0.263742941516574,-0.3842));
#6023=CARTESIAN_POINT('',(0.604045094377469,-0.26263948518378,-0.3842));
#6024=CARTESIAN_POINT('',(0.573059998220873,-0.260426429554646,-0.3842));
#6025=CARTESIAN_POINT('',(0.546224911852647,-0.244772835056517,-0.3842));
#6026=CARTESIAN_POINT('',(0.532770124472054,-0.236924312311917,-0.3842));
#6027=CARTESIAN_POINT('',(0.619495194668827,-0.263742814149093,-0.3842));
#6028=CARTESIAN_POINT('',(0.619494638494709,-0.263742941516574,-0.3832));
#6029=CARTESIAN_POINT('',(0.75821021559599,-0.21991332774969,-0.3832));
#6030=CARTESIAN_POINT('',(0.75821021559599,-0.21991332774969,-0.3842));
#6031=CARTESIAN_POINT('',(0.735466644009826,-0.232647417421242,-0.3832));
#6032=CARTESIAN_POINT('',(0.735466644009826,-0.232647417421242,-0.3842));
#6033=CARTESIAN_POINT('',(0.692191665674001,-0.256877009179738,-0.3832));
#6034=CARTESIAN_POINT('',(0.692191665674001,-0.256877009179738,-0.3842));
#6035=CARTESIAN_POINT('',(0.642886846539555,-0.261533644604762,-0.3832));
#6036=CARTESIAN_POINT('',(0.642886846539555,-0.261533644604762,-0.3842));
#6037=CARTESIAN_POINT('',(0.619494638494709,-0.263742941516574,-0.3832));
#6038=CARTESIAN_POINT('',(0.619494638494709,-0.263742941516574,-0.3842));
#6039=CARTESIAN_POINT('',(0.619494638494709,-0.263742941516574,-0.3832));
#6040=CARTESIAN_POINT('',(0.642886846539555,-0.261533644604762,-0.3832));
#6041=CARTESIAN_POINT('',(0.692191665674001,-0.256877009179738,-0.3832));
#6042=CARTESIAN_POINT('',(0.735466644009826,-0.232647417421242,-0.3832));
#6043=CARTESIAN_POINT('',(0.75821021559599,-0.21991332774969,-0.3832));
#6044=CARTESIAN_POINT('',(0.75821021559599,-0.21991332774969,-0.3832));
#6045=CARTESIAN_POINT('',(0.75821021559599,-0.21991332774969,-0.3842));
#6046=CARTESIAN_POINT('',(0.735466644009826,-0.232647417421242,-0.3842));
#6047=CARTESIAN_POINT('',(0.692191665674001,-0.256877009179738,-0.3842));
#6048=CARTESIAN_POINT('',(0.642886846539555,-0.261533644604762,-0.3842));
#6049=CARTESIAN_POINT('',(0.619494638494709,-0.263742941516574,-0.3842));
#6050=CARTESIAN_POINT('',(0.75821021559599,-0.21991332774969,-0.3842));
#6051=CARTESIAN_POINT('',(0.75821021559599,-0.21991332774969,-0.3832));
#6052=CARTESIAN_POINT('',(0.711409378425839,-0.0947106084419811,-0.3832));
#6053=CARTESIAN_POINT('',(0.75821021559599,-0.21991332774969,-0.3832));
#6054=CARTESIAN_POINT('',(0.711409378425839,-0.0947106084419811,-0.3832));
#6055=CARTESIAN_POINT('',(0.75821021559599,-0.21991332774969,-0.3842));
#6056=CARTESIAN_POINT('',(0.711409378425839,-0.0947106084419811,-0.3842));
#6057=CARTESIAN_POINT('',(0.711409378425839,-0.0947106084419811,-0.3832));
#6058=CARTESIAN_POINT('',(0.612429935527326,-0.124194913747075,-0.3832));
#6059=CARTESIAN_POINT('',(0.612429935527326,-0.124194913747075,-0.3842));
#6060=CARTESIAN_POINT('',(0.629234908200933,-0.122756753969742,-0.3832));
#6061=CARTESIAN_POINT('',(0.629234908200933,-0.122756753969742,-0.3842));
#6062=CARTESIAN_POINT('',(0.664223878809174,-0.119762418236123,-0.3832));
#6063=CARTESIAN_POINT('',(0.664223878809174,-0.119762418236123,-0.3842));
#6064=CARTESIAN_POINT('',(0.695272964547004,-0.103277782140177,-0.3832));
#6065=CARTESIAN_POINT('',(0.695272964547004,-0.103277782140177,-0.3842));
#6066=CARTESIAN_POINT('',(0.71140937842584,-0.0947106084419811,-0.3832));
#6067=CARTESIAN_POINT('',(0.71140937842584,-0.0947106084419811,-0.3842));
#6068=CARTESIAN_POINT('',(0.71140937842584,-0.0947106084419811,-0.3832));
#6069=CARTESIAN_POINT('',(0.695272964547004,-0.103277782140177,-0.3832));
#6070=CARTESIAN_POINT('',(0.664223878809174,-0.119762418236123,-0.3832));
#6071=CARTESIAN_POINT('',(0.629234908200933,-0.122756753969742,-0.3832));
#6072=CARTESIAN_POINT('',(0.612429935527326,-0.124194913747075,-0.3832));
#6073=CARTESIAN_POINT('',(0.61243051099107,-0.124194789661084,-0.3832));
#6074=CARTESIAN_POINT('',(0.612429935527326,-0.124194913747075,-0.3842));
#6075=CARTESIAN_POINT('',(0.629234908200933,-0.122756753969742,-0.3842));
#6076=CARTESIAN_POINT('',(0.664223878809174,-0.119762418236123,-0.3842));
#6077=CARTESIAN_POINT('',(0.695272964547004,-0.103277782140177,-0.3842));
#6078=CARTESIAN_POINT('',(0.71140937842584,-0.0947106084419811,-0.3842));
#6079=CARTESIAN_POINT('',(0.612429312720529,-0.124194799770645,-0.3842));
#6080=CARTESIAN_POINT('',(0.612429935527326,-0.124194913747075,-0.3832));
#6081=CARTESIAN_POINT('',(0.532834361093312,-0.0977355768679584,-0.3832));
#6082=CARTESIAN_POINT('',(0.532834361093312,-0.0977355768679584,-0.3842));
#6083=CARTESIAN_POINT('',(0.544985588012306,-0.105477553432221,-0.3832));
#6084=CARTESIAN_POINT('',(0.544985588012306,-0.105477553432221,-0.3842));
#6085=CARTESIAN_POINT('',(0.569299194849295,-0.120968612530989,-0.3832));
#6086=CARTESIAN_POINT('',(0.569299194849295,-0.120968612530989,-0.3842));
#6087=CARTESIAN_POINT('',(0.598048626042968,-0.123119151180774,-0.3832));
#6088=CARTESIAN_POINT('',(0.598048626042968,-0.123119151180774,-0.3842));
#6089=CARTESIAN_POINT('',(0.612429935527326,-0.124194913747075,-0.3832));
#6090=CARTESIAN_POINT('',(0.612429935527326,-0.124194913747075,-0.3842));
#6091=CARTESIAN_POINT('',(0.612429935527326,-0.124194913747075,-0.3832));
#6092=CARTESIAN_POINT('',(0.598048626042968,-0.123119151180774,-0.3832));
#6093=CARTESIAN_POINT('',(0.569299194849295,-0.120968612530989,-0.3832));
#6094=CARTESIAN_POINT('',(0.544985588012306,-0.105477553432221,-0.3832));
#6095=CARTESIAN_POINT('',(0.532834361093312,-0.0977355768679584,-0.3832));
#6096=CARTESIAN_POINT('',(0.532834896365186,-0.0977358359550076,-0.3832));
#6097=CARTESIAN_POINT('',(0.532834361093312,-0.0977355768679584,-0.3842));
#6098=CARTESIAN_POINT('',(0.544985588012306,-0.105477553432221,-0.3842));
#6099=CARTESIAN_POINT('',(0.569299194849295,-0.120968612530989,-0.3842));
#6100=CARTESIAN_POINT('',(0.598048626042968,-0.123119151180774,-0.3842));
#6101=CARTESIAN_POINT('',(0.612429935527326,-0.124194913747075,-0.3842));
#6102=CARTESIAN_POINT('',(0.532833977341321,-0.0977351347453152,-0.3842));
#6103=CARTESIAN_POINT('',(0.532834361093312,-0.0977355768679584,-0.3832));
#6104=CARTESIAN_POINT('',(0.482396646839169,-0.0239394591263828,-0.3832));
#6105=CARTESIAN_POINT('',(0.482396646839169,-0.0239394591263828,-0.3842));
#6106=CARTESIAN_POINT('',(0.488084285677853,-0.0386764049738126,-0.3832));
#6107=CARTESIAN_POINT('',(0.488084285677853,-0.0386764049738126,-0.3842));
#6108=CARTESIAN_POINT('',(0.499118390484144,-0.067266301346832,-0.3832));
#6109=CARTESIAN_POINT('',(0.499118390484144,-0.067266301346832,-0.3842));
#6110=CARTESIAN_POINT('',(0.52182978183201,-0.0877906886903801,-0.3832));
#6111=CARTESIAN_POINT('',(0.52182978183201,-0.0877906886903801,-0.3842));
#6112=CARTESIAN_POINT('',(0.532834361093312,-0.0977355768679584,-0.3832));
#6113=CARTESIAN_POINT('',(0.532834361093312,-0.0977355768679584,-0.3842));
#6114=CARTESIAN_POINT('',(0.532834361093312,-0.0977355768679584,-0.3832));
#6115=CARTESIAN_POINT('',(0.52182978183201,-0.0877906886903801,-0.3832));
#6116=CARTESIAN_POINT('',(0.499118390484144,-0.067266301346832,-0.3832));
#6117=CARTESIAN_POINT('',(0.488084285677853,-0.0386764049738126,-0.3832));
#6118=CARTESIAN_POINT('',(0.482396646839169,-0.0239394591263828,-0.3832));
#6119=CARTESIAN_POINT('',(0.482397068926328,-0.0239404015367254,-0.3832));
#6120=CARTESIAN_POINT('',(0.482396646839169,-0.0239394591263828,-0.3842));
#6121=CARTESIAN_POINT('',(0.488084285677853,-0.0386764049738126,-0.3842));
#6122=CARTESIAN_POINT('',(0.499118390484144,-0.067266301346832,-0.3842));
#6123=CARTESIAN_POINT('',(0.52182978183201,-0.0877906886903801,-0.3842));
#6124=CARTESIAN_POINT('',(0.532834361093312,-0.0977355768679584,-0.3842));
#6125=CARTESIAN_POINT('',(0.482396525658856,-0.0239386822549804,-0.3842));
#6126=CARTESIAN_POINT('',(0.482396646839169,-0.0239394591263828,-0.3832));
#6127=CARTESIAN_POINT('',(0.459534684545084,0.133581613031941,-0.3832));
#6128=CARTESIAN_POINT('',(0.459534684545084,0.133581613031941,-0.3842));
#6129=CARTESIAN_POINT('',(0.460408884561237,0.10604155038187,-0.3832));
#6130=CARTESIAN_POINT('',(0.460408884561237,0.10604155038187,-0.3842));
#6131=CARTESIAN_POINT('',(0.462103374092288,0.0526597762080255,-0.3832));
#6132=CARTESIAN_POINT('',(0.462103374092288,0.0526597762080255,-0.3842));
#6133=CARTESIAN_POINT('',(0.475777234734534,0.00104625470611209,-0.3832));
#6134=CARTESIAN_POINT('',(0.475777234734534,0.00104625470611209,-0.3842));
#6135=CARTESIAN_POINT('',(0.482396646839169,-0.0239394591263828,-0.3832));
#6136=CARTESIAN_POINT('',(0.482396646839169,-0.0239394591263828,-0.3842));
#6137=CARTESIAN_POINT('',(0.482396646839169,-0.0239394591263828,-0.3832));
#6138=CARTESIAN_POINT('',(0.475777234734534,0.00104625470611209,-0.3832));
#6139=CARTESIAN_POINT('',(0.462103374092288,0.0526597762080255,-0.3832));
#6140=CARTESIAN_POINT('',(0.460408884561237,0.10604155038187,-0.3832));
#6141=CARTESIAN_POINT('',(0.459534684545084,0.133581613031941,-0.3832));
#6142=CARTESIAN_POINT('',(0.459534684545084,0.133581613031941,-0.3832));
#6143=CARTESIAN_POINT('',(0.459534684545084,0.133581613031941,-0.3842));
#6144=CARTESIAN_POINT('',(0.460408884561237,0.10604155038187,-0.3842));
#6145=CARTESIAN_POINT('',(0.462103374092288,0.0526597762080255,-0.3842));
#6146=CARTESIAN_POINT('',(0.475777234734534,0.00104625470611209,-0.3842));
#6147=CARTESIAN_POINT('',(0.482396646839169,-0.0239394591263828,-0.3842));
#6148=CARTESIAN_POINT('',(0.459534684545084,0.133581613031941,-0.3842));
#6149=CARTESIAN_POINT('',(0.459534684545084,0.133581613031941,-0.3832));
#6150=CARTESIAN_POINT('',(0.458603048259683,0.550770170884264,-0.3832));
#6151=CARTESIAN_POINT('',(0.459534684545084,0.133581613031941,-0.3832));
#6152=CARTESIAN_POINT('',(0.458603048259683,0.550770170884264,-0.3832));
#6153=CARTESIAN_POINT('',(0.459534684545084,0.133581613031941,-0.3842));
#6154=CARTESIAN_POINT('',(0.458603048259683,0.550770170884264,-0.3842));
#6155=CARTESIAN_POINT('',(0.458603048259683,0.550770170884264,-0.3832));
#6156=CARTESIAN_POINT('',(0.323541942173305,0.550468561876039,-0.3832));
#6157=CARTESIAN_POINT('',(0.458603048259682,0.550770170884264,-0.3832));
#6158=CARTESIAN_POINT('',(0.458603048259682,0.550770170884264,-0.3842));
#6159=CARTESIAN_POINT('',(0.113933077598807,0.00795424118648103,-0.3842));
#6160=CARTESIAN_POINT('',(0.113933077598807,0.00795424118648103,-0.3832));
#6161=CARTESIAN_POINT('',(0.,0.,0.));
#6162=CARTESIAN_POINT('',(0.325321434556478,0.246391621307734,0.3832));
#6163=CARTESIAN_POINT('',(0.323541942173305,-0.55046856187604,0.3832));
#6164=CARTESIAN_POINT('',(0.323541942173305,-0.55046856187604,0.3832));
#6165=CARTESIAN_POINT('',(0.325321434556478,0.246391621307734,0.3832));
#6166=CARTESIAN_POINT('',(0.323541942173305,-0.55046856187604,0.3832));
#6167=CARTESIAN_POINT('',(0.323541942173305,-0.55046856187604,0.3842));
#6168=CARTESIAN_POINT('',(0.323541942173305,-0.55046856187604,0.3842));
#6169=CARTESIAN_POINT('',(0.325321434556478,0.246391621307734,0.3842));
#6170=CARTESIAN_POINT('',(0.325321434556478,0.246391621307734,0.3832));
#6171=CARTESIAN_POINT('',(0.446876459836466,0.24612017313378,0.3832));
#6172=CARTESIAN_POINT('',(0.325321434556479,0.246391621307734,0.3832));
#6173=CARTESIAN_POINT('',(0.446876459836466,0.24612017313378,0.3832));
#6174=CARTESIAN_POINT('',(0.325321434556479,0.246391621307734,0.3842));
#6175=CARTESIAN_POINT('',(0.446876459836466,0.24612017313378,0.3842));
#6176=CARTESIAN_POINT('',(0.446876459836466,0.24612017313378,0.3832));
#6177=CARTESIAN_POINT('',(0.446606687615664,0.125315642966012,0.3832));
#6178=CARTESIAN_POINT('',(0.446876459836466,0.24612017313378,0.3832));
#6179=CARTESIAN_POINT('',(0.446606687615664,0.125315642966012,0.3832));
#6180=CARTESIAN_POINT('',(0.446876459836466,0.24612017313378,0.3842));
#6181=CARTESIAN_POINT('',(0.446606687615664,0.125315642966012,0.3842));
#6182=CARTESIAN_POINT('',(0.446606687615664,0.125315642966012,0.3832));
#6183=CARTESIAN_POINT('',(0.532770124472054,0.236924312311916,0.3832));
#6184=CARTESIAN_POINT('',(0.532770124472054,0.236924312311916,0.3842));
#6185=CARTESIAN_POINT('',(0.518341238791606,0.223676614325037,0.3832));
#6186=CARTESIAN_POINT('',(0.518341238791606,0.223676614325037,0.3842));
#6187=CARTESIAN_POINT('',(0.48332541737847,0.191527282968679,0.3832));
#6188=CARTESIAN_POINT('',(0.48332541737847,0.191527282968679,0.3842));
#6189=CARTESIAN_POINT('',(0.460201807149581,0.149830520419227,0.3832));
#6190=CARTESIAN_POINT('',(0.460201807149581,0.149830520419227,0.3842));
#6191=CARTESIAN_POINT('',(0.446606687615664,0.125315642966012,0.3832));
#6192=CARTESIAN_POINT('',(0.446606687615664,0.125315642966012,0.3842));
#6193=CARTESIAN_POINT('',(0.446606687615664,0.125315642966012,0.3832));
#6194=CARTESIAN_POINT('',(0.460201807149581,0.149830520419227,0.3832));
#6195=CARTESIAN_POINT('',(0.48332541737847,0.191527282968679,0.3832));
#6196=CARTESIAN_POINT('',(0.518341238791606,0.223676614325037,0.3832));
#6197=CARTESIAN_POINT('',(0.532770124472054,0.236924312311916,0.3832));
#6198=CARTESIAN_POINT('',(0.5327699312392,0.236924006644267,0.3832));
#6199=CARTESIAN_POINT('',(0.532770124472054,0.236924312311916,0.3842));
#6200=CARTESIAN_POINT('',(0.518341238791606,0.223676614325037,0.3842));
#6201=CARTESIAN_POINT('',(0.48332541737847,0.191527282968679,0.3842));
#6202=CARTESIAN_POINT('',(0.460201807149581,0.149830520419227,0.3842));
#6203=CARTESIAN_POINT('',(0.446606687615664,0.125315642966012,0.3842));
#6204=CARTESIAN_POINT('',(0.532770513748821,0.236924443461007,0.3842));
#6205=CARTESIAN_POINT('',(0.532770124472054,0.236924312311916,0.3832));
#6206=CARTESIAN_POINT('',(0.619494638494709,0.263742941516574,0.3832));
#6207=CARTESIAN_POINT('',(0.619494638494709,0.263742941516574,0.3842));
#6208=CARTESIAN_POINT('',(0.604045094377469,0.26263948518378,0.3832));
#6209=CARTESIAN_POINT('',(0.604045094377469,0.26263948518378,0.3842));
#6210=CARTESIAN_POINT('',(0.573059998220873,0.260426429554646,0.3832));
#6211=CARTESIAN_POINT('',(0.573059998220873,0.260426429554646,0.3842));
#6212=CARTESIAN_POINT('',(0.546224911852647,0.244772835056517,0.3832));
#6213=CARTESIAN_POINT('',(0.546224911852647,0.244772835056517,0.3842));
#6214=CARTESIAN_POINT('',(0.532770124472054,0.236924312311916,0.3832));
#6215=CARTESIAN_POINT('',(0.532770124472054,0.236924312311916,0.3842));
#6216=CARTESIAN_POINT('',(0.532770124472054,0.236924312311916,0.3832));
#6217=CARTESIAN_POINT('',(0.546224911852647,0.244772835056517,0.3832));
#6218=CARTESIAN_POINT('',(0.573059998220873,0.260426429554646,0.3832));
#6219=CARTESIAN_POINT('',(0.604045094377469,0.26263948518378,0.3832));
#6220=CARTESIAN_POINT('',(0.619494638494709,0.263742941516574,0.3832));
#6221=CARTESIAN_POINT('',(0.619494061367834,0.263742828615459,0.3832));
#6222=CARTESIAN_POINT('',(0.619494638494709,0.263742941516574,0.3842));
#6223=CARTESIAN_POINT('',(0.604045094377469,0.26263948518378,0.3842));
#6224=CARTESIAN_POINT('',(0.573059998220873,0.260426429554646,0.3842));
#6225=CARTESIAN_POINT('',(0.546224911852647,0.244772835056517,0.3842));
#6226=CARTESIAN_POINT('',(0.532770124472054,0.236924312311916,0.3842));
#6227=CARTESIAN_POINT('',(0.619495194668827,0.263742814149093,0.3842));
#6228=CARTESIAN_POINT('',(0.619494638494709,0.263742941516574,0.3832));
#6229=CARTESIAN_POINT('',(0.75821021559599,0.21991332774969,0.3832));
#6230=CARTESIAN_POINT('',(0.75821021559599,0.21991332774969,0.3842));
#6231=CARTESIAN_POINT('',(0.735466644009826,0.232647417421242,0.3832));
#6232=CARTESIAN_POINT('',(0.735466644009826,0.232647417421242,0.3842));
#6233=CARTESIAN_POINT('',(0.692191665674001,0.256877009179738,0.3832));
#6234=CARTESIAN_POINT('',(0.692191665674001,0.256877009179738,0.3842));
#6235=CARTESIAN_POINT('',(0.642886846539555,0.261533644604762,0.3832));
#6236=CARTESIAN_POINT('',(0.642886846539555,0.261533644604762,0.3842));
#6237=CARTESIAN_POINT('',(0.619494638494709,0.263742941516574,0.3832));
#6238=CARTESIAN_POINT('',(0.619494638494709,0.263742941516574,0.3842));
#6239=CARTESIAN_POINT('',(0.619494638494709,0.263742941516574,0.3832));
#6240=CARTESIAN_POINT('',(0.642886846539555,0.261533644604762,0.3832));
#6241=CARTESIAN_POINT('',(0.692191665674001,0.256877009179738,0.3832));
#6242=CARTESIAN_POINT('',(0.735466644009826,0.232647417421242,0.3832));
#6243=CARTESIAN_POINT('',(0.75821021559599,0.21991332774969,0.3832));
#6244=CARTESIAN_POINT('',(0.75821021559599,0.21991332774969,0.3832));
#6245=CARTESIAN_POINT('',(0.75821021559599,0.21991332774969,0.3842));
#6246=CARTESIAN_POINT('',(0.735466644009826,0.232647417421242,0.3842));
#6247=CARTESIAN_POINT('',(0.692191665674001,0.256877009179738,0.3842));
#6248=CARTESIAN_POINT('',(0.642886846539555,0.261533644604762,0.3842));
#6249=CARTESIAN_POINT('',(0.619494638494709,0.263742941516574,0.3842));
#6250=CARTESIAN_POINT('',(0.75821021559599,0.21991332774969,0.3842));
#6251=CARTESIAN_POINT('',(0.75821021559599,0.21991332774969,0.3832));
#6252=CARTESIAN_POINT('',(0.711409378425839,0.094710608441981,0.3832));
#6253=CARTESIAN_POINT('',(0.75821021559599,0.21991332774969,0.3832));
#6254=CARTESIAN_POINT('',(0.711409378425839,0.094710608441981,0.3832));
#6255=CARTESIAN_POINT('',(0.75821021559599,0.21991332774969,0.3842));
#6256=CARTESIAN_POINT('',(0.711409378425839,0.094710608441981,0.3842));
#6257=CARTESIAN_POINT('',(0.711409378425839,0.094710608441981,0.3832));
#6258=CARTESIAN_POINT('',(0.612429935527326,0.124194913747075,0.3832));
#6259=CARTESIAN_POINT('',(0.612429935527326,0.124194913747075,0.3842));
#6260=CARTESIAN_POINT('',(0.629234908200933,0.122756753969742,0.3832));
#6261=CARTESIAN_POINT('',(0.629234908200933,0.122756753969742,0.3842));
#6262=CARTESIAN_POINT('',(0.664223878809174,0.119762418236123,0.3832));
#6263=CARTESIAN_POINT('',(0.664223878809174,0.119762418236123,0.3842));
#6264=CARTESIAN_POINT('',(0.695272964547004,0.103277782140177,0.3832));
#6265=CARTESIAN_POINT('',(0.695272964547004,0.103277782140177,0.3842));
#6266=CARTESIAN_POINT('',(0.71140937842584,0.094710608441981,0.3832));
#6267=CARTESIAN_POINT('',(0.71140937842584,0.094710608441981,0.3842));
#6268=CARTESIAN_POINT('',(0.71140937842584,0.094710608441981,0.3832));
#6269=CARTESIAN_POINT('',(0.695272964547004,0.103277782140177,0.3832));
#6270=CARTESIAN_POINT('',(0.664223878809174,0.119762418236123,0.3832));
#6271=CARTESIAN_POINT('',(0.629234908200933,0.122756753969742,0.3832));
#6272=CARTESIAN_POINT('',(0.612429935527326,0.124194913747075,0.3832));
#6273=CARTESIAN_POINT('',(0.61243051099107,0.124194789661084,0.3832));
#6274=CARTESIAN_POINT('',(0.612429935527326,0.124194913747075,0.3842));
#6275=CARTESIAN_POINT('',(0.629234908200933,0.122756753969742,0.3842));
#6276=CARTESIAN_POINT('',(0.664223878809174,0.119762418236123,0.3842));
#6277=CARTESIAN_POINT('',(0.695272964547004,0.103277782140177,0.3842));
#6278=CARTESIAN_POINT('',(0.71140937842584,0.094710608441981,0.3842));
#6279=CARTESIAN_POINT('',(0.612429312720529,0.124194799770645,0.3842));
#6280=CARTESIAN_POINT('',(0.612429935527326,0.124194913747075,0.3832));
#6281=CARTESIAN_POINT('',(0.532834361093312,0.0977355768679583,0.3832));
#6282=CARTESIAN_POINT('',(0.532834361093312,0.0977355768679583,0.3842));
#6283=CARTESIAN_POINT('',(0.544985588012306,0.105477553432221,0.3832));
#6284=CARTESIAN_POINT('',(0.544985588012306,0.105477553432221,0.3842));
#6285=CARTESIAN_POINT('',(0.569299194849295,0.120968612530989,0.3832));
#6286=CARTESIAN_POINT('',(0.569299194849295,0.120968612530989,0.3842));
#6287=CARTESIAN_POINT('',(0.598048626042968,0.123119151180774,0.3832));
#6288=CARTESIAN_POINT('',(0.598048626042968,0.123119151180774,0.3842));
#6289=CARTESIAN_POINT('',(0.612429935527326,0.124194913747075,0.3832));
#6290=CARTESIAN_POINT('',(0.612429935527326,0.124194913747075,0.3842));
#6291=CARTESIAN_POINT('',(0.612429935527326,0.124194913747075,0.3832));
#6292=CARTESIAN_POINT('',(0.598048626042968,0.123119151180774,0.3832));
#6293=CARTESIAN_POINT('',(0.569299194849295,0.120968612530989,0.3832));
#6294=CARTESIAN_POINT('',(0.544985588012306,0.105477553432221,0.3832));
#6295=CARTESIAN_POINT('',(0.532834361093312,0.0977355768679583,0.3832));
#6296=CARTESIAN_POINT('',(0.532834896365186,0.0977358359550075,0.3832));
#6297=CARTESIAN_POINT('',(0.532834361093312,0.0977355768679583,0.3842));
#6298=CARTESIAN_POINT('',(0.544985588012306,0.105477553432221,0.3842));
#6299=CARTESIAN_POINT('',(0.569299194849295,0.120968612530989,0.3842));
#6300=CARTESIAN_POINT('',(0.598048626042968,0.123119151180774,0.3842));
#6301=CARTESIAN_POINT('',(0.612429935527326,0.124194913747075,0.3842));
#6302=CARTESIAN_POINT('',(0.532833977341321,0.0977351347453152,0.3842));
#6303=CARTESIAN_POINT('',(0.532834361093312,0.0977355768679583,0.3832));
#6304=CARTESIAN_POINT('',(0.482396646839169,0.0239394591263828,0.3832));
#6305=CARTESIAN_POINT('',(0.482396646839169,0.0239394591263828,0.3842));
#6306=CARTESIAN_POINT('',(0.488084285677853,0.0386764049738125,0.3832));
#6307=CARTESIAN_POINT('',(0.488084285677853,0.0386764049738125,0.3842));
#6308=CARTESIAN_POINT('',(0.499118390484144,0.0672663013468319,0.3832));
#6309=CARTESIAN_POINT('',(0.499118390484144,0.0672663013468319,0.3842));
#6310=CARTESIAN_POINT('',(0.52182978183201,0.0877906886903801,0.3832));
#6311=CARTESIAN_POINT('',(0.52182978183201,0.0877906886903801,0.3842));
#6312=CARTESIAN_POINT('',(0.532834361093312,0.0977355768679583,0.3832));
#6313=CARTESIAN_POINT('',(0.532834361093312,0.0977355768679583,0.3842));
#6314=CARTESIAN_POINT('',(0.532834361093312,0.0977355768679583,0.3832));
#6315=CARTESIAN_POINT('',(0.52182978183201,0.0877906886903801,0.3832));
#6316=CARTESIAN_POINT('',(0.499118390484144,0.0672663013468319,0.3832));
#6317=CARTESIAN_POINT('',(0.488084285677853,0.0386764049738125,0.3832));
#6318=CARTESIAN_POINT('',(0.482396646839169,0.0239394591263828,0.3832));
#6319=CARTESIAN_POINT('',(0.482397068926328,0.0239404015367252,0.3832));
#6320=CARTESIAN_POINT('',(0.482396646839169,0.0239394591263828,0.3842));
#6321=CARTESIAN_POINT('',(0.488084285677853,0.0386764049738125,0.3842));
#6322=CARTESIAN_POINT('',(0.499118390484144,0.0672663013468319,0.3842));
#6323=CARTESIAN_POINT('',(0.52182978183201,0.0877906886903801,0.3842));
#6324=CARTESIAN_POINT('',(0.532834361093312,0.0977355768679583,0.3842));
#6325=CARTESIAN_POINT('',(0.482396525658856,0.0239386822549804,0.3842));
#6326=CARTESIAN_POINT('',(0.482396646839169,0.0239394591263828,0.3832));
#6327=CARTESIAN_POINT('',(0.459534684545084,-0.133581613031941,0.3832));
#6328=CARTESIAN_POINT('',(0.459534684545084,-0.133581613031941,0.3842));
#6329=CARTESIAN_POINT('',(0.460408884561237,-0.10604155038187,0.3832));
#6330=CARTESIAN_POINT('',(0.460408884561237,-0.10604155038187,0.3842));
#6331=CARTESIAN_POINT('',(0.462103374092288,-0.0526597762080255,0.3832));
#6332=CARTESIAN_POINT('',(0.462103374092288,-0.0526597762080255,0.3842));
#6333=CARTESIAN_POINT('',(0.475777234734534,-0.00104625470611214,0.3832));
#6334=CARTESIAN_POINT('',(0.475777234734534,-0.00104625470611214,0.3842));
#6335=CARTESIAN_POINT('',(0.482396646839169,0.0239394591263828,0.3832));
#6336=CARTESIAN_POINT('',(0.482396646839169,0.0239394591263828,0.3842));
#6337=CARTESIAN_POINT('',(0.482396646839169,0.0239394591263828,0.3832));
#6338=CARTESIAN_POINT('',(0.475777234734534,-0.00104625470611214,0.3832));
#6339=CARTESIAN_POINT('',(0.462103374092288,-0.0526597762080255,0.3832));
#6340=CARTESIAN_POINT('',(0.460408884561237,-0.10604155038187,0.3832));
#6341=CARTESIAN_POINT('',(0.459534684545084,-0.133581613031941,0.3832));
#6342=CARTESIAN_POINT('',(0.459534684545084,-0.133581613031941,0.3832));
#6343=CARTESIAN_POINT('',(0.459534684545084,-0.133581613031941,0.3842));
#6344=CARTESIAN_POINT('',(0.460408884561237,-0.10604155038187,0.3842));
#6345=CARTESIAN_POINT('',(0.462103374092288,-0.0526597762080255,0.3842));
#6346=CARTESIAN_POINT('',(0.475777234734534,-0.00104625470611214,0.3842));
#6347=CARTESIAN_POINT('',(0.482396646839169,0.0239394591263828,0.3842));
#6348=CARTESIAN_POINT('',(0.459534684545084,-0.133581613031941,0.3842));
#6349=CARTESIAN_POINT('',(0.459534684545084,-0.133581613031941,0.3832));
#6350=CARTESIAN_POINT('',(0.458603048259683,-0.550770170884264,0.3832));
#6351=CARTESIAN_POINT('',(0.459534684545084,-0.133581613031941,0.3832));
#6352=CARTESIAN_POINT('',(0.458603048259683,-0.550770170884264,0.3832));
#6353=CARTESIAN_POINT('',(0.459534684545084,-0.133581613031941,0.3842));
#6354=CARTESIAN_POINT('',(0.458603048259683,-0.550770170884264,0.3842));
#6355=CARTESIAN_POINT('',(0.458603048259683,-0.550770170884264,0.3832));
#6356=CARTESIAN_POINT('',(0.323541942173305,-0.55046856187604,0.3832));
#6357=CARTESIAN_POINT('',(0.458603048259682,-0.550770170884264,0.3832));
#6358=CARTESIAN_POINT('',(0.458603048259682,-0.550770170884264,0.3842));
#6359=CARTESIAN_POINT('',(0.113933077598807,-0.00795424118648108,0.3842));
#6360=CARTESIAN_POINT('',(0.113933077598807,-0.00795424118648108,0.3832));
#6361=CARTESIAN_POINT('',(0.,0.,0.));
#6362=CARTESIAN_POINT('',(-0.367079799847828,-0.351586167721527,0.3832));
#6363=CARTESIAN_POINT('',(-0.367079799847828,-0.351586167721527,0.3842));
#6364=CARTESIAN_POINT('',(-0.378321851834378,-0.323999704309141,0.3832));
#6365=CARTESIAN_POINT('',(-0.378321851834378,-0.323999704309141,0.3842));
#6366=CARTESIAN_POINT('',(-0.405268443610654,-0.257876440601232,0.3832));
#6367=CARTESIAN_POINT('',(-0.405268443610654,-0.257876440601232,0.3842));
#6368=CARTESIAN_POINT('',(-0.40549995653192,-0.186186420374515,0.3832));
#6369=CARTESIAN_POINT('',(-0.40549995653192,-0.186186420374515,0.3842));
#6370=CARTESIAN_POINT('',(-0.405634882830357,-0.144405300724055,0.3832));
#6371=CARTESIAN_POINT('',(-0.405634882830357,-0.144405300724055,0.3842));
#6372=CARTESIAN_POINT('',(-0.405634882830357,-0.144405300724055,0.3832));
#6373=CARTESIAN_POINT('',(-0.40549995653192,-0.186186420374515,0.3832));
#6374=CARTESIAN_POINT('',(-0.405268443610654,-0.257876440601232,0.3832));
#6375=CARTESIAN_POINT('',(-0.378321851834378,-0.323999704309141,0.3832));
#6376=CARTESIAN_POINT('',(-0.367079799847828,-0.351586167721527,0.3832));
#6377=CARTESIAN_POINT('',(-0.405634882830357,-0.144405300724055,0.3832));
#6378=CARTESIAN_POINT('',(-0.36707983033583,-0.351585844772072,0.3832));
#6379=CARTESIAN_POINT('',(-0.405634882830357,-0.144405300724055,0.3832));
#6380=CARTESIAN_POINT('',(-0.405634882830357,-0.144405300724055,0.3842));
#6381=CARTESIAN_POINT('',(-0.367079799847828,-0.351586167721527,0.3842));
#6382=CARTESIAN_POINT('',(-0.378321851834378,-0.323999704309141,0.3842));
#6383=CARTESIAN_POINT('',(-0.405268443610654,-0.257876440601232,0.3842));
#6384=CARTESIAN_POINT('',(-0.40549995653192,-0.186186420374515,0.3842));
#6385=CARTESIAN_POINT('',(-0.405634882830357,-0.144405300724055,0.3842));
#6386=CARTESIAN_POINT('',(-0.367079501405837,-0.351586458423943,0.3842));
#6387=CARTESIAN_POINT('',(-0.367079799847828,-0.351586167721527,0.3832));
#6388=CARTESIAN_POINT('',(-0.194734670311929,-0.456268696380461,0.3832));
#6389=CARTESIAN_POINT('',(-0.194734670311929,-0.456268696380461,0.3842));
#6390=CARTESIAN_POINT('',(-0.229460746438526,-0.451260712835784,0.3832));
#6391=CARTESIAN_POINT('',(-0.229460746438526,-0.451260712835784,0.3842));
#6392=CARTESIAN_POINT('',(-0.30146604151849,-0.440876547012514,0.3832));
#6393=CARTESIAN_POINT('',(-0.30146604151849,-0.440876547012514,0.3842));
#6394=CARTESIAN_POINT('',(-0.344697583257043,-0.382044971784129,0.3832));
#6395=CARTESIAN_POINT('',(-0.344697583257043,-0.382044971784129,0.3842));
#6396=CARTESIAN_POINT('',(-0.367079799847828,-0.351586167721527,0.3832));
#6397=CARTESIAN_POINT('',(-0.367079799847828,-0.351586167721527,0.3842));
#6398=CARTESIAN_POINT('',(-0.367079799847828,-0.351586167721527,0.3832));
#6399=CARTESIAN_POINT('',(-0.344697583257043,-0.382044971784129,0.3832));
#6400=CARTESIAN_POINT('',(-0.30146604151849,-0.440876547012514,0.3832));
#6401=CARTESIAN_POINT('',(-0.229460746438526,-0.451260712835784,0.3832));
#6402=CARTESIAN_POINT('',(-0.194734670311929,-0.456268696380461,0.3832));
#6403=CARTESIAN_POINT('',(-0.19473502993282,-0.456268573015565,0.3832));
#6404=CARTESIAN_POINT('',(-0.194734670311929,-0.456268696380461,0.3842));
#6405=CARTESIAN_POINT('',(-0.229460746438526,-0.451260712835784,0.3842));
#6406=CARTESIAN_POINT('',(-0.30146604151849,-0.440876547012514,0.3842));
#6407=CARTESIAN_POINT('',(-0.344697583257043,-0.382044971784129,0.3842));
#6408=CARTESIAN_POINT('',(-0.367079799847828,-0.351586167721527,0.3842));
#6409=CARTESIAN_POINT('',(-0.194734331751368,-0.456268576814721,0.3842));
#6410=CARTESIAN_POINT('',(-0.194734670311929,-0.456268696380461,0.3832));
#6411=CARTESIAN_POINT('',(-0.0414937318094816,-0.379700752231917,0.3832));
#6412=CARTESIAN_POINT('',(-0.0414937318094816,-0.379700752231917,0.3842));
#6413=CARTESIAN_POINT('',(-0.0634822099893481,-0.402075019289788,0.3832));
#6414=CARTESIAN_POINT('',(-0.0634822099893481,-0.402075019289788,0.3842));
#6415=CARTESIAN_POINT('',(-0.105922422054663,-0.445259846860597,0.3832));
#6416=CARTESIAN_POINT('',(-0.105922422054663,-0.445259846860597,0.3842));
#6417=CARTESIAN_POINT('',(-0.165853953716708,-0.452688745762596,0.3832));
#6418=CARTESIAN_POINT('',(-0.165853953716708,-0.452688745762596,0.3842));
#6419=CARTESIAN_POINT('',(-0.194734670311929,-0.456268696380461,0.3832));
#6420=CARTESIAN_POINT('',(-0.194734670311929,-0.456268696380461,0.3842));
#6421=CARTESIAN_POINT('',(-0.194734670311929,-0.456268696380461,0.3832));
#6422=CARTESIAN_POINT('',(-0.165853953716708,-0.452688745762596,0.3832));
#6423=CARTESIAN_POINT('',(-0.105922422054663,-0.445259846860597,0.3832));
#6424=CARTESIAN_POINT('',(-0.0634822099893481,-0.402075019289788,0.3832));
#6425=CARTESIAN_POINT('',(-0.0414937318094816,-0.379700752231917,0.3832));
#6426=CARTESIAN_POINT('',(-0.0414940779568079,-0.379701001963584,0.3832));
#6427=CARTESIAN_POINT('',(-0.0414937318094816,-0.379700752231917,0.3842));
#6428=CARTESIAN_POINT('',(-0.0634822099893481,-0.402075019289788,0.3842));
#6429=CARTESIAN_POINT('',(-0.105922422054663,-0.445259846860597,0.3842));
#6430=CARTESIAN_POINT('',(-0.165853953716708,-0.452688745762596,0.3842));
#6431=CARTESIAN_POINT('',(-0.194734670311929,-0.456268696380461,0.3842));
#6432=CARTESIAN_POINT('',(-0.0414935999313709,-0.379700380261044,0.3842));
#6433=CARTESIAN_POINT('',(-0.0414937318094816,-0.379700752231917,0.3832));
#6434=CARTESIAN_POINT('',(0.0235473341172808,-0.150616243815421,0.3832));
#6435=CARTESIAN_POINT('',(0.0235473341172808,-0.150616243815421,0.3842));
#6436=CARTESIAN_POINT('',(0.0221930933496646,-0.196351863576541,0.3832));
#6437=CARTESIAN_POINT('',(0.0221930933496646,-0.196351863576541,0.3842));
#6438=CARTESIAN_POINT('',(0.0197580127417855,-0.278589766490707,0.3832));
#6439=CARTESIAN_POINT('',(0.0197580127417855,-0.278589766490707,0.3842));
#6440=CARTESIAN_POINT('',(-0.0226641459945931,-0.348617915379025,0.3832));
#6441=CARTESIAN_POINT('',(-0.0226641459945931,-0.348617915379025,0.3842));
#6442=CARTESIAN_POINT('',(-0.0414937318094816,-0.379700752231917,0.3832));
#6443=CARTESIAN_POINT('',(-0.0414937318094816,-0.379700752231917,0.3842));
#6444=CARTESIAN_POINT('',(-0.0414937318094816,-0.379700752231917,0.3832));
#6445=CARTESIAN_POINT('',(-0.0226641459945931,-0.348617915379025,0.3832));
#6446=CARTESIAN_POINT('',(0.0197580127417855,-0.278589766490707,0.3832));
#6447=CARTESIAN_POINT('',(0.0221930933496646,-0.196351863576541,0.3832));
#6448=CARTESIAN_POINT('',(0.0235473341172808,-0.150616243815421,0.3832));
#6449=CARTESIAN_POINT('',(0.0235473341172808,-0.150616243815421,0.3832));
#6450=CARTESIAN_POINT('',(0.0235473341172808,-0.150616243815421,0.3842));
#6451=CARTESIAN_POINT('',(0.0221930933496646,-0.196351863576541,0.3842));
#6452=CARTESIAN_POINT('',(0.0197580127417855,-0.278589766490707,0.3842));
#6453=CARTESIAN_POINT('',(-0.0226641459945931,-0.348617915379025,0.3842));
#6454=CARTESIAN_POINT('',(-0.0414937318094816,-0.379700752231917,0.3842));
#6455=CARTESIAN_POINT('',(0.0235473341172808,-0.150616243815421,0.3842));
#6456=CARTESIAN_POINT('',(0.0235473341172808,-0.150616243815421,0.3832));
#6457=CARTESIAN_POINT('',(-0.0378412494537236,0.0798762349678969,0.3832));
#6458=CARTESIAN_POINT('',(-0.0378412494537236,0.0798762349678969,0.3842));
#6459=CARTESIAN_POINT('',(-0.0199301811361684,0.0489920474183525,0.3832));
#6460=CARTESIAN_POINT('',(-0.0199301811361684,0.0489920474183525,0.3842));
#6461=CARTESIAN_POINT('',(0.0211565753754125,-0.0218541506647854,0.3832));
#6462=CARTESIAN_POINT('',(0.0211565753754125,-0.0218541506647854,0.3842));
#6463=CARTESIAN_POINT('',(0.0226851279033327,-0.104179321974991,0.3832));
#6464=CARTESIAN_POINT('',(0.0226851279033327,-0.104179321974991,0.3842));
#6465=CARTESIAN_POINT('',(0.0235473341172808,-0.150616243815421,0.3832));
#6466=CARTESIAN_POINT('',(0.0235473341172808,-0.150616243815421,0.3842));
#6467=CARTESIAN_POINT('',(0.0235473341172808,-0.150616243815421,0.3832));
#6468=CARTESIAN_POINT('',(0.0226851279033327,-0.104179321974991,0.3832));
#6469=CARTESIAN_POINT('',(0.0211565753754125,-0.0218541506647854,0.3832));
#6470=CARTESIAN_POINT('',(-0.0199301811361684,0.0489920474183525,0.3832));
#6471=CARTESIAN_POINT('',(-0.0378412494537236,0.0798762349678969,0.3832));
#6472=CARTESIAN_POINT('',(-0.0378411469350477,0.0798758918150864,0.3832));
#6473=CARTESIAN_POINT('',(-0.0378412494537236,0.0798762349678969,0.3842));
#6474=CARTESIAN_POINT('',(-0.0199301811361684,0.0489920474183525,0.3842));
#6475=CARTESIAN_POINT('',(0.0211565753754125,-0.0218541506647854,0.3842));
#6476=CARTESIAN_POINT('',(0.0226851279033327,-0.104179321974991,0.3842));
#6477=CARTESIAN_POINT('',(0.0235473341172808,-0.150616243815421,0.3842));
#6478=CARTESIAN_POINT('',(-0.0378415706813838,0.0798764566468322,0.3842));
#6479=CARTESIAN_POINT('',(-0.0378412494537236,0.0798762349678969,0.3832));
#6480=CARTESIAN_POINT('',(-0.187368033323903,0.154494111604171,0.3832));
#6481=CARTESIAN_POINT('',(-0.187368033323903,0.154494111604171,0.3842));
#6482=CARTESIAN_POINT('',(-0.158920548448479,0.151004085359336,0.3832));
#6483=CARTESIAN_POINT('',(-0.158920548448479,0.151004085359336,0.3842));
#6484=CARTESIAN_POINT('',(-0.10039296435674,0.143823738646035,0.3832));
#6485=CARTESIAN_POINT('',(-0.10039296435674,0.143823738646035,0.3842));
#6486=CARTESIAN_POINT('',(-0.0590759970533414,0.101584818055288,0.3832));
#6487=CARTESIAN_POINT('',(-0.0590759970533414,0.101584818055288,0.3842));
#6488=CARTESIAN_POINT('',(-0.0378412494537236,0.0798762349678969,0.3832));
#6489=CARTESIAN_POINT('',(-0.0378412494537236,0.0798762349678969,0.3842));
#6490=CARTESIAN_POINT('',(-0.0378412494537236,0.0798762349678969,0.3832));
#6491=CARTESIAN_POINT('',(-0.0590759970533414,0.101584818055288,0.3832));
#6492=CARTESIAN_POINT('',(-0.10039296435674,0.143823738646035,0.3832));
#6493=CARTESIAN_POINT('',(-0.158920548448479,0.151004085359336,0.3832));
#6494=CARTESIAN_POINT('',(-0.187368033323903,0.154494111604171,0.3832));
#6495=CARTESIAN_POINT('',(-0.187367651393136,0.154493991004678,0.3832));
#6496=CARTESIAN_POINT('',(-0.187368033323903,0.154494111604171,0.3842));
#6497=CARTESIAN_POINT('',(-0.158920548448479,0.151004085359336,0.3842));
#6498=CARTESIAN_POINT('',(-0.10039296435674,0.143823738646035,0.3842));
#6499=CARTESIAN_POINT('',(-0.0590759970533414,0.101584818055288,0.3842));
#6500=CARTESIAN_POINT('',(-0.0378412494537236,0.0798762349678969,0.3842));
#6501=CARTESIAN_POINT('',(-0.187368414765233,0.154493990484339,0.3842));
#6502=CARTESIAN_POINT('',(-0.187368033323903,0.154494111604171,0.3832));
#6503=CARTESIAN_POINT('',(-0.34060889732073,0.0779261672892465,0.3832));
#6504=CARTESIAN_POINT('',(-0.34060889732073,0.0779261672892465,0.3842));
#6505=CARTESIAN_POINT('',(-0.318620445079406,0.100300434560127,0.3832));
#6506=CARTESIAN_POINT('',(-0.318620445079406,0.100300434560127,0.3842));
#6507=CARTESIAN_POINT('',(-0.276180270132766,0.143485275714816,0.3832));
#6508=CARTESIAN_POINT('',(-0.276180270132766,0.143485275714816,0.3842));
#6509=CARTESIAN_POINT('',(-0.216248752587701,0.150914164626527,0.3832));
#6510=CARTESIAN_POINT('',(-0.216248752587701,0.150914164626527,0.3842));
#6511=CARTESIAN_POINT('',(-0.187368033323903,0.154494111604171,0.3832));
#6512=CARTESIAN_POINT('',(-0.187368033323903,0.154494111604171,0.3842));
#6513=CARTESIAN_POINT('',(-0.187368033323903,0.154494111604171,0.3832));
#6514=CARTESIAN_POINT('',(-0.216248752587701,0.150914164626527,0.3832));
#6515=CARTESIAN_POINT('',(-0.276180270132766,0.143485275714816,0.3832));
#6516=CARTESIAN_POINT('',(-0.318620445079406,0.100300434560127,0.3832));
#6517=CARTESIAN_POINT('',(-0.34060889732073,0.0779261672892465,0.3832));
#6518=CARTESIAN_POINT('',(-0.340608536387947,0.077926434454049,0.3832));
#6519=CARTESIAN_POINT('',(-0.34060889732073,0.0779261672892465,0.3842));
#6520=CARTESIAN_POINT('',(-0.318620445079406,0.100300434560127,0.3842));
#6521=CARTESIAN_POINT('',(-0.276180270132766,0.143485275714816,0.3842));
#6522=CARTESIAN_POINT('',(-0.216248752587701,0.150914164626527,0.3842));
#6523=CARTESIAN_POINT('',(-0.187368033323903,0.154494111604171,0.3842));
#6524=CARTESIAN_POINT('',(-0.340609045526225,0.0779257787042012,0.3842));
#6525=CARTESIAN_POINT('',(-0.34060889732073,0.0779261672892465,0.3832));
#6526=CARTESIAN_POINT('',(-0.405634882830357,-0.144405300724055,0.3832));
#6527=CARTESIAN_POINT('',(-0.405634882830357,-0.144405300724055,0.3842));
#6528=CARTESIAN_POINT('',(-0.404108670782541,-0.100385881811149,0.3832));
#6529=CARTESIAN_POINT('',(-0.404108670782541,-0.100385881811149,0.3842));
#6530=CARTESIAN_POINT('',(-0.401334789792092,-0.0203808592405016,0.3832));
#6531=CARTESIAN_POINT('',(-0.401334789792092,-0.0203808592405016,0.3842));
#6532=CARTESIAN_POINT('',(-0.359448849903918,0.0474268260191602,0.3832));
#6533=CARTESIAN_POINT('',(-0.359448849903918,0.0474268260191602,0.3842));
#6534=CARTESIAN_POINT('',(-0.34060889732073,0.0779261672892465,0.3832));
#6535=CARTESIAN_POINT('',(-0.34060889732073,0.0779261672892465,0.3842));
#6536=CARTESIAN_POINT('',(-0.34060889732073,0.0779261672892465,0.3832));
#6537=CARTESIAN_POINT('',(-0.359448849903918,0.0474268260191602,0.3832));
#6538=CARTESIAN_POINT('',(-0.401334789792092,-0.0203808592405016,0.3832));
#6539=CARTESIAN_POINT('',(-0.404108670782541,-0.100385881811149,0.3832));
#6540=CARTESIAN_POINT('',(-0.405634882830357,-0.144405300724055,0.3832));
#6541=CARTESIAN_POINT('',(-0.405634882830357,-0.144405300724055,0.3842));
#6542=CARTESIAN_POINT('',(-0.404108670782541,-0.100385881811149,0.3842));
#6543=CARTESIAN_POINT('',(-0.401334789792092,-0.0203808592405016,0.3842));
#6544=CARTESIAN_POINT('',(-0.359448849903918,0.0474268260191602,0.3842));
#6545=CARTESIAN_POINT('',(-0.34060889732073,0.0779261672892465,0.3842));
#6546=CARTESIAN_POINT('',(-0.530344060398376,-0.548561723424651,0.3832));
#6547=CARTESIAN_POINT('',(-0.405037416371921,-0.548841549450988,0.3832));
#6548=CARTESIAN_POINT('',(-0.405037416371921,-0.548841549450988,0.3832));
#6549=CARTESIAN_POINT('',(-0.530344060398376,-0.548561723424651,0.3832));
#6550=CARTESIAN_POINT('',(-0.405037416371921,-0.548841549450988,0.3832));
#6551=CARTESIAN_POINT('',(-0.405037416371921,-0.548841549450988,0.3842));
#6552=CARTESIAN_POINT('',(-0.405037416371921,-0.548841549450988,0.3842));
#6553=CARTESIAN_POINT('',(-0.530344060398376,-0.548561723424651,0.3842));
#6554=CARTESIAN_POINT('',(-0.530344060398376,-0.548561723424651,0.3832));
#6555=CARTESIAN_POINT('',(-0.527887623533468,0.551435527846872,0.3832));
#6556=CARTESIAN_POINT('',(-0.530344060398376,-0.548561723424651,0.3832));
#6557=CARTESIAN_POINT('',(-0.527887623533469,0.551435527846872,0.3832));
#6558=CARTESIAN_POINT('',(-0.530344060398376,-0.548561723424651,0.3842));
#6559=CARTESIAN_POINT('',(-0.527887623533468,0.551435527846872,0.3842));
#6560=CARTESIAN_POINT('',(-0.527887623533468,0.551435527846872,0.3832));
#6561=CARTESIAN_POINT('',(-0.392826554699901,0.551133918921838,0.3832));
#6562=CARTESIAN_POINT('',(-0.527887623533468,0.551435527846872,0.3832));
#6563=CARTESIAN_POINT('',(-0.392826554699901,0.551133918921838,0.3832));
#6564=CARTESIAN_POINT('',(-0.527887623533468,0.551435527846872,0.3842));
#6565=CARTESIAN_POINT('',(-0.392826554699901,0.551133918921838,0.3842));
#6566=CARTESIAN_POINT('',(-0.392826554699901,0.551133918921838,0.3832));
#6567=CARTESIAN_POINT('',(-0.393702896344314,0.158706409873736,0.3832));
#6568=CARTESIAN_POINT('',(-0.392826554699901,0.551133918921838,0.3832));
#6569=CARTESIAN_POINT('',(-0.393702896344314,0.158706409873736,0.3832));
#6570=CARTESIAN_POINT('',(-0.392826554699901,0.551133918921838,0.3842));
#6571=CARTESIAN_POINT('',(-0.393702896344314,0.158706409873736,0.3842));
#6572=CARTESIAN_POINT('',(-0.393702896344314,0.158706409873736,0.3832));
#6573=CARTESIAN_POINT('',(-0.175114580891747,0.265517407204957,0.3832));
#6574=CARTESIAN_POINT('',(-0.175114580891747,0.265517407204957,0.3842));
#6575=CARTESIAN_POINT('',(-0.217558023098658,0.260973693135824,0.3832));
#6576=CARTESIAN_POINT('',(-0.217558023098658,0.260973693135824,0.3842));
#6577=CARTESIAN_POINT('',(-0.303260141147814,0.251798991479063,0.3832));
#6578=CARTESIAN_POINT('',(-0.303260141147814,0.251798991479063,0.3842));
#6579=CARTESIAN_POINT('',(-0.363364731455072,0.189933433913103,0.3832));
#6580=CARTESIAN_POINT('',(-0.363364731455072,0.189933433913103,0.3842));
#6581=CARTESIAN_POINT('',(-0.393702896344314,0.158706409873736,0.3832));
#6582=CARTESIAN_POINT('',(-0.393702896344314,0.158706409873736,0.3842));
#6583=CARTESIAN_POINT('',(-0.393702896344314,0.158706409873736,0.3832));
#6584=CARTESIAN_POINT('',(-0.363364731455072,0.189933433913103,0.3832));
#6585=CARTESIAN_POINT('',(-0.303260141147814,0.251798991479063,0.3832));
#6586=CARTESIAN_POINT('',(-0.217558023098658,0.260973693135824,0.3832));
#6587=CARTESIAN_POINT('',(-0.175114580891747,0.265517407204957,0.3832));
#6588=CARTESIAN_POINT('',(-0.175115285112184,0.265517277162624,0.3832));
#6589=CARTESIAN_POINT('',(-0.175114580891747,0.265517407204957,0.3842));
#6590=CARTESIAN_POINT('',(-0.217558023098658,0.260973693135824,0.3842));
#6591=CARTESIAN_POINT('',(-0.303260141147814,0.251798991479063,0.3842));
#6592=CARTESIAN_POINT('',(-0.363364731455072,0.189933433913103,0.3842));
#6593=CARTESIAN_POINT('',(-0.393702896344314,0.158706409873736,0.3842));
#6594=CARTESIAN_POINT('',(-0.175114058143935,0.265517295547897,0.3842));
#6595=CARTESIAN_POINT('',(-0.175114580891747,0.265517407204957,0.3832));
#6596=CARTESIAN_POINT('',(-0.0359928694315108,0.235568172315137,0.3832));
#6597=CARTESIAN_POINT('',(-0.0359928694315108,0.235568172315137,0.3842));
#6598=CARTESIAN_POINT('',(-0.058251302083575,0.244262397328602,0.3832));
#6599=CARTESIAN_POINT('',(-0.058251302083575,0.244262397328602,0.3842));
#6600=CARTESIAN_POINT('',(-0.103006488238243,0.261743936349371,0.3832));
#6601=CARTESIAN_POINT('',(-0.103006488238243,0.261743936349371,0.3842));
#6602=CARTESIAN_POINT('',(-0.150993373470283,0.264255126234029,0.3832));
#6603=CARTESIAN_POINT('',(-0.150993373470283,0.264255126234029,0.3842));
#6604=CARTESIAN_POINT('',(-0.175114580891747,0.265517407204957,0.3832));
#6605=CARTESIAN_POINT('',(-0.175114580891747,0.265517407204957,0.3842));
#6606=CARTESIAN_POINT('',(-0.175114580891747,0.265517407204957,0.3832));
#6607=CARTESIAN_POINT('',(-0.150993373470283,0.264255126234029,0.3832));
#6608=CARTESIAN_POINT('',(-0.103006488238243,0.261743936349371,0.3832));
#6609=CARTESIAN_POINT('',(-0.058251302083575,0.244262397328602,0.3832));
#6610=CARTESIAN_POINT('',(-0.0359928694315108,0.235568172315137,0.3832));
#6611=CARTESIAN_POINT('',(-0.035993766099223,0.235568450323212,0.3832));
#6612=CARTESIAN_POINT('',(-0.0359928694315108,0.235568172315137,0.3842));
#6613=CARTESIAN_POINT('',(-0.058251302083575,0.244262397328602,0.3842));
#6614=CARTESIAN_POINT('',(-0.103006488238243,0.261743936349371,0.3842));
#6615=CARTESIAN_POINT('',(-0.150993373470283,0.264255126234029,0.3842));
#6616=CARTESIAN_POINT('',(-0.175114580891747,0.265517407204957,0.3842));
#6617=CARTESIAN_POINT('',(-0.0359920305632499,0.235567665720351,0.3842));
#6618=CARTESIAN_POINT('',(-0.0359928694315108,0.235568172315137,0.3832));
#6619=CARTESIAN_POINT('',(0.0718700081705322,0.152039138483696,0.3832));
#6620=CARTESIAN_POINT('',(0.0718700081705322,0.152039138483696,0.3842));
#6621=CARTESIAN_POINT('',(0.0566621756595656,0.169020836170184,0.3832));
#6622=CARTESIAN_POINT('',(0.0566621756595656,0.169020836170184,0.3842));
#6623=CARTESIAN_POINT('',(0.0258273959283022,0.203452232442346,0.3832));
#6624=CARTESIAN_POINT('',(0.0258273959283022,0.203452232442346,0.3842));
#6625=CARTESIAN_POINT('',(-0.0152002281048173,0.224766290201595,0.3832));
#6626=CARTESIAN_POINT('',(-0.0152002281048173,0.224766290201595,0.3842));
#6627=CARTESIAN_POINT('',(-0.0359928694315108,0.235568172315137,0.3832));
#6628=CARTESIAN_POINT('',(-0.0359928694315108,0.235568172315137,0.3842));
#6629=CARTESIAN_POINT('',(-0.0359928694315108,0.235568172315137,0.3832));
#6630=CARTESIAN_POINT('',(-0.0152002281048173,0.224766290201595,0.3832));
#6631=CARTESIAN_POINT('',(0.0258273959283022,0.203452232442346,0.3832));
#6632=CARTESIAN_POINT('',(0.0566621756595656,0.169020836170184,0.3832));
#6633=CARTESIAN_POINT('',(0.0718700081705322,0.152039138483696,0.3832));
#6634=CARTESIAN_POINT('',(0.0718694070862433,0.152039708469261,0.3832));
#6635=CARTESIAN_POINT('',(0.0718700081705322,0.152039138483696,0.3842));
#6636=CARTESIAN_POINT('',(0.0566621756595656,0.169020836170184,0.3842));
#6637=CARTESIAN_POINT('',(0.0258273959283022,0.203452232442346,0.3842));
#6638=CARTESIAN_POINT('',(-0.0152002281048173,0.224766290201595,0.3842));
#6639=CARTESIAN_POINT('',(-0.0359928694315108,0.235568172315137,0.3842));
#6640=CARTESIAN_POINT('',(0.0718703637011238,0.152038491656394,0.3842));
#6641=CARTESIAN_POINT('',(0.0718700081705322,0.152039138483696,0.3832));
#6642=CARTESIAN_POINT('',(0.137985963203718,0.0224574489227591,0.3832));
#6643=CARTESIAN_POINT('',(0.137985963203718,0.0224574489227591,0.3842));
#6644=CARTESIAN_POINT('',(0.129561622743416,0.046440528494896,0.3832));
#6645=CARTESIAN_POINT('',(0.129561622743416,0.046440528494896,0.3842));
#6646=CARTESIAN_POINT('',(0.11333801573188,0.0926271777332868,0.3832));
#6647=CARTESIAN_POINT('',(0.11333801573188,0.0926271777332868,0.3842));
#6648=CARTESIAN_POINT('',(0.0853330122309942,0.132750450266896,0.3832));
#6649=CARTESIAN_POINT('',(0.0853330122309942,0.132750450266896,0.3842));
#6650=CARTESIAN_POINT('',(0.0718700081705322,0.152039138483696,0.3832));
#6651=CARTESIAN_POINT('',(0.0718700081705322,0.152039138483696,0.3842));
#6652=CARTESIAN_POINT('',(0.0718700081705322,0.152039138483696,0.3832));
#6653=CARTESIAN_POINT('',(0.0853330122309942,0.132750450266896,0.3832));
#6654=CARTESIAN_POINT('',(0.11333801573188,0.0926271777332868,0.3832));
#6655=CARTESIAN_POINT('',(0.129561622743416,0.046440528494896,0.3832));
#6656=CARTESIAN_POINT('',(0.137985963203718,0.0224574489227591,0.3832));
#6657=CARTESIAN_POINT('',(0.13798544905309,0.0224587281973188,0.3832));
#6658=CARTESIAN_POINT('',(0.137985963203718,0.0224574489227591,0.3842));
#6659=CARTESIAN_POINT('',(0.129561622743416,0.046440528494896,0.3842));
#6660=CARTESIAN_POINT('',(0.11333801573188,0.0926271777332868,0.3842));
#6661=CARTESIAN_POINT('',(0.0853330122309942,0.132750450266896,0.3842));
#6662=CARTESIAN_POINT('',(0.0718700081705322,0.152039138483696,0.3842));
#6663=CARTESIAN_POINT('',(0.137986235430029,0.0224561710268293,0.3842));
#6664=CARTESIAN_POINT('',(0.137985963203718,0.0224574489227591,0.3832));
#6665=CARTESIAN_POINT('',(0.161634958747055,-0.139669438296137,0.3832));
#6666=CARTESIAN_POINT('',(0.161634958747055,-0.139669438296137,0.3842));
#6667=CARTESIAN_POINT('',(0.160783222422616,-0.111617035418232,0.3832));
#6668=CARTESIAN_POINT('',(0.160783222422616,-0.111617035418232,0.3842));
#6669=CARTESIAN_POINT('',(0.159114539718321,-0.0566580555636245,0.3832));
#6670=CARTESIAN_POINT('',(0.159114539718321,-0.0566580555636245,0.3842));
#6671=CARTESIAN_POINT('',(0.144930247129737,-0.0035452742481093,0.3832));
#6672=CARTESIAN_POINT('',(0.144930247129737,-0.0035452742481093,0.3842));
#6673=CARTESIAN_POINT('',(0.137985963203718,0.0224574489227591,0.3832));
#6674=CARTESIAN_POINT('',(0.137985963203718,0.0224574489227591,0.3842));
#6675=CARTESIAN_POINT('',(0.137985963203718,0.0224574489227591,0.3832));
#6676=CARTESIAN_POINT('',(0.144930247129737,-0.0035452742481093,0.3832));
#6677=CARTESIAN_POINT('',(0.159114539718321,-0.0566580555636245,0.3832));
#6678=CARTESIAN_POINT('',(0.160783222422616,-0.111617035418232,0.3832));
#6679=CARTESIAN_POINT('',(0.161634958747055,-0.139669438296137,0.3832));
#6680=CARTESIAN_POINT('',(0.161634851598811,-0.139668081972843,0.3832));
#6681=CARTESIAN_POINT('',(0.161634958747055,-0.139669438296137,0.3842));
#6682=CARTESIAN_POINT('',(0.160783222422616,-0.111617035418232,0.3842));
#6683=CARTESIAN_POINT('',(0.159114539718321,-0.0566580555636245,0.3842));
#6684=CARTESIAN_POINT('',(0.144930247129737,-0.0035452742481093,0.3842));
#6685=CARTESIAN_POINT('',(0.137985963203718,0.0224574489227591,0.3842));
#6686=CARTESIAN_POINT('',(0.161634845011056,-0.139671184126326,0.3842));
#6687=CARTESIAN_POINT('',(0.161634958747055,-0.139669438296137,0.3832));
#6688=CARTESIAN_POINT('',(0.0596320240326487,-0.456086305928488,0.3832));
#6689=CARTESIAN_POINT('',(0.0596320240326487,-0.456086305928488,0.3842));
#6690=CARTESIAN_POINT('',(0.0892192132635508,-0.412537690631948,0.3832));
#6691=CARTESIAN_POINT('',(0.0892192132635508,-0.412537690631948,0.3842));
#6692=CARTESIAN_POINT('',(0.15381173449724,-0.317465636430139,0.3832));
#6693=CARTESIAN_POINT('',(0.15381173449724,-0.317465636430139,0.3842));
#6694=CARTESIAN_POINT('',(0.158885355685362,-0.202158887036933,0.3832));
#6695=CARTESIAN_POINT('',(0.158885355685362,-0.202158887036933,0.3842));
#6696=CARTESIAN_POINT('',(0.161634958747055,-0.139669438296137,0.3832));
#6697=CARTESIAN_POINT('',(0.161634958747055,-0.139669438296137,0.3842));
#6698=CARTESIAN_POINT('',(0.161634958747055,-0.139669438296137,0.3832));
#6699=CARTESIAN_POINT('',(0.158885355685362,-0.202158887036933,0.3832));
#6700=CARTESIAN_POINT('',(0.15381173449724,-0.317465636430139,0.3832));
#6701=CARTESIAN_POINT('',(0.0892192132635508,-0.412537690631948,0.3832));
#6702=CARTESIAN_POINT('',(0.0596320240326487,-0.456086305928488,0.3832));
#6703=CARTESIAN_POINT('',(0.0596321912213976,-0.456085923733603,0.3832));
#6704=CARTESIAN_POINT('',(0.0596320240326487,-0.456086305928488,0.3842));
#6705=CARTESIAN_POINT('',(0.0892192132635508,-0.412537690631948,0.3842));
#6706=CARTESIAN_POINT('',(0.15381173449724,-0.317465636430139,0.3842));
#6707=CARTESIAN_POINT('',(0.158885355685362,-0.202158887036933,0.3842));
#6708=CARTESIAN_POINT('',(0.161634958747055,-0.139669438296137,0.3842));
#6709=CARTESIAN_POINT('',(0.0596316605202947,-0.456086544399245,0.3842));
#6710=CARTESIAN_POINT('',(0.0596320240326487,-0.456086305928488,0.3832));
#6711=CARTESIAN_POINT('',(-0.183727617296963,-0.567344010219834,0.3832));
#6712=CARTESIAN_POINT('',(-0.183727617296963,-0.567344010219834,0.3842));
#6713=CARTESIAN_POINT('',(-0.137847060566302,-0.562468037169657,0.3832));
#6714=CARTESIAN_POINT('',(-0.137847060566302,-0.562468037169657,0.3842));
#6715=CARTESIAN_POINT('',(-0.0444388530684817,-0.552541045544456,0.3832));
#6716=CARTESIAN_POINT('',(-0.0444388530684817,-0.552541045544456,0.3842));
#6717=CARTESIAN_POINT('',(0.0245363119634399,-0.488613635990124,0.3832));
#6718=CARTESIAN_POINT('',(0.0245363119634399,-0.488613635990124,0.3842));
#6719=CARTESIAN_POINT('',(0.0596320240326487,-0.456086305928488,0.3832));
#6720=CARTESIAN_POINT('',(0.0596320240326487,-0.456086305928488,0.3842));
#6721=CARTESIAN_POINT('',(0.0596320240326487,-0.456086305928488,0.3832));
#6722=CARTESIAN_POINT('',(0.0245363119634399,-0.488613635990124,0.3832));
#6723=CARTESIAN_POINT('',(-0.0444388530684817,-0.552541045544456,0.3832));
#6724=CARTESIAN_POINT('',(-0.137847060566302,-0.562468037169657,0.3832));
#6725=CARTESIAN_POINT('',(-0.183727617296963,-0.567344010219834,0.3832));
#6726=CARTESIAN_POINT('',(-0.183727176251634,-0.567343892698678,0.3832));
#6727=CARTESIAN_POINT('',(-0.183727617296963,-0.567344010219834,0.3842));
#6728=CARTESIAN_POINT('',(-0.137847060566302,-0.562468037169657,0.3842));
#6729=CARTESIAN_POINT('',(-0.0444388530684817,-0.552541045544456,0.3842));
#6730=CARTESIAN_POINT('',(0.0245363119634399,-0.488613635990124,0.3842));
#6731=CARTESIAN_POINT('',(0.0596320240326487,-0.456086305928488,0.3842));
#6732=CARTESIAN_POINT('',(-0.183728083898261,-0.56734389220283,0.3842));
#6733=CARTESIAN_POINT('',(-0.183727617296963,-0.567344010219834,0.3832));
#6734=CARTESIAN_POINT('',(-0.404814561022915,-0.449046486593784,0.3832));
#6735=CARTESIAN_POINT('',(-0.404814561022915,-0.449046486593784,0.3842));
#6736=CARTESIAN_POINT('',(-0.375671432468159,-0.483470950192442,0.3832));
#6737=CARTESIAN_POINT('',(-0.375671432468159,-0.483470950192442,0.3842));
#6738=CARTESIAN_POINT('',(-0.317568512224105,-0.552103316108791,0.3832));
#6739=CARTESIAN_POINT('',(-0.317568512224105,-0.552103316108791,0.3842));
#6740=CARTESIAN_POINT('',(-0.228247301447928,-0.562274476812765,0.3832));
#6741=CARTESIAN_POINT('',(-0.228247301447928,-0.562274476812765,0.3842));
#6742=CARTESIAN_POINT('',(-0.183727617296963,-0.567344010219834,0.3832));
#6743=CARTESIAN_POINT('',(-0.183727617296963,-0.567344010219834,0.3842));
#6744=CARTESIAN_POINT('',(-0.183727617296963,-0.567344010219834,0.3832));
#6745=CARTESIAN_POINT('',(-0.228247301447928,-0.562274476812765,0.3832));
#6746=CARTESIAN_POINT('',(-0.317568512224105,-0.552103316108791,0.3832));
#6747=CARTESIAN_POINT('',(-0.375671432468159,-0.483470950192442,0.3832));
#6748=CARTESIAN_POINT('',(-0.404814561022915,-0.449046486593784,0.3832));
#6749=CARTESIAN_POINT('',(-0.404814561022915,-0.449046486593784,0.3832));
#6750=CARTESIAN_POINT('',(-0.404814561022915,-0.449046486593784,0.3842));
#6751=CARTESIAN_POINT('',(-0.375671432468159,-0.483470950192442,0.3842));
#6752=CARTESIAN_POINT('',(-0.317568512224105,-0.552103316108791,0.3842));
#6753=CARTESIAN_POINT('',(-0.228247301447928,-0.562274476812765,0.3842));
#6754=CARTESIAN_POINT('',(-0.183727617296963,-0.567344010219834,0.3842));
#6755=CARTESIAN_POINT('',(-0.404814561022915,-0.449046486593784,0.3842));
#6756=CARTESIAN_POINT('',(-0.404814561022915,-0.449046486593784,0.3832));
#6757=CARTESIAN_POINT('',(-0.405037416371921,-0.548841549450988,0.3832));
#6758=CARTESIAN_POINT('',(-0.404814561022915,-0.449046486593784,0.3832));
#6759=CARTESIAN_POINT('',(-0.404814561022915,-0.449046486593784,0.3842));
#6760=CARTESIAN_POINT('',(0.113933077598807,-0.00795424118648108,0.3842));
#6761=CARTESIAN_POINT('',(0.113933077598807,-0.00795424118648108,0.3832));
#6762=CARTESIAN_POINT('',(0.,0.,0.));
#6763=CARTESIAN_POINT('',(1.275,-1.29,-0.295));
#6764=CARTESIAN_POINT('',(1.275,-0.644999999999998,-0.3832));
#6765=CARTESIAN_POINT('',(1.275,-1.29,-0.3832));
#6766=CARTESIAN_POINT('',(1.275,-1.17,-0.3832));
#6767=CARTESIAN_POINT('',(1.275,-1.17,-0.295));
#6768=CARTESIAN_POINT('',(1.275,-1.17,-0.295));
#6769=CARTESIAN_POINT('',(1.275,-1.17,-0.295));
#6770=CARTESIAN_POINT('',(1.275,-1.29,-0.295));
#6771=CARTESIAN_POINT('',(1.275,-1.29,-0.295));
#6772=CARTESIAN_POINT('',(-1.275,-1.29,-0.295));
#6773=CARTESIAN_POINT('',(-0.6375,-1.29,-0.3832));
#6774=CARTESIAN_POINT('',(-1.275,-1.29,-0.3832));
#6775=CARTESIAN_POINT('',(-1.675,-1.29,-0.295));
#6776=CARTESIAN_POINT('',(-1.275,-1.29,-0.295));
#6777=CARTESIAN_POINT('',(-1.275,-1.29,-0.295));
#6778=CARTESIAN_POINT('',(-1.275,1.29,-0.295));
#6779=CARTESIAN_POINT('',(-1.275,0.645,-0.3832));
#6780=CARTESIAN_POINT('',(-1.275,1.29,-0.3832));
#6781=CARTESIAN_POINT('',(-1.275,1.29,-0.295));
#6782=CARTESIAN_POINT('',(-1.275,1.29,-0.295));
#6783=CARTESIAN_POINT('',(-1.275,1.29,-0.295));
#6784=CARTESIAN_POINT('',(1.275,1.29,-0.295));
#6785=CARTESIAN_POINT('',(0.637500000000001,1.29,-0.3832));
#6786=CARTESIAN_POINT('',(1.275,1.29,-0.3832));
#6787=CARTESIAN_POINT('',(1.675,1.29,-0.295));
#6788=CARTESIAN_POINT('',(1.275,1.29,-0.295));
#6789=CARTESIAN_POINT('',(1.27499999999999,1.29,-0.295));
#6790=CARTESIAN_POINT('',(1.275,-1.29,-0.295));
#6791=CARTESIAN_POINT('',(1.275,-1.29,-0.3832));
#6792=CARTESIAN_POINT('',(1.275,1.17,-0.3832));
#6793=CARTESIAN_POINT('',(1.275,-1.29,-0.295));
#6794=CARTESIAN_POINT('',(1.275,1.17,-0.295));
#6795=CARTESIAN_POINT('',(1.27499999999999,1.17,-0.295));
#6796=CARTESIAN_POINT('',(-1.0464,1.17,-0.295));
#6797=CARTESIAN_POINT('',(-0.5232,1.17,-0.3832));
#6798=CARTESIAN_POINT('',(-1.0464,1.17,-0.3832));
#6799=CARTESIAN_POINT('',(1.275,1.17,-0.295));
#6800=CARTESIAN_POINT('',(-1.0464,1.17,-0.295));
#6801=CARTESIAN_POINT('',(-1.0464,1.17,-0.295));
#6802=CARTESIAN_POINT('',(-1.0464,-1.17,-0.295));
#6803=CARTESIAN_POINT('',(-1.0464,-0.585,-0.3832));
#6804=CARTESIAN_POINT('',(-1.0464,-1.17,-0.3832));
#6805=CARTESIAN_POINT('',(-1.0464,1.17,-0.295));
#6806=CARTESIAN_POINT('',(-1.0464,-1.17,-0.295));
#6807=CARTESIAN_POINT('',(-1.0464,-1.17,-0.295));
#6808=CARTESIAN_POINT('',(1.275,-1.17,-0.295));
#6809=CARTESIAN_POINT('',(0.637500000000001,-1.17,-0.3832));
#6810=CARTESIAN_POINT('',(-1.0464,-1.17,-0.295));
#6811=CARTESIAN_POINT('',(2.77555756156289E-16,0.,-0.295));
#6812=CARTESIAN_POINT('',(4.16333634234434E-16,0.,-0.3832));
#6813=CARTESIAN_POINT('',(0.,0.,0.));
#6814=CARTESIAN_POINT('',(1.275,-1.29,0.295));
#6815=CARTESIAN_POINT('',(1.275,-0.644999999999998,0.3832));
#6816=CARTESIAN_POINT('',(1.275,-1.29,0.3832));
#6817=CARTESIAN_POINT('',(1.275,-1.17,0.3832));
#6818=CARTESIAN_POINT('',(1.275,-1.29,0.295));
#6819=CARTESIAN_POINT('',(1.275,-1.29,0.295));
#6820=CARTESIAN_POINT('',(1.275,-1.17,0.295));
#6821=CARTESIAN_POINT('',(1.275,-1.17,0.295));
#6822=CARTESIAN_POINT('',(1.275,-1.17,0.295));
#6823=CARTESIAN_POINT('',(-1.275,-1.29,0.295));
#6824=CARTESIAN_POINT('',(-0.6375,-1.29,0.3832));
#6825=CARTESIAN_POINT('',(-1.275,-1.29,0.3832));
#6826=CARTESIAN_POINT('',(-1.275,-1.29,0.295));
#6827=CARTESIAN_POINT('',(-1.275,-1.29,0.295));
#6828=CARTESIAN_POINT('',(-1.675,-1.29,0.295));
#6829=CARTESIAN_POINT('',(-1.275,1.29,0.295));
#6830=CARTESIAN_POINT('',(-1.275,0.645,0.3832));
#6831=CARTESIAN_POINT('',(-1.275,1.29,0.3832));
#6832=CARTESIAN_POINT('',(-1.275,1.29,0.295));
#6833=CARTESIAN_POINT('',(-1.275,1.29,0.295));
#6834=CARTESIAN_POINT('',(-1.275,1.29,0.295));
#6835=CARTESIAN_POINT('',(1.275,1.29,0.295));
#6836=CARTESIAN_POINT('',(0.637500000000001,1.29,0.3832));
#6837=CARTESIAN_POINT('',(1.275,1.29,0.3832));
#6838=CARTESIAN_POINT('',(1.27499999999999,1.29,0.295));
#6839=CARTESIAN_POINT('',(1.275,1.29,0.295));
#6840=CARTESIAN_POINT('',(1.675,1.29,0.295));
#6841=CARTESIAN_POINT('',(1.275,-1.29,0.295));
#6842=CARTESIAN_POINT('',(1.275,2.94902990916056E-15,0.3832));
#6843=CARTESIAN_POINT('',(1.275,1.17,0.3832));
#6844=CARTESIAN_POINT('',(1.27499999999999,1.17,0.295));
#6845=CARTESIAN_POINT('',(1.275,1.17,0.295));
#6846=CARTESIAN_POINT('',(1.275,2.94902990916056E-15,0.295));
#6847=CARTESIAN_POINT('',(-1.0464,1.17,0.295));
#6848=CARTESIAN_POINT('',(-0.5232,1.17,0.3832));
#6849=CARTESIAN_POINT('',(-1.0464,1.17,0.3832));
#6850=CARTESIAN_POINT('',(-1.0464,1.17,0.295));
#6851=CARTESIAN_POINT('',(-1.0464,1.17,0.295));
#6852=CARTESIAN_POINT('',(1.275,1.17,0.295));
#6853=CARTESIAN_POINT('',(-1.0464,-1.17,0.295));
#6854=CARTESIAN_POINT('',(-1.0464,-0.585,0.3832));
#6855=CARTESIAN_POINT('',(-1.0464,-1.17,0.3832));
#6856=CARTESIAN_POINT('',(-1.0464,-1.17,0.295));
#6857=CARTESIAN_POINT('',(-1.0464,-1.17,0.295));
#6858=CARTESIAN_POINT('',(-1.0464,1.17,0.295));
#6859=CARTESIAN_POINT('',(1.275,-1.17,0.295));
#6860=CARTESIAN_POINT('',(0.637500000000001,-1.17,0.3832));
#6861=CARTESIAN_POINT('',(-1.0464,-1.17,0.295));
#6862=CARTESIAN_POINT('',(2.77555756156289E-16,0.,0.295));
#6863=CARTESIAN_POINT('',(4.16333634234434E-16,0.,0.3832));
#6864=CARTESIAN_POINT('',(0.,0.,0.));
#6865=CARTESIAN_POINT('',(-1.0464,-1.17,-0.365));
#6866=CARTESIAN_POINT('',(-0.466049999999999,-1.17,-0.3832));
#6867=CARTESIAN_POINT('',(1.275,-1.17,-0.3832));
#6868=CARTESIAN_POINT('',(-1.0464,-1.17,-0.3832));
#6869=CARTESIAN_POINT('',(1.275,-1.17,-0.365));
#6870=CARTESIAN_POINT('',(1.275,-1.17,-0.365));
#6871=CARTESIAN_POINT('',(-1.0464,-1.17,-0.365));
#6872=CARTESIAN_POINT('',(-1.0464,-1.17,-0.365));
#6873=CARTESIAN_POINT('',(-1.0464,-1.17,-0.365));
#6874=CARTESIAN_POINT('',(-1.0464,1.17,-0.365));
#6875=CARTESIAN_POINT('',(-1.0464,0.585,-0.3832));
#6876=CARTESIAN_POINT('',(-1.0464,1.17,-0.3832));
#6877=CARTESIAN_POINT('',(-1.0464,1.17,-0.365));
#6878=CARTESIAN_POINT('',(-1.0464,1.17,-0.365));
#6879=CARTESIAN_POINT('',(-1.0464,1.17,-0.365));
#6880=CARTESIAN_POINT('',(1.275,1.17,-0.365));
#6881=CARTESIAN_POINT('',(0.694650000000001,1.17,-0.3832));
#6882=CARTESIAN_POINT('',(1.275,1.17,-0.3832));
#6883=CARTESIAN_POINT('',(1.275,1.17,-0.365));
#6884=CARTESIAN_POINT('',(1.275,1.17,-0.365));
#6885=CARTESIAN_POINT('',(1.275,1.17,-0.365));
#6886=CARTESIAN_POINT('',(1.275,-1.17,-0.365));
#6887=CARTESIAN_POINT('',(1.275,-0.585,-0.3832));
#6888=CARTESIAN_POINT('',(1.275,1.17,-0.365));
#6889=CARTESIAN_POINT('',(0.114300000000001,0.,-0.365));
#6890=CARTESIAN_POINT('',(0.114300000000001,0.,-0.3832));
#6891=CARTESIAN_POINT('',(0.,0.,0.));
#6892=CARTESIAN_POINT('',(-1.0464,-1.17,0.365));
#6893=CARTESIAN_POINT('',(-0.466049999999999,-1.17,0.3832));
#6894=CARTESIAN_POINT('',(1.275,-1.17,0.3832));
#6895=CARTESIAN_POINT('',(-1.0464,-1.17,0.3832));
#6896=CARTESIAN_POINT('',(-1.0464,-1.17,0.365));
#6897=CARTESIAN_POINT('',(-1.0464,-1.17,0.365));
#6898=CARTESIAN_POINT('',(-1.0464,-1.17,0.365));
#6899=CARTESIAN_POINT('',(1.275,-1.17,0.365));
#6900=CARTESIAN_POINT('',(1.275,-1.17,0.365));
#6901=CARTESIAN_POINT('',(-1.0464,1.17,0.365));
#6902=CARTESIAN_POINT('',(-1.0464,0.585,0.3832));
#6903=CARTESIAN_POINT('',(-1.0464,1.17,0.3832));
#6904=CARTESIAN_POINT('',(-1.0464,1.17,0.365));
#6905=CARTESIAN_POINT('',(-1.0464,1.17,0.365));
#6906=CARTESIAN_POINT('',(-1.0464,1.17,0.365));
#6907=CARTESIAN_POINT('',(1.275,1.17,0.365));
#6908=CARTESIAN_POINT('',(0.694650000000001,1.17,0.3832));
#6909=CARTESIAN_POINT('',(1.275,1.17,0.3832));
#6910=CARTESIAN_POINT('',(1.275,1.17,0.365));
#6911=CARTESIAN_POINT('',(1.275,1.17,0.365));
#6912=CARTESIAN_POINT('',(1.275,1.17,0.365));
#6913=CARTESIAN_POINT('',(1.275,-1.17,0.365));
#6914=CARTESIAN_POINT('',(1.275,-0.585,0.3832));
#6915=CARTESIAN_POINT('',(1.275,1.17,0.365));
#6916=CARTESIAN_POINT('',(0.114300000000001,0.,0.365));
#6917=CARTESIAN_POINT('',(0.114300000000001,0.,0.3832));
#6918=CARTESIAN_POINT('',(0.,0.,0.));
#6919=CARTESIAN_POINT('',(-1.675,0.,0.4));
#6920=CARTESIAN_POINT('',(-1.675,0.,-0.015));
#6921=CARTESIAN_POINT('',(-1.675,-0.35,-0.015));
#6922=CARTESIAN_POINT('',(-1.675,0.35,-0.015));
#6923=CARTESIAN_POINT('',(-1.675,-0.35,0.4));
#6924=CARTESIAN_POINT('',(-1.675,-0.35,0.015));
#6925=CARTESIAN_POINT('',(-1.675,0.,0.015));
#6926=CARTESIAN_POINT('',(-1.675,0.35,0.015));
#6927=CARTESIAN_POINT('',(-1.675,0.35,0.4));
#6928=CARTESIAN_POINT('',(1.675,1.38777878078145E-16,0.4));
#6929=CARTESIAN_POINT('',(1.675,1.38777878078145E-16,-0.015));
#6930=CARTESIAN_POINT('',(1.675,0.35,-0.015));
#6931=CARTESIAN_POINT('',(1.675,-0.35,-0.015));
#6932=CARTESIAN_POINT('',(1.675,0.35,0.4));
#6933=CARTESIAN_POINT('',(1.675,0.35,0.015));
#6934=CARTESIAN_POINT('',(1.675,1.38777878078145E-16,0.015));
#6935=CARTESIAN_POINT('',(1.675,-0.35,0.015));
#6936=CARTESIAN_POINT('',(1.675,-0.35,0.4));
#6937=CARTESIAN_POINT('',(-1.675,1.29,0.));
#6938=CARTESIAN_POINT('',(-1.675,-1.29,-0.015));
#6939=CARTESIAN_POINT('',(-1.675,-1.29,-0.015));
#6940=CARTESIAN_POINT('',(-1.675,-1.29,0.));
#6941=CARTESIAN_POINT('',(-1.675,-1.29,0.015));
#6942=CARTESIAN_POINT('',(-1.675,-1.29,0.015));
#6943=CARTESIAN_POINT('',(2.77555756156289E-16,0.,0.015));
#6944=CARTESIAN_POINT('',(1.675,-1.29,0.015));
#6945=CARTESIAN_POINT('',(1.675,-1.29,0.015));
#6946=CARTESIAN_POINT('',(1.675,1.29,0.015));
#6947=CARTESIAN_POINT('',(1.675,1.29,0.015));
#6948=CARTESIAN_POINT('',(1.675,1.29,0.015));
#6949=CARTESIAN_POINT('',(-1.675,1.29,0.015));
#6950=CARTESIAN_POINT('',(-1.675,1.29,0.015));
#6951=CARTESIAN_POINT('',(-1.675,-1.29,0.015));
#6952=CARTESIAN_POINT('',(1.675,-1.29,0.));
#6953=CARTESIAN_POINT('',(1.675,1.29,-0.015));
#6954=CARTESIAN_POINT('',(1.675,1.29,-0.015));
#6955=CARTESIAN_POINT('',(1.675,1.29,0.));
#6956=CARTESIAN_POINT('',(2.77555756156289E-16,0.,-0.015));
#6957=CARTESIAN_POINT('',(-1.675,-1.29,-0.015));
#6958=CARTESIAN_POINT('',(-1.675,1.29,-0.015));
#6959=CARTESIAN_POINT('',(-1.675,1.29,-0.015));
#6960=CARTESIAN_POINT('',(1.675,1.29,-0.015));
#6961=CARTESIAN_POINT('',(1.675,-1.29,-0.015));
#6962=CARTESIAN_POINT('',(1.675,-1.29,-0.015));
#6963=CARTESIAN_POINT('',(1.675,-1.29,0.));
#6964=CARTESIAN_POINT('',(1.675,-1.29,0.));
#6965=CARTESIAN_POINT('',(-1.675,-1.29,0.));
#6966=CARTESIAN_POINT('',(-1.675,1.29,0.));
#6967=CARTESIAN_POINT('',(-1.675,1.29,0.));
#6968=CARTESIAN_POINT('',(1.675,1.29,0.));
#6969=CARTESIAN_POINT('',(0.,0.,0.));
#6970=CARTESIAN_POINT('',(-1.475,0.,-0.295));
#6971=CARTESIAN_POINT('',(-1.675,0.,-0.295));
#6972=CARTESIAN_POINT('',(-1.675,0.35,-0.295));
#6973=CARTESIAN_POINT('',(-1.675,-0.35,-0.295));
#6974=CARTESIAN_POINT('',(-1.675,1.29,-0.295));
#6975=CARTESIAN_POINT('',(-1.675,-1.29,-0.295));
#6976=CARTESIAN_POINT('',(-1.675,-1.29,-0.295));
#6977=CARTESIAN_POINT('',(-1.275,-1.29,-0.295));
#6978=CARTESIAN_POINT('',(-1.275,1.29,-0.295));
#6979=CARTESIAN_POINT('',(-1.275,1.29,-0.295));
#6980=CARTESIAN_POINT('',(1.675,1.29,-0.295));
#6981=CARTESIAN_POINT('',(-1.675,1.29,-0.295));
#6982=CARTESIAN_POINT('',(-1.675,1.29,-0.295));
#6983=CARTESIAN_POINT('',(-1.475,0.,-0.365));
#6984=CARTESIAN_POINT('',(-1.675,0.,-0.365));
#6985=CARTESIAN_POINT('',(-1.675,-0.315,-0.365));
#6986=CARTESIAN_POINT('',(-1.675,0.315,-0.365));
#6987=CARTESIAN_POINT('',(-1.675,1.29,-0.365));
#6988=CARTESIAN_POINT('',(-1.675,1.29,-0.365));
#6989=CARTESIAN_POINT('',(1.675,1.29,-0.365));
#6990=CARTESIAN_POINT('',(-1.275,1.29,-0.365));
#6991=CARTESIAN_POINT('',(-1.275,1.29,-0.365));
#6992=CARTESIAN_POINT('',(-1.275,-1.29,-0.365));
#6993=CARTESIAN_POINT('',(-1.675,-1.29,-0.365));
#6994=CARTESIAN_POINT('',(-1.675,-1.29,-0.365));
#6995=CARTESIAN_POINT('',(-1.675,1.29,-0.365));
#6996=CARTESIAN_POINT('',(-1.275,1.29,-0.295));
#6997=CARTESIAN_POINT('',(-1.275,1.29,-0.295));
#6998=CARTESIAN_POINT('',(-1.675,1.29,-0.295));
#6999=CARTESIAN_POINT('',(-1.275,-1.29,-0.295));
#7000=CARTESIAN_POINT('',(-1.275,-1.29,-0.295));
#7001=CARTESIAN_POINT('',(-1.675,-1.29,-0.295));
#7002=CARTESIAN_POINT('',(-1.675,-1.29,-0.295));
#7003=CARTESIAN_POINT('',(-0.680907233366744,1.38777878078145E-16,-0.05));
#7004=CARTESIAN_POINT('',(-1.675,0.,-0.05));
#7005=CARTESIAN_POINT('',(-1.675,0.35,-0.05));
#7006=CARTESIAN_POINT('',(-1.675,-0.35,-0.05));
#7007=CARTESIAN_POINT('',(-1.675,1.29,-0.05));
#7008=CARTESIAN_POINT('',(-1.675,1.17,-0.05));
#7009=CARTESIAN_POINT('',(-1.675,1.17,-0.05));
#7010=CARTESIAN_POINT('',(0.313185533266511,1.17,-0.05));
#7011=CARTESIAN_POINT('',(1.33593476939431,2.68898385791597E-16,-0.05));
#7012=CARTESIAN_POINT('',(0.313185533266511,-1.17,-0.05));
#7013=CARTESIAN_POINT('',(-1.675,-1.17,-0.05));
#7014=CARTESIAN_POINT('',(-1.675,-1.17,-0.05));
#7015=CARTESIAN_POINT('',(-1.675,1.29,-0.05));
#7016=CARTESIAN_POINT('',(0.313185533266511,1.17,-0.015));
#7017=CARTESIAN_POINT('',(-1.675,1.17,-0.015));
#7018=CARTESIAN_POINT('',(-1.675,1.17,-0.015));
#7019=CARTESIAN_POINT('',(0.313185533266511,1.17,-0.015));
#7020=CARTESIAN_POINT('',(0.313185533266511,1.17,-0.015));
#7021=CARTESIAN_POINT('',(-1.675,1.17,-0.015));
#7022=CARTESIAN_POINT('',(1.33593476939431,2.68898385791597E-16,-0.015));
#7023=CARTESIAN_POINT('',(1.33593476939431,2.68898385791597E-16,-0.015));
#7024=CARTESIAN_POINT('',(0.313185533266511,-1.17,-0.015));
#7025=CARTESIAN_POINT('',(0.313185533266511,-1.17,-0.015));
#7026=CARTESIAN_POINT('',(-1.675,-1.17,-0.015));
#7027=CARTESIAN_POINT('',(-1.675,-1.17,-0.015));
#7028=CARTESIAN_POINT('',(-1.675,-1.17,-0.015));
#7029=CARTESIAN_POINT('',(-1.675,-1.17,-0.015));
#7030=CARTESIAN_POINT('',(-0.680907233366744,1.38777878078145E-16,-0.015));
#7031=CARTESIAN_POINT('',(-1.675,0.,-0.015));
#7032=CARTESIAN_POINT('',(-1.675,-0.35,-0.015));
#7033=CARTESIAN_POINT('',(-1.675,0.35,-0.015));
#7034=CARTESIAN_POINT('',(-1.675,1.29,-0.015));
#7035=CARTESIAN_POINT('',(-1.675,1.29,-0.015));
#7036=CARTESIAN_POINT('',(-1.675,0.,0.295));
#7037=CARTESIAN_POINT('',(-1.675,0.35,0.295));
#7038=CARTESIAN_POINT('',(-1.675,0.35,0.015));
#7039=CARTESIAN_POINT('',(-1.675,0.,0.015));
#7040=CARTESIAN_POINT('',(-1.675,-0.35,0.015));
#7041=CARTESIAN_POINT('',(-1.675,-0.35,0.295));
#7042=CARTESIAN_POINT('',(-1.675,0.,0.295));
#7043=CARTESIAN_POINT('',(-1.675,-0.35,0.295));
#7044=CARTESIAN_POINT('',(-1.675,0.35,0.295));
#7045=CARTESIAN_POINT('',(-0.680907233366744,1.38777878078145E-16,0.015));
#7046=CARTESIAN_POINT('',(-1.675,1.29,0.015));
#7047=CARTESIAN_POINT('',(-1.675,1.17,0.015));
#7048=CARTESIAN_POINT('',(-0.680907233366744,1.17,0.015));
#7049=CARTESIAN_POINT('',(0.313185533266509,1.17,0.015));
#7050=CARTESIAN_POINT('',(1.33593476939431,2.68898385791597E-16,0.015));
#7051=CARTESIAN_POINT('',(0.313185533266509,-1.17,0.015));
#7052=CARTESIAN_POINT('',(-1.675,-1.17,0.015));
#7053=CARTESIAN_POINT('',(-1.675,-1.17,0.015));
#7054=CARTESIAN_POINT('',(-1.675,1.29,0.015));
#7055=CARTESIAN_POINT('',(0.313185533266511,1.17,-0.015));
#7056=CARTESIAN_POINT('',(-1.675,1.17,-0.015));
#7057=CARTESIAN_POINT('',(-1.675,1.17,0.05));
#7058=CARTESIAN_POINT('',(-0.680907233366744,1.17,0.05));
#7059=CARTESIAN_POINT('',(0.313185533266509,1.17,0.05));
#7060=CARTESIAN_POINT('',(0.313185533266509,1.17,-0.015));
#7061=CARTESIAN_POINT('',(1.33593476939431,2.68898385791597E-16,-0.015));
#7062=CARTESIAN_POINT('',(1.33593476939431,2.68898385791597E-16,0.05));
#7063=CARTESIAN_POINT('',(0.313185533266509,-1.17,0.05));
#7064=CARTESIAN_POINT('',(0.313185533266509,-1.17,-0.015));
#7065=CARTESIAN_POINT('',(-1.675,-1.17,-0.015));
#7066=CARTESIAN_POINT('',(-0.680907233366743,-1.17,0.05));
#7067=CARTESIAN_POINT('',(-1.675,-1.17,0.05));
#7068=CARTESIAN_POINT('',(-1.675,-1.17,0.295));
#7069=CARTESIAN_POINT('',(-0.680907233366744,1.38777878078145E-16,0.05));
#7070=CARTESIAN_POINT('',(-1.675,0.,0.05));
#7071=CARTESIAN_POINT('',(-1.675,-0.35,0.05));
#7072=CARTESIAN_POINT('',(-1.675,0.35,0.05));
#7073=CARTESIAN_POINT('',(-1.675,1.29,0.05));
#7074=CARTESIAN_POINT('',(-1.675,1.29,0.05));
#7075=CARTESIAN_POINT('',(-1.675,0.,0.295));
#7076=CARTESIAN_POINT('',(-1.675,0.35,0.295));
#7077=CARTESIAN_POINT('',(-1.675,0.35,0.295));
#7078=CARTESIAN_POINT('',(-1.675,0.,0.295));
#7079=CARTESIAN_POINT('',(-1.675,-0.35,0.295));
#7080=CARTESIAN_POINT('',(-1.675,-0.35,0.295));
#7081=CARTESIAN_POINT('',(-1.475,0.,0.295));
#7082=CARTESIAN_POINT('',(-1.675,1.29,0.295));
#7083=CARTESIAN_POINT('',(-1.675,1.29,0.295));
#7084=CARTESIAN_POINT('',(-1.275,1.29,0.295));
#7085=CARTESIAN_POINT('',(-1.275,1.29,0.295));
#7086=CARTESIAN_POINT('',(-1.275,0.,0.295));
#7087=CARTESIAN_POINT('',(-1.275,-1.29,0.295));
#7088=CARTESIAN_POINT('',(-1.675,-1.29,0.295));
#7089=CARTESIAN_POINT('',(-1.675,-1.29,0.295));
#7090=CARTESIAN_POINT('',(-1.675,1.29,0.295));
#7091=CARTESIAN_POINT('',(-1.675,0.,0.4));
#7092=CARTESIAN_POINT('',(-1.675,0.315,0.4));
#7093=CARTESIAN_POINT('',(-1.675,0.315,0.365));
#7094=CARTESIAN_POINT('',(-1.675,-0.315,0.295));
#7095=CARTESIAN_POINT('',(-1.675,-0.315,0.365));
#7096=CARTESIAN_POINT('',(-1.675,0.,0.365));
#7097=CARTESIAN_POINT('',(-1.675,1.29,0.295));
#7098=CARTESIAN_POINT('',(-1.675,1.29,0.365));
#7099=CARTESIAN_POINT('',(-1.675,1.29,0.365));
#7100=CARTESIAN_POINT('',(-1.675,1.29,-0.295));
#7101=CARTESIAN_POINT('',(-1.675,1.29,0.295));
#7102=CARTESIAN_POINT('',(-1.675,-1.29,0.295));
#7103=CARTESIAN_POINT('',(-1.675,-1.29,0.365));
#7104=CARTESIAN_POINT('',(-1.675,1.29,0.365));
#7105=CARTESIAN_POINT('',(-1.275,1.29,-0.295));
#7106=CARTESIAN_POINT('',(-1.475,1.29,0.365));
#7107=CARTESIAN_POINT('',(-1.275,1.29,0.365));
#7108=CARTESIAN_POINT('',(-1.275,1.29,-0.295));
#7109=CARTESIAN_POINT('',(-1.275,-1.29,-0.295));
#7110=CARTESIAN_POINT('',(-1.275,0.,0.365));
#7111=CARTESIAN_POINT('',(-1.275,-1.29,0.365));
#7112=CARTESIAN_POINT('',(-1.275,-1.29,-0.295));
#7113=CARTESIAN_POINT('',(-1.675,-1.29,-0.295));
#7114=CARTESIAN_POINT('',(-1.475,-1.29,0.365));
#7115=CARTESIAN_POINT('',(-1.475,0.,0.365));
#7116=CARTESIAN_POINT('',(0.,0.,0.));
#7117=CARTESIAN_POINT('',(0.314300000000001,0.,-0.295));
#7118=CARTESIAN_POINT('',(1.675,0.,-0.295));
#7119=CARTESIAN_POINT('',(1.675,0.35,-0.295));
#7120=CARTESIAN_POINT('',(1.675,-0.35,-0.295));
#7121=CARTESIAN_POINT('',(1.675,-1.29,-0.295));
#7122=CARTESIAN_POINT('',(1.675,1.29,-0.295));
#7123=CARTESIAN_POINT('',(1.675,1.29,-0.295));
#7124=CARTESIAN_POINT('',(1.275,1.29,-0.295));
#7125=CARTESIAN_POINT('',(1.275,1.29,-0.295));
#7126=CARTESIAN_POINT('',(1.275,1.17,-0.295));
#7127=CARTESIAN_POINT('',(1.275,1.17,-0.295));
#7128=CARTESIAN_POINT('',(-1.0464,1.17,-0.295));
#7129=CARTESIAN_POINT('',(-1.0464,1.17,-0.295));
#7130=CARTESIAN_POINT('',(-1.0464,-1.17,-0.295));
#7131=CARTESIAN_POINT('',(-1.0464,-1.17,-0.295));
#7132=CARTESIAN_POINT('',(1.275,-1.17,-0.295));
#7133=CARTESIAN_POINT('',(1.275,0.,-0.295));
#7134=CARTESIAN_POINT('',(1.275,-1.29,-0.295));
#7135=CARTESIAN_POINT('',(-1.675,-1.29,-0.295));
#7136=CARTESIAN_POINT('',(1.675,-1.29,-0.295));
#7137=CARTESIAN_POINT('',(1.675,-1.29,-0.295));
#7138=CARTESIAN_POINT('',(-1.0464,-1.17,-0.295));
#7139=CARTESIAN_POINT('',(-1.0464,-1.17,-0.295));
#7140=CARTESIAN_POINT('',(-1.0464,-1.17,-0.365));
#7141=CARTESIAN_POINT('',(-1.0464,-1.17,-0.365));
#7142=CARTESIAN_POINT('',(1.275,-1.17,-0.365));
#7143=CARTESIAN_POINT('',(1.275,-1.17,-0.295));
#7144=CARTESIAN_POINT('',(-1.0464,1.17,-0.295));
#7145=CARTESIAN_POINT('',(-1.0464,1.17,-0.295));
#7146=CARTESIAN_POINT('',(-1.0464,1.17,-0.365));
#7147=CARTESIAN_POINT('',(-1.0464,1.17,-0.365));
#7148=CARTESIAN_POINT('',(1.275,1.17,-0.295));
#7149=CARTESIAN_POINT('',(1.275,1.17,-0.295));
#7150=CARTESIAN_POINT('',(1.275,1.17,-0.365));
#7151=CARTESIAN_POINT('',(1.275,1.17,-0.365));
#7152=CARTESIAN_POINT('',(1.275,1.29,-0.295));
#7153=CARTESIAN_POINT('',(1.275,1.29,-0.295));
#7154=CARTESIAN_POINT('',(1.275,1.29,-0.365));
#7155=CARTESIAN_POINT('',(1.275,1.29,-0.365));
#7156=CARTESIAN_POINT('',(1.675,1.29,-0.295));
#7157=CARTESIAN_POINT('',(1.675,1.29,-0.295));
#7158=CARTESIAN_POINT('',(1.675,1.29,-0.365));
#7159=CARTESIAN_POINT('',(1.675,1.29,-0.365));
#7160=CARTESIAN_POINT('',(1.275,-1.29,-0.295));
#7161=CARTESIAN_POINT('',(1.275,-1.29,-0.295));
#7162=CARTESIAN_POINT('',(1.275,-1.29,-0.365));
#7163=CARTESIAN_POINT('',(-1.675,-1.29,-0.365));
#7164=CARTESIAN_POINT('',(1.675,-1.29,-0.365));
#7165=CARTESIAN_POINT('',(1.675,-1.29,-0.295));
#7166=CARTESIAN_POINT('',(1.275,1.29,-0.295));
#7167=CARTESIAN_POINT('',(1.275,1.29,-0.365));
#7168=CARTESIAN_POINT('',(0.314300000000001,0.,-0.365));
#7169=CARTESIAN_POINT('',(1.675,1.38777878078145E-16,-0.365));
#7170=CARTESIAN_POINT('',(1.675,0.315,-0.365));
#7171=CARTESIAN_POINT('',(1.675,-0.315,-0.365));
#7172=CARTESIAN_POINT('',(1.675,-1.29,-0.365));
#7173=CARTESIAN_POINT('',(1.675,-1.29,-0.365));
#7174=CARTESIAN_POINT('',(0.855467384697157,0.,-0.015));
#7175=CARTESIAN_POINT('',(1.675,0.,-0.015));
#7176=CARTESIAN_POINT('',(1.675,0.35,-0.015));
#7177=CARTESIAN_POINT('',(1.675,-0.35,-0.015));
#7178=CARTESIAN_POINT('',(1.675,-1.29,-0.015));
#7179=CARTESIAN_POINT('',(1.675,1.29,-0.015));
#7180=CARTESIAN_POINT('',(0.855467384697157,1.29,-0.015));
#7181=CARTESIAN_POINT('',(1.175,1.29,-0.015));
#7182=CARTESIAN_POINT('',(1.33593476939431,2.68898385791597E-16,-0.015));
#7183=CARTESIAN_POINT('',(1.175,-1.29,-0.015));
#7184=CARTESIAN_POINT('',(0.855467384697157,-1.29,-0.015));
#7185=CARTESIAN_POINT('',(1.675,-1.29,-0.015));
#7186=CARTESIAN_POINT('',(1.675,-1.29,-0.015));
#7187=CARTESIAN_POINT('',(1.675,1.29,-0.295));
#7188=CARTESIAN_POINT('',(1.675,1.29,-0.295));
#7189=CARTESIAN_POINT('',(1.675,1.29,-0.05));
#7190=CARTESIAN_POINT('',(1.675,1.29,-0.05));
#7191=CARTESIAN_POINT('',(1.175,1.29,-0.05));
#7192=CARTESIAN_POINT('',(1.175,1.29,-0.015));
#7193=CARTESIAN_POINT('',(1.275,-1.29,-0.295));
#7194=CARTESIAN_POINT('',(1.175,-1.29,-0.015));
#7195=CARTESIAN_POINT('',(1.175,-1.29,-0.05));
#7196=CARTESIAN_POINT('',(1.275,-1.29,-0.05));
#7197=CARTESIAN_POINT('',(1.675,-1.29,-0.05));
#7198=CARTESIAN_POINT('',(1.675,-1.29,0.295));
#7199=CARTESIAN_POINT('',(1.33593476939431,2.68898385791597E-16,-0.015));
#7200=CARTESIAN_POINT('',(1.33593476939431,2.68898385791597E-16,-0.05));
#7201=CARTESIAN_POINT('',(0.855467384697157,0.,-0.05));
#7202=CARTESIAN_POINT('',(1.675,0.,-0.05));
#7203=CARTESIAN_POINT('',(1.675,-0.35,-0.05));
#7204=CARTESIAN_POINT('',(1.675,0.35,-0.05));
#7205=CARTESIAN_POINT('',(1.675,-1.29,-0.05));
#7206=CARTESIAN_POINT('',(1.675,-1.29,-0.05));
#7207=CARTESIAN_POINT('',(1.675,0.,0.295));
#7208=CARTESIAN_POINT('',(1.675,-0.35,0.295));
#7209=CARTESIAN_POINT('',(1.675,-0.35,0.015));
#7210=CARTESIAN_POINT('',(1.675,0.,0.015));
#7211=CARTESIAN_POINT('',(1.675,0.35,0.015));
#7212=CARTESIAN_POINT('',(1.675,0.35,0.295));
#7213=CARTESIAN_POINT('',(0.855467384697157,0.,0.05));
#7214=CARTESIAN_POINT('',(1.675,0.,0.05));
#7215=CARTESIAN_POINT('',(1.675,0.35,0.05));
#7216=CARTESIAN_POINT('',(1.675,-0.35,0.05));
#7217=CARTESIAN_POINT('',(1.675,-1.29,0.05));
#7218=CARTESIAN_POINT('',(1.675,1.29,0.05));
#7219=CARTESIAN_POINT('',(0.855467384697157,1.29,0.05));
#7220=CARTESIAN_POINT('',(1.175,1.29,0.05));
#7221=CARTESIAN_POINT('',(1.33593476939431,2.68898385791597E-16,0.05));
#7222=CARTESIAN_POINT('',(1.175,-1.29,0.05));
#7223=CARTESIAN_POINT('',(0.855467384697157,-1.29,0.05));
#7224=CARTESIAN_POINT('',(1.675,-1.29,0.05));
#7225=CARTESIAN_POINT('',(1.675,-1.29,0.05));
#7226=CARTESIAN_POINT('',(1.675,1.29,-0.295));
#7227=CARTESIAN_POINT('',(1.675,1.29,0.015));
#7228=CARTESIAN_POINT('',(1.675,1.29,0.015));
#7229=CARTESIAN_POINT('',(1.175,1.29,0.015));
#7230=CARTESIAN_POINT('',(1.175,1.29,-0.015));
#7231=CARTESIAN_POINT('',(1.675,1.29,0.295));
#7232=CARTESIAN_POINT('',(1.275,-1.29,-0.295));
#7233=CARTESIAN_POINT('',(1.275,-1.29,0.015));
#7234=CARTESIAN_POINT('',(1.175,-1.29,0.015));
#7235=CARTESIAN_POINT('',(1.675,-1.29,0.015));
#7236=CARTESIAN_POINT('',(1.675,-1.29,-0.295));
#7237=CARTESIAN_POINT('',(1.175,-1.29,-0.015));
#7238=CARTESIAN_POINT('',(1.33593476939431,2.68898385791597E-16,-0.015));
#7239=CARTESIAN_POINT('',(1.33593476939431,2.68898385791597E-16,0.015));
#7240=CARTESIAN_POINT('',(0.855467384697157,0.,0.015));
#7241=CARTESIAN_POINT('',(1.675,-1.29,0.015));
#7242=CARTESIAN_POINT('',(1.675,-1.29,0.015));
#7243=CARTESIAN_POINT('',(1.675,0.,0.295));
#7244=CARTESIAN_POINT('',(1.675,-0.35,0.295));
#7245=CARTESIAN_POINT('',(1.675,-0.35,0.295));
#7246=CARTESIAN_POINT('',(1.675,0.,0.295));
#7247=CARTESIAN_POINT('',(1.675,0.35,0.295));
#7248=CARTESIAN_POINT('',(1.675,0.35,0.295));
#7249=CARTESIAN_POINT('',(1.675,0.,0.295));
#7250=CARTESIAN_POINT('',(1.675,0.35,0.295));
#7251=CARTESIAN_POINT('',(1.675,-0.35,0.295));
#7252=CARTESIAN_POINT('',(1.675,1.38777878078145E-16,0.4));
#7253=CARTESIAN_POINT('',(1.675,0.315,0.4));
#7254=CARTESIAN_POINT('',(1.675,0.315,0.365));
#7255=CARTESIAN_POINT('',(1.675,1.38777878078145E-16,0.365));
#7256=CARTESIAN_POINT('',(1.675,-0.315,0.365));
#7257=CARTESIAN_POINT('',(1.675,-0.315,0.295));
#7258=CARTESIAN_POINT('',(0.314300000000001,0.,0.365));
#7259=CARTESIAN_POINT('',(1.675,-1.29,0.365));
#7260=CARTESIAN_POINT('',(1.675,1.29,0.365));
#7261=CARTESIAN_POINT('',(0.314300000000001,1.29,0.365));
#7262=CARTESIAN_POINT('',(1.275,1.29,0.365));
#7263=CARTESIAN_POINT('',(1.275,0.,0.365));
#7264=CARTESIAN_POINT('',(1.275,1.17,0.365));
#7265=CARTESIAN_POINT('',(0.314300000000001,1.17,0.365));
#7266=CARTESIAN_POINT('',(-1.0464,1.17,0.365));
#7267=CARTESIAN_POINT('',(-1.0464,0.,0.365));
#7268=CARTESIAN_POINT('',(-1.0464,-1.17,0.365));
#7269=CARTESIAN_POINT('',(0.314300000000001,-1.17,0.365));
#7270=CARTESIAN_POINT('',(1.275,-1.17,0.365));
#7271=CARTESIAN_POINT('',(1.275,0.,0.365));
#7272=CARTESIAN_POINT('',(1.275,-1.29,0.365));
#7273=CARTESIAN_POINT('',(0.314300000000001,-1.29,0.365));
#7274=CARTESIAN_POINT('',(1.675,-1.29,0.365));
#7275=CARTESIAN_POINT('',(1.675,-1.29,0.365));
#7276=CARTESIAN_POINT('',(1.675,-1.29,0.295));
#7277=CARTESIAN_POINT('',(1.675,-1.29,0.295));
#7278=CARTESIAN_POINT('',(1.675,1.29,0.295));
#7279=CARTESIAN_POINT('',(1.675,1.29,0.295));
#7280=CARTESIAN_POINT('',(1.675,-1.29,0.295));
#7281=CARTESIAN_POINT('',(1.675,-1.29,-0.295));
#7282=CARTESIAN_POINT('',(1.675,-1.29,0.295));
#7283=CARTESIAN_POINT('',(1.675,-1.29,0.295));
#7284=CARTESIAN_POINT('',(-1.0464,-1.17,-0.295));
#7285=CARTESIAN_POINT('',(-1.0464,-1.17,0.295));
#7286=CARTESIAN_POINT('',(-1.0464,-1.17,0.295));
#7287=CARTESIAN_POINT('',(1.275,-1.17,0.295));
#7288=CARTESIAN_POINT('',(1.275,-1.17,-0.295));
#7289=CARTESIAN_POINT('',(-1.0464,-1.17,-0.295));
#7290=CARTESIAN_POINT('',(-1.0464,1.17,-0.295));
#7291=CARTESIAN_POINT('',(-1.0464,1.17,0.295));
#7292=CARTESIAN_POINT('',(-1.0464,1.17,0.295));
#7293=CARTESIAN_POINT('',(-1.0464,1.17,-0.295));
#7294=CARTESIAN_POINT('',(1.275,1.17,-0.295));
#7295=CARTESIAN_POINT('',(1.275,1.17,0.295));
#7296=CARTESIAN_POINT('',(1.275,1.17,0.295));
#7297=CARTESIAN_POINT('',(1.275,1.17,-0.295));
#7298=CARTESIAN_POINT('',(1.275,1.29,-0.295));
#7299=CARTESIAN_POINT('',(1.275,1.29,0.295));
#7300=CARTESIAN_POINT('',(1.275,1.29,0.295));
#7301=CARTESIAN_POINT('',(1.275,1.29,-0.295));
#7302=CARTESIAN_POINT('',(1.675,1.29,-0.295));
#7303=CARTESIAN_POINT('',(1.675,1.29,0.295));
#7304=CARTESIAN_POINT('',(1.275,-1.29,-0.295));
#7305=CARTESIAN_POINT('',(1.275,-1.29,0.295));
#7306=CARTESIAN_POINT('',(1.275,-1.29,0.295));
#7307=CARTESIAN_POINT('',(1.275,-1.29,-0.295));
#7308=CARTESIAN_POINT('',(1.275,1.29,-0.295));
#7309=CARTESIAN_POINT('',(1.275,1.29,0.295));
#7310=CARTESIAN_POINT('',(0.314300000000001,0.,0.295));
#7311=CARTESIAN_POINT('',(0.,0.,0.));
#7312=CARTESIAN_POINT('',(-1.475,0.,-0.4));
#7313=CARTESIAN_POINT('',(-1.675,0.,-0.4));
#7314=CARTESIAN_POINT('',(-1.675,-0.28,-0.4));
#7315=CARTESIAN_POINT('',(-1.675,0.28,-0.4));
#7316=CARTESIAN_POINT('',(-1.675,1.29,-0.4));
#7317=CARTESIAN_POINT('',(-1.675,1.29,-0.4));
#7318=CARTESIAN_POINT('',(1.675,1.29,-0.4));
#7319=CARTESIAN_POINT('',(-1.275,1.29,-0.4));
#7320=CARTESIAN_POINT('',(-1.275,1.29,-0.4));
#7321=CARTESIAN_POINT('',(-1.275,-1.29,-0.4));
#7322=CARTESIAN_POINT('',(-1.675,-1.29,-0.4));
#7323=CARTESIAN_POINT('',(-1.675,-1.29,-0.4));
#7324=CARTESIAN_POINT('',(-1.675,1.29,-0.4));
#7325=CARTESIAN_POINT('',(-1.275,1.29,-0.365));
#7326=CARTESIAN_POINT('',(1.675,1.29,-0.365));
#7327=CARTESIAN_POINT('',(-1.275,1.29,-0.365));
#7328=CARTESIAN_POINT('',(-1.675,1.29,-0.365));
#7329=CARTESIAN_POINT('',(-1.275,1.29,-0.365));
#7330=CARTESIAN_POINT('',(-1.675,1.29,-0.365));
#7331=CARTESIAN_POINT('',(-1.275,-1.29,-0.365));
#7332=CARTESIAN_POINT('',(-1.275,1.29,-0.365));
#7333=CARTESIAN_POINT('',(-1.275,-1.29,-0.365));
#7334=CARTESIAN_POINT('',(-1.275,-1.29,-0.365));
#7335=CARTESIAN_POINT('',(-1.675,-1.29,-0.365));
#7336=CARTESIAN_POINT('',(-1.675,-1.29,-0.365));
#7337=CARTESIAN_POINT('',(-1.675,-1.29,-0.365));
#7338=CARTESIAN_POINT('',(-1.675,-1.29,-0.365));
#7339=CARTESIAN_POINT('',(-1.475,0.,-0.365));
#7340=CARTESIAN_POINT('',(-1.675,0.,-0.365));
#7341=CARTESIAN_POINT('',(-1.675,0.315,-0.365));
#7342=CARTESIAN_POINT('',(-1.675,-0.315,-0.365));
#7343=CARTESIAN_POINT('',(-1.675,1.29,-0.365));
#7344=CARTESIAN_POINT('',(-1.675,1.29,-0.365));
#7345=CARTESIAN_POINT('',(-1.675,0.,0.365));
#7346=CARTESIAN_POINT('',(-1.675,0.315,0.365));
#7347=CARTESIAN_POINT('',(-1.675,0.315,0.365));
#7348=CARTESIAN_POINT('',(-1.675,0.,0.365));
#7349=CARTESIAN_POINT('',(-1.675,-0.315,0.365));
#7350=CARTESIAN_POINT('',(-1.675,-0.315,0.365));
#7351=CARTESIAN_POINT('',(-1.475,0.,0.365));
#7352=CARTESIAN_POINT('',(-1.675,1.29,0.365));
#7353=CARTESIAN_POINT('',(-1.675,1.29,0.365));
#7354=CARTESIAN_POINT('',(-1.275,1.29,0.365));
#7355=CARTESIAN_POINT('',(-1.275,1.29,0.365));
#7356=CARTESIAN_POINT('',(-1.275,-1.29,0.365));
#7357=CARTESIAN_POINT('',(-1.275,-1.29,0.365));
#7358=CARTESIAN_POINT('',(-1.675,-1.29,0.365));
#7359=CARTESIAN_POINT('',(-1.675,-1.29,0.365));
#7360=CARTESIAN_POINT('',(-1.675,1.29,0.365));
#7361=CARTESIAN_POINT('',(-1.675,0.,0.4));
#7362=CARTESIAN_POINT('',(-1.675,-0.28,0.4));
#7363=CARTESIAN_POINT('',(-1.675,-0.28,0.4));
#7364=CARTESIAN_POINT('',(-1.675,0.,0.4));
#7365=CARTESIAN_POINT('',(-1.675,0.28,0.4));
#7366=CARTESIAN_POINT('',(-1.675,0.28,0.4));
#7367=CARTESIAN_POINT('',(-1.675,1.29,0.365));
#7368=CARTESIAN_POINT('',(-1.675,1.29,0.4));
#7369=CARTESIAN_POINT('',(-1.675,1.29,0.4));
#7370=CARTESIAN_POINT('',(-1.675,1.29,-0.365));
#7371=CARTESIAN_POINT('',(-1.675,1.29,0.365));
#7372=CARTESIAN_POINT('',(-1.675,-1.29,0.365));
#7373=CARTESIAN_POINT('',(-1.675,-1.29,0.4));
#7374=CARTESIAN_POINT('',(-1.675,1.29,0.4));
#7375=CARTESIAN_POINT('',(-1.275,1.29,-0.365));
#7376=CARTESIAN_POINT('',(-1.475,1.29,0.4));
#7377=CARTESIAN_POINT('',(-1.275,1.29,0.4));
#7378=CARTESIAN_POINT('',(-1.275,1.29,-0.365));
#7379=CARTESIAN_POINT('',(-1.275,-1.29,-0.365));
#7380=CARTESIAN_POINT('',(-1.275,0.,0.4));
#7381=CARTESIAN_POINT('',(-1.275,-1.29,0.4));
#7382=CARTESIAN_POINT('',(-1.275,-1.29,-0.365));
#7383=CARTESIAN_POINT('',(-1.675,-1.29,-0.365));
#7384=CARTESIAN_POINT('',(-1.475,-1.29,0.4));
#7385=CARTESIAN_POINT('',(-1.475,0.,0.4));
#7386=CARTESIAN_POINT('',(0.,0.,0.));
#7387=CARTESIAN_POINT('',(1.475,0.,-0.365));
#7388=CARTESIAN_POINT('',(1.675,0.,-0.365));
#7389=CARTESIAN_POINT('',(1.675,0.315,-0.365));
#7390=CARTESIAN_POINT('',(1.675,-0.315,-0.365));
#7391=CARTESIAN_POINT('',(1.675,-1.29,-0.365));
#7392=CARTESIAN_POINT('',(1.675,1.29,-0.365));
#7393=CARTESIAN_POINT('',(1.675,1.29,-0.365));
#7394=CARTESIAN_POINT('',(1.275,1.29,-0.365));
#7395=CARTESIAN_POINT('',(1.275,1.17,-0.365));
#7396=CARTESIAN_POINT('',(1.275,-1.29,-0.365));
#7397=CARTESIAN_POINT('',(1.275,-1.29,-0.365));
#7398=CARTESIAN_POINT('',(1.675,-1.29,-0.365));
#7399=CARTESIAN_POINT('',(1.675,-1.29,-0.365));
#7400=CARTESIAN_POINT('',(1.675,1.29,-0.365));
#7401=CARTESIAN_POINT('',(1.675,1.29,-0.365));
#7402=CARTESIAN_POINT('',(1.675,1.29,-0.4));
#7403=CARTESIAN_POINT('',(1.675,1.29,-0.4));
#7404=CARTESIAN_POINT('',(1.275,1.29,-0.4));
#7405=CARTESIAN_POINT('',(1.275,1.29,-0.365));
#7406=CARTESIAN_POINT('',(1.275,-1.29,-0.365));
#7407=CARTESIAN_POINT('',(1.275,-1.29,-0.365));
#7408=CARTESIAN_POINT('',(1.275,-1.29,-0.4));
#7409=CARTESIAN_POINT('',(1.275,-1.29,-0.4));
#7410=CARTESIAN_POINT('',(1.675,-1.29,-0.4));
#7411=CARTESIAN_POINT('',(1.675,-1.29,-0.365));
#7412=CARTESIAN_POINT('',(1.275,1.29,-0.365));
#7413=CARTESIAN_POINT('',(1.275,1.17,-0.4));
#7414=CARTESIAN_POINT('',(1.475,0.,-0.4));
#7415=CARTESIAN_POINT('',(1.675,1.38777878078145E-16,-0.4));
#7416=CARTESIAN_POINT('',(1.675,0.28,-0.4));
#7417=CARTESIAN_POINT('',(1.675,-0.28,-0.4));
#7418=CARTESIAN_POINT('',(1.675,-1.29,-0.4));
#7419=CARTESIAN_POINT('',(1.675,-1.29,-0.4));
#7420=CARTESIAN_POINT('',(1.675,0.,0.365));
#7421=CARTESIAN_POINT('',(1.675,-0.315,0.365));
#7422=CARTESIAN_POINT('',(1.675,-0.315,0.365));
#7423=CARTESIAN_POINT('',(1.675,0.,0.365));
#7424=CARTESIAN_POINT('',(1.675,0.315,0.365));
#7425=CARTESIAN_POINT('',(1.675,0.315,0.365));
#7426=CARTESIAN_POINT('',(1.675,1.38777878078145E-16,0.4));
#7427=CARTESIAN_POINT('',(1.675,-0.28,0.365));
#7428=CARTESIAN_POINT('',(1.675,-0.28,0.4));
#7429=CARTESIAN_POINT('',(1.675,0.28,0.365));
#7430=CARTESIAN_POINT('',(1.675,0.28,0.4));
#7431=CARTESIAN_POINT('',(1.675,1.38777878078145E-16,0.4));
#7432=CARTESIAN_POINT('',(1.475,0.,0.4));
#7433=CARTESIAN_POINT('',(1.675,-1.29,0.4));
#7434=CARTESIAN_POINT('',(1.675,1.29,0.4));
#7435=CARTESIAN_POINT('',(1.475,1.29,0.4));
#7436=CARTESIAN_POINT('',(1.275,1.29,0.4));
#7437=CARTESIAN_POINT('',(1.275,2.37227142013923E-17,0.4));
#7438=CARTESIAN_POINT('',(1.275,-1.29,0.4));
#7439=CARTESIAN_POINT('',(1.475,-1.29,0.4));
#7440=CARTESIAN_POINT('',(1.675,-1.29,0.4));
#7441=CARTESIAN_POINT('',(1.675,-1.29,0.4));
#7442=CARTESIAN_POINT('',(1.675,-1.29,0.365));
#7443=CARTESIAN_POINT('',(1.675,-1.29,0.365));
#7444=CARTESIAN_POINT('',(1.675,1.29,0.365));
#7445=CARTESIAN_POINT('',(1.675,1.29,0.365));
#7446=CARTESIAN_POINT('',(1.675,1.29,-0.365));
#7447=CARTESIAN_POINT('',(1.675,1.29,0.365));
#7448=CARTESIAN_POINT('',(1.275,1.29,0.365));
#7449=CARTESIAN_POINT('',(1.275,1.29,-0.365));
#7450=CARTESIAN_POINT('',(1.675,-1.29,0.365));
#7451=CARTESIAN_POINT('',(1.675,-1.29,-0.365));
#7452=CARTESIAN_POINT('',(1.675,-1.29,0.365));
#7453=CARTESIAN_POINT('',(1.675,-1.29,0.365));
#7454=CARTESIAN_POINT('',(1.275,-1.29,-0.365));
#7455=CARTESIAN_POINT('',(1.275,-1.29,0.365));
#7456=CARTESIAN_POINT('',(1.275,-1.29,0.365));
#7457=CARTESIAN_POINT('',(1.275,-1.29,-0.365));
#7458=CARTESIAN_POINT('',(1.275,1.29,-0.365));
#7459=CARTESIAN_POINT('',(1.275,1.29,0.365));
#7460=CARTESIAN_POINT('',(1.475,0.,0.365));
#7461=CARTESIAN_POINT('',(0.,0.,0.));
#7462=CARTESIAN_POINT('',(-1.675,0.,0.4));
#7463=CARTESIAN_POINT('',(-1.675,0.35,0.4));
#7464=CARTESIAN_POINT('',(-1.675,0.35,0.05));
#7465=CARTESIAN_POINT('',(-1.675,0.35,0.295));
#7466=CARTESIAN_POINT('',(-1.675,0.,0.05));
#7467=CARTESIAN_POINT('',(-1.675,-0.35,0.05));
#7468=CARTESIAN_POINT('',(-1.675,-0.35,0.4));
#7469=CARTESIAN_POINT('',(-1.675,-0.35,0.295));
#7470=CARTESIAN_POINT('',(-1.675,0.,0.295));
#7471=CARTESIAN_POINT('',(1.675,1.38777878078145E-16,0.4));
#7472=CARTESIAN_POINT('',(1.675,0.35,0.4));
#7473=CARTESIAN_POINT('',(1.675,0.35,0.295));
#7474=CARTESIAN_POINT('',(1.675,0.35,0.05));
#7475=CARTESIAN_POINT('',(1.675,1.38777878078145E-16,0.295));
#7476=CARTESIAN_POINT('',(1.675,-0.35,0.295));
#7477=CARTESIAN_POINT('',(1.675,-0.35,0.4));
#7478=CARTESIAN_POINT('',(1.675,-0.35,0.05));
#7479=CARTESIAN_POINT('',(1.675,1.38777878078145E-16,0.05));
#7480=CARTESIAN_POINT('',(-1.675,1.29,0.05));
#7481=CARTESIAN_POINT('',(-1.675,-1.29,0.295));
#7482=CARTESIAN_POINT('',(-1.675,1.29,0.295));
#7483=CARTESIAN_POINT('',(-1.675,1.29,0.05));
#7484=CARTESIAN_POINT('',(-1.675,1.29,0.05));
#7485=CARTESIAN_POINT('',(-1.675,-1.29,0.05));
#7486=CARTESIAN_POINT('',(-1.675,1.29,0.05));
#7487=CARTESIAN_POINT('',(-1.675,-1.29,0.05));
#7488=CARTESIAN_POINT('',(-1.675,-1.29,0.05));
#7489=CARTESIAN_POINT('',(-1.675,-1.29,0.05));
#7490=CARTESIAN_POINT('',(-1.675,-1.29,0.295));
#7491=CARTESIAN_POINT('',(-1.675,-1.29,0.295));
#7492=CARTESIAN_POINT('',(4.16333634234434E-16,1.38777878078145E-16,0.05));
#7493=CARTESIAN_POINT('',(-1.675,1.29,0.05));
#7494=CARTESIAN_POINT('',(1.675,1.29,0.05));
#7495=CARTESIAN_POINT('',(1.675,1.29,0.05));
#7496=CARTESIAN_POINT('',(1.675,1.29,0.05));
#7497=CARTESIAN_POINT('',(1.675,-1.29,0.05));
#7498=CARTESIAN_POINT('',(1.675,-1.29,0.05));
#7499=CARTESIAN_POINT('',(1.675,-1.29,0.05));
#7500=CARTESIAN_POINT('',(1.675,1.29,0.05));
#7501=CARTESIAN_POINT('',(1.675,1.29,0.295));
#7502=CARTESIAN_POINT('',(1.675,1.29,0.295));
#7503=CARTESIAN_POINT('',(1.675,-1.29,0.05));
#7504=CARTESIAN_POINT('',(1.675,1.29,0.295));
#7505=CARTESIAN_POINT('',(1.675,-1.29,0.295));
#7506=CARTESIAN_POINT('',(1.675,-1.29,0.05));
#7507=CARTESIAN_POINT('',(1.675,1.29,0.05));
#7508=CARTESIAN_POINT('',(-1.675,1.29,0.295));
#7509=CARTESIAN_POINT('',(-1.675,-1.29,0.05));
#7510=CARTESIAN_POINT('',(1.675,-1.29,0.295));
#7511=CARTESIAN_POINT('',(5.55111512312578E-16,0.,0.295));
#7512=CARTESIAN_POINT('',(0.,0.,0.));
#7513=CARTESIAN_POINT('',(-1.675,0.,0.4));
#7514=CARTESIAN_POINT('',(-1.675,0.35,0.4));
#7515=CARTESIAN_POINT('',(-1.675,0.35,-0.295));
#7516=CARTESIAN_POINT('',(-1.675,0.35,-0.05));
#7517=CARTESIAN_POINT('',(-1.675,0.,-0.295));
#7518=CARTESIAN_POINT('',(-1.675,-0.35,-0.295));
#7519=CARTESIAN_POINT('',(-1.675,-0.35,0.4));
#7520=CARTESIAN_POINT('',(-1.675,-0.35,-0.05));
#7521=CARTESIAN_POINT('',(-1.675,0.,-0.05));
#7522=CARTESIAN_POINT('',(1.675,1.38777878078145E-16,0.4));
#7523=CARTESIAN_POINT('',(1.675,0.35,0.4));
#7524=CARTESIAN_POINT('',(1.675,0.35,-0.05));
#7525=CARTESIAN_POINT('',(1.675,0.35,-0.295));
#7526=CARTESIAN_POINT('',(1.675,1.38777878078145E-16,-0.05));
#7527=CARTESIAN_POINT('',(1.675,-0.35,-0.05));
#7528=CARTESIAN_POINT('',(1.675,-0.35,0.4));
#7529=CARTESIAN_POINT('',(1.675,-0.35,-0.295));
#7530=CARTESIAN_POINT('',(1.675,1.38777878078145E-16,-0.295));
#7531=CARTESIAN_POINT('',(-1.675,1.29,-0.05));
#7532=CARTESIAN_POINT('',(-1.675,-1.29,-0.05));
#7533=CARTESIAN_POINT('',(-1.675,1.29,-0.05));
#7534=CARTESIAN_POINT('',(-1.675,1.29,-0.05));
#7535=CARTESIAN_POINT('',(-1.675,1.29,-0.295));
#7536=CARTESIAN_POINT('',(-1.675,-1.29,-0.295));
#7537=CARTESIAN_POINT('',(-1.675,1.29,-0.05));
#7538=CARTESIAN_POINT('',(-1.675,-1.29,-0.295));
#7539=CARTESIAN_POINT('',(-1.675,-1.29,-0.295));
#7540=CARTESIAN_POINT('',(-1.675,-1.29,-0.05));
#7541=CARTESIAN_POINT('',(-1.675,-1.29,-0.05));
#7542=CARTESIAN_POINT('',(-1.675,-1.29,-0.05));
#7543=CARTESIAN_POINT('',(5.55111512312578E-16,0.,-0.295));
#7544=CARTESIAN_POINT('',(-1.675,1.29,-0.295));
#7545=CARTESIAN_POINT('',(1.675,1.29,-0.295));
#7546=CARTESIAN_POINT('',(1.675,1.29,-0.295));
#7547=CARTESIAN_POINT('',(1.675,1.29,-0.295));
#7548=CARTESIAN_POINT('',(1.675,-1.29,-0.295));
#7549=CARTESIAN_POINT('',(1.675,-1.29,-0.295));
#7550=CARTESIAN_POINT('',(1.675,-1.29,-0.05));
#7551=CARTESIAN_POINT('',(1.675,1.29,-0.05));
#7552=CARTESIAN_POINT('',(1.675,1.29,-0.05));
#7553=CARTESIAN_POINT('',(1.675,1.29,-0.05));
#7554=CARTESIAN_POINT('',(1.675,-1.29,-0.05));
#7555=CARTESIAN_POINT('',(1.675,1.29,-0.05));
#7556=CARTESIAN_POINT('',(1.675,-1.29,-0.05));
#7557=CARTESIAN_POINT('',(1.675,-1.29,-0.05));
#7558=CARTESIAN_POINT('',(1.675,1.29,-0.05));
#7559=CARTESIAN_POINT('',(-1.675,1.29,-0.05));
#7560=CARTESIAN_POINT('',(-1.675,-1.29,-0.05));
#7561=CARTESIAN_POINT('',(1.675,-1.29,-0.05));
#7562=CARTESIAN_POINT('',(4.16333634234434E-16,1.38777878078145E-16,-0.05));
#7563=CARTESIAN_POINT('',(0.,0.,0.));
#7564=MECHANICAL_DESIGN_GEOMETRIC_PRESENTATION_REPRESENTATION('',(#4231,
#4232,#4233,#4234,#4235,#4236,#4237,#4238,#4239,#4240,#4241,#4242,#4243,
#4244,#4245),#7565);
#7565=(
GEOMETRIC_REPRESENTATION_CONTEXT(3)
GLOBAL_UNCERTAINTY_ASSIGNED_CONTEXT((#7581))
GLOBAL_UNIT_ASSIGNED_CONTEXT((#7599,#7598,#7597))
REPRESENTATION_CONTEXT('0ZCH0110AF2E','TOP_LEVEL_ASSEMBLY_PART')
);
#7566=(
GEOMETRIC_REPRESENTATION_CONTEXT(3)
GLOBAL_UNCERTAINTY_ASSIGNED_CONTEXT((#7582))
GLOBAL_UNIT_ASSIGNED_CONTEXT((#7599,#7598,#7597))
REPRESENTATION_CONTEXT('0ZCH0110AF2E_PART1','COMPONENT_PART')
);
#7567=(
GEOMETRIC_REPRESENTATION_CONTEXT(3)
GLOBAL_UNCERTAINTY_ASSIGNED_CONTEXT((#7583))
GLOBAL_UNIT_ASSIGNED_CONTEXT((#7599,#7598,#7597))
REPRESENTATION_CONTEXT('0ZCH0110AF2E_PART2','COMPONENT_PART')
);
#7568=(
GEOMETRIC_REPRESENTATION_CONTEXT(3)
GLOBAL_UNCERTAINTY_ASSIGNED_CONTEXT((#7584))
GLOBAL_UNIT_ASSIGNED_CONTEXT((#7599,#7598,#7597))
REPRESENTATION_CONTEXT('0ZCH0110AF2E_PART3','COMPONENT_PART')
);
#7569=(
GEOMETRIC_REPRESENTATION_CONTEXT(3)
GLOBAL_UNCERTAINTY_ASSIGNED_CONTEXT((#7585))
GLOBAL_UNIT_ASSIGNED_CONTEXT((#7599,#7598,#7597))
REPRESENTATION_CONTEXT('0ZCH0110AF2E_PART4','COMPONENT_PART')
);
#7570=(
GEOMETRIC_REPRESENTATION_CONTEXT(3)
GLOBAL_UNCERTAINTY_ASSIGNED_CONTEXT((#7586))
GLOBAL_UNIT_ASSIGNED_CONTEXT((#7599,#7598,#7597))
REPRESENTATION_CONTEXT('0ZCH0110AF2E_PART5','COMPONENT_PART')
);
#7571=(
GEOMETRIC_REPRESENTATION_CONTEXT(3)
GLOBAL_UNCERTAINTY_ASSIGNED_CONTEXT((#7587))
GLOBAL_UNIT_ASSIGNED_CONTEXT((#7599,#7598,#7597))
REPRESENTATION_CONTEXT('0ZCH0110AF2E_PART6','COMPONENT_PART')
);
#7572=(
GEOMETRIC_REPRESENTATION_CONTEXT(3)
GLOBAL_UNCERTAINTY_ASSIGNED_CONTEXT((#7588))
GLOBAL_UNIT_ASSIGNED_CONTEXT((#7599,#7598,#7597))
REPRESENTATION_CONTEXT('0ZCH0110AF2E_PART7','COMPONENT_PART')
);
#7573=(
GEOMETRIC_REPRESENTATION_CONTEXT(3)
GLOBAL_UNCERTAINTY_ASSIGNED_CONTEXT((#7589))
GLOBAL_UNIT_ASSIGNED_CONTEXT((#7599,#7598,#7597))
REPRESENTATION_CONTEXT('0ZCH0110AF2E_PART8','COMPONENT_PART')
);
#7574=(
GEOMETRIC_REPRESENTATION_CONTEXT(3)
GLOBAL_UNCERTAINTY_ASSIGNED_CONTEXT((#7590))
GLOBAL_UNIT_ASSIGNED_CONTEXT((#7599,#7598,#7597))
REPRESENTATION_CONTEXT('0ZCH0110AF2E_PART9','COMPONENT_PART')
);
#7575=(
GEOMETRIC_REPRESENTATION_CONTEXT(3)
GLOBAL_UNCERTAINTY_ASSIGNED_CONTEXT((#7591))
GLOBAL_UNIT_ASSIGNED_CONTEXT((#7599,#7598,#7597))
REPRESENTATION_CONTEXT('0ZCH0110AF2E_PART10','COMPONENT_PART')
);
#7576=(
GEOMETRIC_REPRESENTATION_CONTEXT(3)
GLOBAL_UNCERTAINTY_ASSIGNED_CONTEXT((#7592))
GLOBAL_UNIT_ASSIGNED_CONTEXT((#7599,#7598,#7597))
REPRESENTATION_CONTEXT('0ZCH0110AF2E_PART11','COMPONENT_PART')
);
#7577=(
GEOMETRIC_REPRESENTATION_CONTEXT(3)
GLOBAL_UNCERTAINTY_ASSIGNED_CONTEXT((#7593))
GLOBAL_UNIT_ASSIGNED_CONTEXT((#7599,#7598,#7597))
REPRESENTATION_CONTEXT('0ZCH0110AF2E_PART12','COMPONENT_PART')
);
#7578=(
GEOMETRIC_REPRESENTATION_CONTEXT(3)
GLOBAL_UNCERTAINTY_ASSIGNED_CONTEXT((#7594))
GLOBAL_UNIT_ASSIGNED_CONTEXT((#7599,#7598,#7597))
REPRESENTATION_CONTEXT('0ZCH0110AF2E_PART13','COMPONENT_PART')
);
#7579=(
GEOMETRIC_REPRESENTATION_CONTEXT(3)
GLOBAL_UNCERTAINTY_ASSIGNED_CONTEXT((#7595))
GLOBAL_UNIT_ASSIGNED_CONTEXT((#7599,#7598,#7597))
REPRESENTATION_CONTEXT('0ZCH0110AF2E_PART14','COMPONENT_PART')
);
#7580=(
GEOMETRIC_REPRESENTATION_CONTEXT(3)
GLOBAL_UNCERTAINTY_ASSIGNED_CONTEXT((#7596))
GLOBAL_UNIT_ASSIGNED_CONTEXT((#7599,#7598,#7597))
REPRESENTATION_CONTEXT('0ZCH0110AF2E_PART15','COMPONENT_PART')
);
#7581=UNCERTAINTY_MEASURE_WITH_UNIT(LENGTH_MEASURE(0.005),#7599,
'DISTANCE_ACCURACY_VALUE','Maximum Tolerance applied to model');
#7582=UNCERTAINTY_MEASURE_WITH_UNIT(LENGTH_MEASURE(0.005),#7599,
'DISTANCE_ACCURACY_VALUE','Maximum Tolerance applied to model');
#7583=UNCERTAINTY_MEASURE_WITH_UNIT(LENGTH_MEASURE(0.005),#7599,
'DISTANCE_ACCURACY_VALUE','Maximum Tolerance applied to model');
#7584=UNCERTAINTY_MEASURE_WITH_UNIT(LENGTH_MEASURE(0.005),#7599,
'DISTANCE_ACCURACY_VALUE','Maximum Tolerance applied to model');
#7585=UNCERTAINTY_MEASURE_WITH_UNIT(LENGTH_MEASURE(0.005),#7599,
'DISTANCE_ACCURACY_VALUE','Maximum Tolerance applied to model');
#7586=UNCERTAINTY_MEASURE_WITH_UNIT(LENGTH_MEASURE(0.005),#7599,
'DISTANCE_ACCURACY_VALUE','Maximum Tolerance applied to model');
#7587=UNCERTAINTY_MEASURE_WITH_UNIT(LENGTH_MEASURE(0.005),#7599,
'DISTANCE_ACCURACY_VALUE','Maximum Tolerance applied to model');
#7588=UNCERTAINTY_MEASURE_WITH_UNIT(LENGTH_MEASURE(0.005),#7599,
'DISTANCE_ACCURACY_VALUE','Maximum Tolerance applied to model');
#7589=UNCERTAINTY_MEASURE_WITH_UNIT(LENGTH_MEASURE(0.005),#7599,
'DISTANCE_ACCURACY_VALUE','Maximum Tolerance applied to model');
#7590=UNCERTAINTY_MEASURE_WITH_UNIT(LENGTH_MEASURE(0.005),#7599,
'DISTANCE_ACCURACY_VALUE','Maximum Tolerance applied to model');
#7591=UNCERTAINTY_MEASURE_WITH_UNIT(LENGTH_MEASURE(0.005),#7599,
'DISTANCE_ACCURACY_VALUE','Maximum Tolerance applied to model');
#7592=UNCERTAINTY_MEASURE_WITH_UNIT(LENGTH_MEASURE(0.005),#7599,
'DISTANCE_ACCURACY_VALUE','Maximum Tolerance applied to model');
#7593=UNCERTAINTY_MEASURE_WITH_UNIT(LENGTH_MEASURE(0.005),#7599,
'DISTANCE_ACCURACY_VALUE','Maximum Tolerance applied to model');
#7594=UNCERTAINTY_MEASURE_WITH_UNIT(LENGTH_MEASURE(0.005),#7599,
'DISTANCE_ACCURACY_VALUE','Maximum Tolerance applied to model');
#7595=UNCERTAINTY_MEASURE_WITH_UNIT(LENGTH_MEASURE(0.005),#7599,
'DISTANCE_ACCURACY_VALUE','Maximum Tolerance applied to model');
#7596=UNCERTAINTY_MEASURE_WITH_UNIT(LENGTH_MEASURE(0.005),#7599,
'DISTANCE_ACCURACY_VALUE','Maximum Tolerance applied to model');
#7597=(
NAMED_UNIT(*)
SI_UNIT($,.STERADIAN.)
SOLID_ANGLE_UNIT()
);
#7598=(
NAMED_UNIT(*)
PLANE_ANGLE_UNIT()
SI_UNIT($,.RADIAN.)
);
#7599=(
LENGTH_UNIT()
NAMED_UNIT(*)
SI_UNIT(.MILLI.,.METRE.)
);
#7600=PRODUCT_DEFINITION_SHAPE('','',#7631);
#7601=PRODUCT_DEFINITION_SHAPE('','',#7632);
#7602=PRODUCT_DEFINITION_SHAPE(' ','NAUO PRDDFN',#99);
#7603=PRODUCT_DEFINITION_SHAPE('','',#7633);
#7604=PRODUCT_DEFINITION_SHAPE(' ','NAUO PRDDFN',#100);
#7605=PRODUCT_DEFINITION_SHAPE('','',#7634);
#7606=PRODUCT_DEFINITION_SHAPE(' ','NAUO PRDDFN',#101);
#7607=PRODUCT_DEFINITION_SHAPE('','',#7635);
#7608=PRODUCT_DEFINITION_SHAPE(' ','NAUO PRDDFN',#102);
#7609=PRODUCT_DEFINITION_SHAPE('','',#7636);
#7610=PRODUCT_DEFINITION_SHAPE(' ','NAUO PRDDFN',#103);
#7611=PRODUCT_DEFINITION_SHAPE('','',#7637);
#7612=PRODUCT_DEFINITION_SHAPE(' ','NAUO PRDDFN',#104);
#7613=PRODUCT_DEFINITION_SHAPE('','',#7638);
#7614=PRODUCT_DEFINITION_SHAPE(' ','NAUO PRDDFN',#105);
#7615=PRODUCT_DEFINITION_SHAPE('','',#7639);
#7616=PRODUCT_DEFINITION_SHAPE(' ','NAUO PRDDFN',#106);
#7617=PRODUCT_DEFINITION_SHAPE('','',#7640);
#7618=PRODUCT_DEFINITION_SHAPE(' ','NAUO PRDDFN',#107);
#7619=PRODUCT_DEFINITION_SHAPE('','',#7641);
#7620=PRODUCT_DEFINITION_SHAPE(' ','NAUO PRDDFN',#108);
#7621=PRODUCT_DEFINITION_SHAPE('','',#7642);
#7622=PRODUCT_DEFINITION_SHAPE(' ','NAUO PRDDFN',#109);
#7623=PRODUCT_DEFINITION_SHAPE('','',#7643);
#7624=PRODUCT_DEFINITION_SHAPE(' ','NAUO PRDDFN',#110);
#7625=PRODUCT_DEFINITION_SHAPE('','',#7644);
#7626=PRODUCT_DEFINITION_SHAPE(' ','NAUO PRDDFN',#111);
#7627=PRODUCT_DEFINITION_SHAPE('','',#7645);
#7628=PRODUCT_DEFINITION_SHAPE(' ','NAUO PRDDFN',#112);
#7629=PRODUCT_DEFINITION_SHAPE('','',#7646);
#7630=PRODUCT_DEFINITION_SHAPE(' ','NAUO PRDDFN',#113);
#7631=PRODUCT_DEFINITION('','',#7663,#7647);
#7632=PRODUCT_DEFINITION('','',#7664,#7648);
#7633=PRODUCT_DEFINITION('','',#7665,#7649);
#7634=PRODUCT_DEFINITION('','',#7666,#7650);
#7635=PRODUCT_DEFINITION('','',#7667,#7651);
#7636=PRODUCT_DEFINITION('','',#7668,#7652);
#7637=PRODUCT_DEFINITION('','',#7669,#7653);
#7638=PRODUCT_DEFINITION('','',#7670,#7654);
#7639=PRODUCT_DEFINITION('','',#7671,#7655);
#7640=PRODUCT_DEFINITION('','',#7672,#7656);
#7641=PRODUCT_DEFINITION('','',#7673,#7657);
#7642=PRODUCT_DEFINITION('','',#7674,#7658);
#7643=PRODUCT_DEFINITION('','',#7675,#7659);
#7644=PRODUCT_DEFINITION('','',#7676,#7660);
#7645=PRODUCT_DEFINITION('','',#7677,#7661);
#7646=PRODUCT_DEFINITION('','',#7678,#7662);
#7647=PRODUCT_DEFINITION_CONTEXT('',#7744,'design');
#7648=PRODUCT_DEFINITION_CONTEXT('',#7744,'design');
#7649=PRODUCT_DEFINITION_CONTEXT('',#7744,'design');
#7650=PRODUCT_DEFINITION_CONTEXT('',#7744,'design');
#7651=PRODUCT_DEFINITION_CONTEXT('',#7744,'design');
#7652=PRODUCT_DEFINITION_CONTEXT('',#7744,'design');
#7653=PRODUCT_DEFINITION_CONTEXT('',#7744,'design');
#7654=PRODUCT_DEFINITION_CONTEXT('',#7744,'design');
#7655=PRODUCT_DEFINITION_CONTEXT('',#7744,'design');
#7656=PRODUCT_DEFINITION_CONTEXT('',#7744,'design');
#7657=PRODUCT_DEFINITION_CONTEXT('',#7744,'design');
#7658=PRODUCT_DEFINITION_CONTEXT('',#7744,'design');
#7659=PRODUCT_DEFINITION_CONTEXT('',#7744,'design');
#7660=PRODUCT_DEFINITION_CONTEXT('',#7744,'design');
#7661=PRODUCT_DEFINITION_CONTEXT('',#7744,'design');
#7662=PRODUCT_DEFINITION_CONTEXT('',#7744,'design');
#7663=PRODUCT_DEFINITION_FORMATION_WITH_SPECIFIED_SOURCE('','',#7695,
 .NOT_KNOWN.);
#7664=PRODUCT_DEFINITION_FORMATION_WITH_SPECIFIED_SOURCE('','',#7696,
 .NOT_KNOWN.);
#7665=PRODUCT_DEFINITION_FORMATION_WITH_SPECIFIED_SOURCE('','',#7697,
 .NOT_KNOWN.);
#7666=PRODUCT_DEFINITION_FORMATION_WITH_SPECIFIED_SOURCE('','',#7698,
 .NOT_KNOWN.);
#7667=PRODUCT_DEFINITION_FORMATION_WITH_SPECIFIED_SOURCE('','',#7699,
 .NOT_KNOWN.);
#7668=PRODUCT_DEFINITION_FORMATION_WITH_SPECIFIED_SOURCE('','',#7700,
 .NOT_KNOWN.);
#7669=PRODUCT_DEFINITION_FORMATION_WITH_SPECIFIED_SOURCE('','',#7701,
 .NOT_KNOWN.);
#7670=PRODUCT_DEFINITION_FORMATION_WITH_SPECIFIED_SOURCE('','',#7702,
 .NOT_KNOWN.);
#7671=PRODUCT_DEFINITION_FORMATION_WITH_SPECIFIED_SOURCE('','',#7703,
 .NOT_KNOWN.);
#7672=PRODUCT_DEFINITION_FORMATION_WITH_SPECIFIED_SOURCE('','',#7704,
 .NOT_KNOWN.);
#7673=PRODUCT_DEFINITION_FORMATION_WITH_SPECIFIED_SOURCE('','',#7705,
 .NOT_KNOWN.);
#7674=PRODUCT_DEFINITION_FORMATION_WITH_SPECIFIED_SOURCE('','',#7706,
 .NOT_KNOWN.);
#7675=PRODUCT_DEFINITION_FORMATION_WITH_SPECIFIED_SOURCE('','',#7707,
 .NOT_KNOWN.);
#7676=PRODUCT_DEFINITION_FORMATION_WITH_SPECIFIED_SOURCE('','',#7708,
 .NOT_KNOWN.);
#7677=PRODUCT_DEFINITION_FORMATION_WITH_SPECIFIED_SOURCE('','',#7709,
 .NOT_KNOWN.);
#7678=PRODUCT_DEFINITION_FORMATION_WITH_SPECIFIED_SOURCE('','',#7710,
 .NOT_KNOWN.);
#7679=PRODUCT_RELATED_PRODUCT_CATEGORY('','',(#7695));
#7680=PRODUCT_RELATED_PRODUCT_CATEGORY('','',(#7696));
#7681=PRODUCT_RELATED_PRODUCT_CATEGORY('','',(#7697));
#7682=PRODUCT_RELATED_PRODUCT_CATEGORY('','',(#7698));
#7683=PRODUCT_RELATED_PRODUCT_CATEGORY('','',(#7699));
#7684=PRODUCT_RELATED_PRODUCT_CATEGORY('','',(#7700));
#7685=PRODUCT_RELATED_PRODUCT_CATEGORY('','',(#7701));
#7686=PRODUCT_RELATED_PRODUCT_CATEGORY('','',(#7702));
#7687=PRODUCT_RELATED_PRODUCT_CATEGORY('','',(#7703));
#7688=PRODUCT_RELATED_PRODUCT_CATEGORY('','',(#7704));
#7689=PRODUCT_RELATED_PRODUCT_CATEGORY('','',(#7705));
#7690=PRODUCT_RELATED_PRODUCT_CATEGORY('','',(#7706));
#7691=PRODUCT_RELATED_PRODUCT_CATEGORY('','',(#7707));
#7692=PRODUCT_RELATED_PRODUCT_CATEGORY('','',(#7708));
#7693=PRODUCT_RELATED_PRODUCT_CATEGORY('','',(#7709));
#7694=PRODUCT_RELATED_PRODUCT_CATEGORY('','',(#7710));
#7695=PRODUCT('0ZCH0110AF2E','0ZCH0110AF2E','0ZCH0110AF2E',(#7727));
#7696=PRODUCT('0ZCH0110AF2E_PART1','0ZCH0110AF2E_PART1',
'0ZCH0110AF2E_PART1',(#7728));
#7697=PRODUCT('0ZCH0110AF2E_PART2','0ZCH0110AF2E_PART2',
'0ZCH0110AF2E_PART2',(#7729));
#7698=PRODUCT('0ZCH0110AF2E_PART3','0ZCH0110AF2E_PART3',
'0ZCH0110AF2E_PART3',(#7730));
#7699=PRODUCT('0ZCH0110AF2E_PART4','0ZCH0110AF2E_PART4',
'0ZCH0110AF2E_PART4',(#7731));
#7700=PRODUCT('0ZCH0110AF2E_PART5','0ZCH0110AF2E_PART5',
'0ZCH0110AF2E_PART5',(#7732));
#7701=PRODUCT('0ZCH0110AF2E_PART6','0ZCH0110AF2E_PART6',
'0ZCH0110AF2E_PART6',(#7733));
#7702=PRODUCT('0ZCH0110AF2E_PART7','0ZCH0110AF2E_PART7',
'0ZCH0110AF2E_PART7',(#7734));
#7703=PRODUCT('0ZCH0110AF2E_PART8','0ZCH0110AF2E_PART8',
'0ZCH0110AF2E_PART8',(#7735));
#7704=PRODUCT('0ZCH0110AF2E_PART9','0ZCH0110AF2E_PART9',
'0ZCH0110AF2E_PART9',(#7736));
#7705=PRODUCT('0ZCH0110AF2E_PART10','0ZCH0110AF2E_PART10',
'0ZCH0110AF2E_PART10',(#7737));
#7706=PRODUCT('0ZCH0110AF2E_PART11','0ZCH0110AF2E_PART11',
'0ZCH0110AF2E_PART11',(#7738));
#7707=PRODUCT('0ZCH0110AF2E_PART12','0ZCH0110AF2E_PART12',
'0ZCH0110AF2E_PART12',(#7739));
#7708=PRODUCT('0ZCH0110AF2E_PART13','0ZCH0110AF2E_PART13',
'0ZCH0110AF2E_PART13',(#7740));
#7709=PRODUCT('0ZCH0110AF2E_PART14','0ZCH0110AF2E_PART14',
'0ZCH0110AF2E_PART14',(#7741));
#7710=PRODUCT('0ZCH0110AF2E_PART15','0ZCH0110AF2E_PART15',
'0ZCH0110AF2E_PART15',(#7742));
#7711=PRODUCT_CATEGORY('','');
#7712=PRODUCT_CATEGORY('','');
#7713=PRODUCT_CATEGORY('','');
#7714=PRODUCT_CATEGORY('','');
#7715=PRODUCT_CATEGORY('','');
#7716=PRODUCT_CATEGORY('','');
#7717=PRODUCT_CATEGORY('','');
#7718=PRODUCT_CATEGORY('','');
#7719=PRODUCT_CATEGORY('','');
#7720=PRODUCT_CATEGORY('','');
#7721=PRODUCT_CATEGORY('','');
#7722=PRODUCT_CATEGORY('','');
#7723=PRODUCT_CATEGORY('','');
#7724=PRODUCT_CATEGORY('','');
#7725=PRODUCT_CATEGORY('','');
#7726=PRODUCT_CATEGORY('','');
#7727=PRODUCT_CONTEXT('',#7744,'mechanical');
#7728=PRODUCT_CONTEXT('',#7744,'mechanical');
#7729=PRODUCT_CONTEXT('',#7744,'mechanical');
#7730=PRODUCT_CONTEXT('',#7744,'mechanical');
#7731=PRODUCT_CONTEXT('',#7744,'mechanical');
#7732=PRODUCT_CONTEXT('',#7744,'mechanical');
#7733=PRODUCT_CONTEXT('',#7744,'mechanical');
#7734=PRODUCT_CONTEXT('',#7744,'mechanical');
#7735=PRODUCT_CONTEXT('',#7744,'mechanical');
#7736=PRODUCT_CONTEXT('',#7744,'mechanical');
#7737=PRODUCT_CONTEXT('',#7744,'mechanical');
#7738=PRODUCT_CONTEXT('',#7744,'mechanical');
#7739=PRODUCT_CONTEXT('',#7744,'mechanical');
#7740=PRODUCT_CONTEXT('',#7744,'mechanical');
#7741=PRODUCT_CONTEXT('',#7744,'mechanical');
#7742=PRODUCT_CONTEXT('',#7744,'mechanical');
#7743=APPLICATION_PROTOCOL_DEFINITION('international standard',
'automotive_design',2010,#7744);
#7744=APPLICATION_CONTEXT(
'core data for automotive mechanical design processes');
ENDSEC;
END-ISO-10303-21;
