ISO-10303-21;
HEADER;
/* Generated by software containing ST-Developer
 * from STEP Tools, Inc. (www.steptools.com) 
 */
/* OPTION: using custom renumber hook */

FILE_DESCRIPTION(
/* description */ ('STEP AP214'),
/* implementation_level */ '2;1');

FILE_NAME(
/* name */ 'TSM-103-01-L-SV',
/* time_stamp */ '2024-10-20T06:35:55+02:00',
/* author */ ('License CC BY-ND 4.0'),
/* organization */ ('CADENAS'),
/* preprocessor_version */ 'ST-DEVELOPER v19.3',
/* originating_system */ 'PARTsolutions',
/* authorisation */ '  ');

FILE_SCHEMA (('AUTOMOTIVE_DESIGN {1 0 10303 214 3 1 1}'));
ENDSEC;

DATA;
#10=PROPERTY_DEFINITION_REPRESENTATION(#14,#12);
#11=PROPERTY_DEFINITION_REPRESENTATION(#15,#13);
#12=REPRESENTATION('',(#16),#2691);
#13=REPRESENTATION('',(#17),#2691);
#14=PROPERTY_DEFINITION('pmi validation property','',#2705);
#15=PROPERTY_DEFINITION('pmi validation property','',#2705);
#16=VALUE_REPRESENTATION_ITEM('number of annotations',COUNT_MEASURE(0.));
#17=VALUE_REPRESENTATION_ITEM('number of views',COUNT_MEASURE(0.));
#18=CYLINDRICAL_SURFACE('',#1776,0.045);
#19=CYLINDRICAL_SURFACE('',#1779,0.045);
#20=CYLINDRICAL_SURFACE('',#1781,0.045);
#21=CYLINDRICAL_SURFACE('',#1789,0.02);
#22=CYLINDRICAL_SURFACE('',#1793,0.02);
#23=CYLINDRICAL_SURFACE('',#1799,0.02);
#24=CIRCLE('',#1765,0.02);
#25=CIRCLE('',#1766,0.045);
#26=CIRCLE('',#1768,0.045);
#27=CIRCLE('',#1769,0.02);
#28=CIRCLE('',#1777,0.045);
#29=CIRCLE('',#1778,0.045);
#30=CIRCLE('',#1780,0.045);
#31=CIRCLE('',#1782,0.045);
#32=CIRCLE('',#1785,0.02);
#33=CIRCLE('',#1788,0.02);
#34=CIRCLE('',#1800,0.02);
#35=CIRCLE('',#1801,0.02);
#36=CONTEXT_DEPENDENT_SHAPE_REPRESENTATION(#42,#2707);
#37=CONTEXT_DEPENDENT_SHAPE_REPRESENTATION(#43,#2709);
#38=CONTEXT_DEPENDENT_SHAPE_REPRESENTATION(#44,#2711);
#39=NEXT_ASSEMBLY_USAGE_OCCURRENCE('NAUO1','TSM-103-01-SV_body',
'TSM-103-01-SV_body',#2712,#2713,'');
#40=NEXT_ASSEMBLY_USAGE_OCCURRENCE('NAUO2','T-1S6-16-L(-01-3-SV)',
'T-1S6-16-L(-01-3-SV)',#2712,#2714,'');
#41=NEXT_ASSEMBLY_USAGE_OCCURRENCE('NAUO3','T-1S6-16-L(-01-3-SV)2',
'T-1S6-16-L(-01-3-SV)2',#2712,#2715,'');
#42=(
REPRESENTATION_RELATIONSHIP(' ',' ',#1703,#1702)
REPRESENTATION_RELATIONSHIP_WITH_TRANSFORMATION(#45)
SHAPE_REPRESENTATION_RELATIONSHIP()
);
#43=(
REPRESENTATION_RELATIONSHIP(' ',' ',#1704,#1702)
REPRESENTATION_RELATIONSHIP_WITH_TRANSFORMATION(#46)
SHAPE_REPRESENTATION_RELATIONSHIP()
);
#44=(
REPRESENTATION_RELATIONSHIP(' ',' ',#1705,#1702)
REPRESENTATION_RELATIONSHIP_WITH_TRANSFORMATION(#47)
SHAPE_REPRESENTATION_RELATIONSHIP()
);
#45=ITEM_DEFINED_TRANSFORMATION(' ',' ',#1706,#1741);
#46=ITEM_DEFINED_TRANSFORMATION(' ',' ',#1706,#1761);
#47=ITEM_DEFINED_TRANSFORMATION(' ',' ',#1706,#1805);
#48=SHAPE_REPRESENTATION_RELATIONSHIP('','',#1703,#51);
#49=SHAPE_REPRESENTATION_RELATIONSHIP('','',#1704,#52);
#50=SHAPE_REPRESENTATION_RELATIONSHIP('','',#1705,#53);
#51=ADVANCED_BREP_SHAPE_REPRESENTATION('',(#1695),#2692);
#52=ADVANCED_BREP_SHAPE_REPRESENTATION('',(#1696),#2693);
#53=ADVANCED_BREP_SHAPE_REPRESENTATION('',(#1697),#2694);
#54=ORIENTED_EDGE('',*,*,#510,.F.);
#55=ORIENTED_EDGE('',*,*,#511,.F.);
#56=ORIENTED_EDGE('',*,*,#512,.F.);
#57=ORIENTED_EDGE('',*,*,#513,.F.);
#58=ORIENTED_EDGE('',*,*,#514,.F.);
#59=ORIENTED_EDGE('',*,*,#515,.F.);
#60=ORIENTED_EDGE('',*,*,#516,.F.);
#61=ORIENTED_EDGE('',*,*,#517,.F.);
#62=ORIENTED_EDGE('',*,*,#518,.F.);
#63=ORIENTED_EDGE('',*,*,#519,.F.);
#64=ORIENTED_EDGE('',*,*,#520,.F.);
#65=ORIENTED_EDGE('',*,*,#521,.F.);
#66=ORIENTED_EDGE('',*,*,#522,.F.);
#67=ORIENTED_EDGE('',*,*,#523,.F.);
#68=ORIENTED_EDGE('',*,*,#524,.T.);
#69=ORIENTED_EDGE('',*,*,#525,.T.);
#70=ORIENTED_EDGE('',*,*,#526,.T.);
#71=ORIENTED_EDGE('',*,*,#527,.F.);
#72=ORIENTED_EDGE('',*,*,#528,.F.);
#73=ORIENTED_EDGE('',*,*,#529,.F.);
#74=ORIENTED_EDGE('',*,*,#530,.T.);
#75=ORIENTED_EDGE('',*,*,#531,.F.);
#76=ORIENTED_EDGE('',*,*,#532,.F.);
#77=ORIENTED_EDGE('',*,*,#533,.F.);
#78=ORIENTED_EDGE('',*,*,#534,.T.);
#79=ORIENTED_EDGE('',*,*,#535,.T.);
#80=ORIENTED_EDGE('',*,*,#536,.T.);
#81=ORIENTED_EDGE('',*,*,#537,.F.);
#82=ORIENTED_EDGE('',*,*,#538,.F.);
#83=ORIENTED_EDGE('',*,*,#539,.F.);
#84=ORIENTED_EDGE('',*,*,#540,.T.);
#85=ORIENTED_EDGE('',*,*,#541,.F.);
#86=ORIENTED_EDGE('',*,*,#542,.T.);
#87=ORIENTED_EDGE('',*,*,#543,.T.);
#88=ORIENTED_EDGE('',*,*,#544,.T.);
#89=ORIENTED_EDGE('',*,*,#545,.T.);
#90=ORIENTED_EDGE('',*,*,#546,.T.);
#91=ORIENTED_EDGE('',*,*,#547,.T.);
#92=ORIENTED_EDGE('',*,*,#548,.T.);
#93=ORIENTED_EDGE('',*,*,#549,.T.);
#94=ORIENTED_EDGE('',*,*,#550,.T.);
#95=ORIENTED_EDGE('',*,*,#551,.T.);
#96=ORIENTED_EDGE('',*,*,#552,.T.);
#97=ORIENTED_EDGE('',*,*,#553,.T.);
#98=ORIENTED_EDGE('',*,*,#554,.T.);
#99=ORIENTED_EDGE('',*,*,#555,.T.);
#100=ORIENTED_EDGE('',*,*,#556,.T.);
#101=ORIENTED_EDGE('',*,*,#557,.F.);
#102=ORIENTED_EDGE('',*,*,#558,.T.);
#103=ORIENTED_EDGE('',*,*,#559,.T.);
#104=ORIENTED_EDGE('',*,*,#560,.T.);
#105=ORIENTED_EDGE('',*,*,#561,.F.);
#106=ORIENTED_EDGE('',*,*,#562,.F.);
#107=ORIENTED_EDGE('',*,*,#563,.F.);
#108=ORIENTED_EDGE('',*,*,#564,.T.);
#109=ORIENTED_EDGE('',*,*,#565,.T.);
#110=ORIENTED_EDGE('',*,*,#566,.T.);
#111=ORIENTED_EDGE('',*,*,#567,.F.);
#112=ORIENTED_EDGE('',*,*,#568,.T.);
#113=ORIENTED_EDGE('',*,*,#569,.T.);
#114=ORIENTED_EDGE('',*,*,#570,.T.);
#115=ORIENTED_EDGE('',*,*,#571,.F.);
#116=ORIENTED_EDGE('',*,*,#572,.F.);
#117=ORIENTED_EDGE('',*,*,#573,.F.);
#118=ORIENTED_EDGE('',*,*,#574,.T.);
#119=ORIENTED_EDGE('',*,*,#573,.T.);
#120=ORIENTED_EDGE('',*,*,#575,.F.);
#121=ORIENTED_EDGE('',*,*,#524,.F.);
#122=ORIENTED_EDGE('',*,*,#576,.F.);
#123=ORIENTED_EDGE('',*,*,#540,.F.);
#124=ORIENTED_EDGE('',*,*,#577,.T.);
#125=ORIENTED_EDGE('',*,*,#557,.T.);
#126=ORIENTED_EDGE('',*,*,#578,.F.);
#127=ORIENTED_EDGE('',*,*,#536,.F.);
#128=ORIENTED_EDGE('',*,*,#579,.T.);
#129=ORIENTED_EDGE('',*,*,#561,.T.);
#130=ORIENTED_EDGE('',*,*,#580,.T.);
#131=ORIENTED_EDGE('',*,*,#563,.T.);
#132=ORIENTED_EDGE('',*,*,#581,.F.);
#133=ORIENTED_EDGE('',*,*,#534,.F.);
#134=ORIENTED_EDGE('',*,*,#582,.F.);
#135=ORIENTED_EDGE('',*,*,#530,.F.);
#136=ORIENTED_EDGE('',*,*,#583,.T.);
#137=ORIENTED_EDGE('',*,*,#567,.T.);
#138=ORIENTED_EDGE('',*,*,#584,.F.);
#139=ORIENTED_EDGE('',*,*,#526,.F.);
#140=ORIENTED_EDGE('',*,*,#585,.T.);
#141=ORIENTED_EDGE('',*,*,#571,.T.);
#142=ORIENTED_EDGE('',*,*,#572,.T.);
#143=ORIENTED_EDGE('',*,*,#585,.F.);
#144=ORIENTED_EDGE('',*,*,#525,.F.);
#145=ORIENTED_EDGE('',*,*,#575,.T.);
#146=ORIENTED_EDGE('',*,*,#550,.F.);
#147=ORIENTED_EDGE('',*,*,#586,.F.);
#148=ORIENTED_EDGE('',*,*,#518,.T.);
#149=ORIENTED_EDGE('',*,*,#587,.T.);
#150=ORIENTED_EDGE('',*,*,#553,.F.);
#151=ORIENTED_EDGE('',*,*,#588,.F.);
#152=ORIENTED_EDGE('',*,*,#519,.T.);
#153=ORIENTED_EDGE('',*,*,#586,.T.);
#154=ORIENTED_EDGE('',*,*,#552,.F.);
#155=ORIENTED_EDGE('',*,*,#589,.F.);
#156=ORIENTED_EDGE('',*,*,#520,.T.);
#157=ORIENTED_EDGE('',*,*,#588,.T.);
#158=ORIENTED_EDGE('',*,*,#546,.F.);
#159=ORIENTED_EDGE('',*,*,#590,.F.);
#160=ORIENTED_EDGE('',*,*,#514,.T.);
#161=ORIENTED_EDGE('',*,*,#591,.T.);
#162=ORIENTED_EDGE('',*,*,#549,.F.);
#163=ORIENTED_EDGE('',*,*,#592,.F.);
#164=ORIENTED_EDGE('',*,*,#515,.T.);
#165=ORIENTED_EDGE('',*,*,#590,.T.);
#166=ORIENTED_EDGE('',*,*,#548,.F.);
#167=ORIENTED_EDGE('',*,*,#593,.F.);
#168=ORIENTED_EDGE('',*,*,#516,.T.);
#169=ORIENTED_EDGE('',*,*,#592,.T.);
#170=ORIENTED_EDGE('',*,*,#542,.F.);
#171=ORIENTED_EDGE('',*,*,#594,.F.);
#172=ORIENTED_EDGE('',*,*,#510,.T.);
#173=ORIENTED_EDGE('',*,*,#595,.T.);
#174=ORIENTED_EDGE('',*,*,#545,.F.);
#175=ORIENTED_EDGE('',*,*,#596,.F.);
#176=ORIENTED_EDGE('',*,*,#511,.T.);
#177=ORIENTED_EDGE('',*,*,#594,.T.);
#178=ORIENTED_EDGE('',*,*,#544,.F.);
#179=ORIENTED_EDGE('',*,*,#597,.F.);
#180=ORIENTED_EDGE('',*,*,#512,.T.);
#181=ORIENTED_EDGE('',*,*,#596,.T.);
#182=ORIENTED_EDGE('',*,*,#551,.F.);
#183=ORIENTED_EDGE('',*,*,#587,.F.);
#184=ORIENTED_EDGE('',*,*,#521,.T.);
#185=ORIENTED_EDGE('',*,*,#589,.T.);
#186=ORIENTED_EDGE('',*,*,#547,.F.);
#187=ORIENTED_EDGE('',*,*,#591,.F.);
#188=ORIENTED_EDGE('',*,*,#517,.T.);
#189=ORIENTED_EDGE('',*,*,#593,.T.);
#190=ORIENTED_EDGE('',*,*,#543,.F.);
#191=ORIENTED_EDGE('',*,*,#595,.F.);
#192=ORIENTED_EDGE('',*,*,#513,.T.);
#193=ORIENTED_EDGE('',*,*,#597,.T.);
#194=ORIENTED_EDGE('',*,*,#562,.T.);
#195=ORIENTED_EDGE('',*,*,#579,.F.);
#196=ORIENTED_EDGE('',*,*,#535,.F.);
#197=ORIENTED_EDGE('',*,*,#581,.T.);
#198=ORIENTED_EDGE('',*,*,#570,.F.);
#199=ORIENTED_EDGE('',*,*,#598,.F.);
#200=ORIENTED_EDGE('',*,*,#527,.T.);
#201=ORIENTED_EDGE('',*,*,#584,.T.);
#202=ORIENTED_EDGE('',*,*,#569,.F.);
#203=ORIENTED_EDGE('',*,*,#599,.F.);
#204=ORIENTED_EDGE('',*,*,#528,.T.);
#205=ORIENTED_EDGE('',*,*,#598,.T.);
#206=ORIENTED_EDGE('',*,*,#568,.F.);
#207=ORIENTED_EDGE('',*,*,#583,.F.);
#208=ORIENTED_EDGE('',*,*,#529,.T.);
#209=ORIENTED_EDGE('',*,*,#599,.T.);
#210=ORIENTED_EDGE('',*,*,#564,.F.);
#211=ORIENTED_EDGE('',*,*,#580,.F.);
#212=ORIENTED_EDGE('',*,*,#533,.T.);
#213=ORIENTED_EDGE('',*,*,#600,.T.);
#214=ORIENTED_EDGE('',*,*,#565,.F.);
#215=ORIENTED_EDGE('',*,*,#600,.F.);
#216=ORIENTED_EDGE('',*,*,#532,.T.);
#217=ORIENTED_EDGE('',*,*,#601,.T.);
#218=ORIENTED_EDGE('',*,*,#566,.F.);
#219=ORIENTED_EDGE('',*,*,#601,.F.);
#220=ORIENTED_EDGE('',*,*,#531,.T.);
#221=ORIENTED_EDGE('',*,*,#582,.T.);
#222=ORIENTED_EDGE('',*,*,#558,.F.);
#223=ORIENTED_EDGE('',*,*,#577,.F.);
#224=ORIENTED_EDGE('',*,*,#539,.T.);
#225=ORIENTED_EDGE('',*,*,#602,.T.);
#226=ORIENTED_EDGE('',*,*,#560,.F.);
#227=ORIENTED_EDGE('',*,*,#603,.F.);
#228=ORIENTED_EDGE('',*,*,#537,.T.);
#229=ORIENTED_EDGE('',*,*,#578,.T.);
#230=ORIENTED_EDGE('',*,*,#559,.F.);
#231=ORIENTED_EDGE('',*,*,#602,.F.);
#232=ORIENTED_EDGE('',*,*,#538,.T.);
#233=ORIENTED_EDGE('',*,*,#603,.T.);
#234=ORIENTED_EDGE('',*,*,#554,.F.);
#235=ORIENTED_EDGE('',*,*,#574,.F.);
#236=ORIENTED_EDGE('',*,*,#523,.T.);
#237=ORIENTED_EDGE('',*,*,#604,.T.);
#238=ORIENTED_EDGE('',*,*,#555,.F.);
#239=ORIENTED_EDGE('',*,*,#604,.F.);
#240=ORIENTED_EDGE('',*,*,#522,.T.);
#241=ORIENTED_EDGE('',*,*,#605,.T.);
#242=ORIENTED_EDGE('',*,*,#556,.F.);
#243=ORIENTED_EDGE('',*,*,#605,.F.);
#244=ORIENTED_EDGE('',*,*,#541,.T.);
#245=ORIENTED_EDGE('',*,*,#576,.T.);
#246=ORIENTED_EDGE('',*,*,#606,.F.);
#247=ORIENTED_EDGE('',*,*,#607,.F.);
#248=ORIENTED_EDGE('',*,*,#608,.T.);
#249=ORIENTED_EDGE('',*,*,#609,.T.);
#250=ORIENTED_EDGE('',*,*,#610,.F.);
#251=ORIENTED_EDGE('',*,*,#611,.T.);
#252=ORIENTED_EDGE('',*,*,#612,.F.);
#253=ORIENTED_EDGE('',*,*,#613,.F.);
#254=ORIENTED_EDGE('',*,*,#607,.T.);
#255=ORIENTED_EDGE('',*,*,#614,.T.);
#256=ORIENTED_EDGE('',*,*,#613,.T.);
#257=ORIENTED_EDGE('',*,*,#615,.T.);
#258=ORIENTED_EDGE('',*,*,#616,.T.);
#259=ORIENTED_EDGE('',*,*,#617,.T.);
#260=ORIENTED_EDGE('',*,*,#618,.T.);
#261=ORIENTED_EDGE('',*,*,#619,.T.);
#262=ORIENTED_EDGE('',*,*,#620,.F.);
#263=ORIENTED_EDGE('',*,*,#609,.F.);
#264=ORIENTED_EDGE('',*,*,#621,.F.);
#265=ORIENTED_EDGE('',*,*,#622,.F.);
#266=ORIENTED_EDGE('',*,*,#623,.F.);
#267=ORIENTED_EDGE('',*,*,#624,.F.);
#268=ORIENTED_EDGE('',*,*,#625,.F.);
#269=ORIENTED_EDGE('',*,*,#611,.F.);
#270=ORIENTED_EDGE('',*,*,#626,.F.);
#271=ORIENTED_EDGE('',*,*,#627,.T.);
#272=ORIENTED_EDGE('',*,*,#624,.T.);
#273=ORIENTED_EDGE('',*,*,#628,.F.);
#274=ORIENTED_EDGE('',*,*,#629,.F.);
#275=ORIENTED_EDGE('',*,*,#630,.F.);
#276=ORIENTED_EDGE('',*,*,#631,.F.);
#277=ORIENTED_EDGE('',*,*,#632,.T.);
#278=ORIENTED_EDGE('',*,*,#633,.F.);
#279=ORIENTED_EDGE('',*,*,#634,.T.);
#280=ORIENTED_EDGE('',*,*,#622,.T.);
#281=ORIENTED_EDGE('',*,*,#635,.T.);
#282=ORIENTED_EDGE('',*,*,#636,.F.);
#283=ORIENTED_EDGE('',*,*,#637,.T.);
#284=ORIENTED_EDGE('',*,*,#638,.F.);
#285=ORIENTED_EDGE('',*,*,#639,.T.);
#286=ORIENTED_EDGE('',*,*,#640,.F.);
#287=ORIENTED_EDGE('',*,*,#628,.T.);
#288=ORIENTED_EDGE('',*,*,#623,.T.);
#289=ORIENTED_EDGE('',*,*,#634,.F.);
#290=ORIENTED_EDGE('',*,*,#641,.F.);
#291=ORIENTED_EDGE('',*,*,#639,.F.);
#292=ORIENTED_EDGE('',*,*,#642,.F.);
#293=ORIENTED_EDGE('',*,*,#630,.T.);
#294=ORIENTED_EDGE('',*,*,#643,.F.);
#295=ORIENTED_EDGE('',*,*,#644,.F.);
#296=ORIENTED_EDGE('',*,*,#616,.F.);
#297=ORIENTED_EDGE('',*,*,#645,.T.);
#298=ORIENTED_EDGE('',*,*,#646,.F.);
#299=ORIENTED_EDGE('',*,*,#647,.T.);
#300=ORIENTED_EDGE('',*,*,#618,.F.);
#301=ORIENTED_EDGE('',*,*,#648,.T.);
#302=ORIENTED_EDGE('',*,*,#649,.F.);
#303=ORIENTED_EDGE('',*,*,#648,.F.);
#304=ORIENTED_EDGE('',*,*,#617,.F.);
#305=ORIENTED_EDGE('',*,*,#644,.T.);
#306=ORIENTED_EDGE('',*,*,#627,.F.);
#307=ORIENTED_EDGE('',*,*,#650,.F.);
#308=ORIENTED_EDGE('',*,*,#635,.F.);
#309=ORIENTED_EDGE('',*,*,#621,.T.);
#310=ORIENTED_EDGE('',*,*,#608,.F.);
#311=ORIENTED_EDGE('',*,*,#619,.F.);
#312=ORIENTED_EDGE('',*,*,#647,.F.);
#313=ORIENTED_EDGE('',*,*,#651,.T.);
#314=ORIENTED_EDGE('',*,*,#645,.F.);
#315=ORIENTED_EDGE('',*,*,#615,.F.);
#316=ORIENTED_EDGE('',*,*,#612,.T.);
#317=ORIENTED_EDGE('',*,*,#625,.T.);
#318=ORIENTED_EDGE('',*,*,#652,.T.);
#319=ORIENTED_EDGE('',*,*,#632,.F.);
#320=ORIENTED_EDGE('',*,*,#653,.T.);
#321=ORIENTED_EDGE('',*,*,#637,.F.);
#322=ORIENTED_EDGE('',*,*,#631,.T.);
#323=ORIENTED_EDGE('',*,*,#642,.T.);
#324=ORIENTED_EDGE('',*,*,#638,.T.);
#325=ORIENTED_EDGE('',*,*,#653,.F.);
#326=ORIENTED_EDGE('',*,*,#643,.T.);
#327=ORIENTED_EDGE('',*,*,#651,.F.);
#328=ORIENTED_EDGE('',*,*,#646,.T.);
#329=ORIENTED_EDGE('',*,*,#649,.T.);
#330=ORIENTED_EDGE('',*,*,#626,.T.);
#331=ORIENTED_EDGE('',*,*,#640,.T.);
#332=ORIENTED_EDGE('',*,*,#633,.T.);
#333=ORIENTED_EDGE('',*,*,#650,.T.);
#334=ORIENTED_EDGE('',*,*,#629,.T.);
#335=ORIENTED_EDGE('',*,*,#652,.F.);
#336=ORIENTED_EDGE('',*,*,#636,.T.);
#337=ORIENTED_EDGE('',*,*,#641,.T.);
#338=ORIENTED_EDGE('',*,*,#606,.T.);
#339=ORIENTED_EDGE('',*,*,#620,.T.);
#340=ORIENTED_EDGE('',*,*,#610,.T.);
#341=ORIENTED_EDGE('',*,*,#614,.F.);
#342=ORIENTED_EDGE('',*,*,#654,.F.);
#343=ORIENTED_EDGE('',*,*,#655,.T.);
#344=ORIENTED_EDGE('',*,*,#656,.F.);
#345=ORIENTED_EDGE('',*,*,#657,.F.);
#346=ORIENTED_EDGE('',*,*,#658,.F.);
#347=ORIENTED_EDGE('',*,*,#659,.F.);
#348=ORIENTED_EDGE('',*,*,#660,.T.);
#349=ORIENTED_EDGE('',*,*,#661,.T.);
#350=ORIENTED_EDGE('',*,*,#659,.T.);
#351=ORIENTED_EDGE('',*,*,#662,.T.);
#352=ORIENTED_EDGE('',*,*,#657,.T.);
#353=ORIENTED_EDGE('',*,*,#663,.T.);
#354=ORIENTED_EDGE('',*,*,#664,.T.);
#355=ORIENTED_EDGE('',*,*,#665,.F.);
#356=ORIENTED_EDGE('',*,*,#666,.T.);
#357=ORIENTED_EDGE('',*,*,#667,.T.);
#358=ORIENTED_EDGE('',*,*,#668,.T.);
#359=ORIENTED_EDGE('',*,*,#669,.F.);
#360=ORIENTED_EDGE('',*,*,#670,.T.);
#361=ORIENTED_EDGE('',*,*,#671,.T.);
#362=ORIENTED_EDGE('',*,*,#672,.F.);
#363=ORIENTED_EDGE('',*,*,#661,.F.);
#364=ORIENTED_EDGE('',*,*,#673,.F.);
#365=ORIENTED_EDGE('',*,*,#674,.F.);
#366=ORIENTED_EDGE('',*,*,#675,.T.);
#367=ORIENTED_EDGE('',*,*,#676,.F.);
#368=ORIENTED_EDGE('',*,*,#677,.F.);
#369=ORIENTED_EDGE('',*,*,#678,.F.);
#370=ORIENTED_EDGE('',*,*,#679,.T.);
#371=ORIENTED_EDGE('',*,*,#680,.F.);
#372=ORIENTED_EDGE('',*,*,#681,.F.);
#373=ORIENTED_EDGE('',*,*,#655,.F.);
#374=ORIENTED_EDGE('',*,*,#682,.F.);
#375=ORIENTED_EDGE('',*,*,#683,.T.);
#376=ORIENTED_EDGE('',*,*,#680,.T.);
#377=ORIENTED_EDGE('',*,*,#684,.F.);
#378=ORIENTED_EDGE('',*,*,#685,.F.);
#379=ORIENTED_EDGE('',*,*,#686,.F.);
#380=ORIENTED_EDGE('',*,*,#664,.F.);
#381=ORIENTED_EDGE('',*,*,#687,.T.);
#382=ORIENTED_EDGE('',*,*,#688,.F.);
#383=ORIENTED_EDGE('',*,*,#689,.T.);
#384=ORIENTED_EDGE('',*,*,#690,.F.);
#385=ORIENTED_EDGE('',*,*,#691,.F.);
#386=ORIENTED_EDGE('',*,*,#692,.F.);
#387=ORIENTED_EDGE('',*,*,#693,.F.);
#388=ORIENTED_EDGE('',*,*,#674,.T.);
#389=ORIENTED_EDGE('',*,*,#694,.T.);
#390=ORIENTED_EDGE('',*,*,#695,.F.);
#391=ORIENTED_EDGE('',*,*,#696,.T.);
#392=ORIENTED_EDGE('',*,*,#670,.F.);
#393=ORIENTED_EDGE('',*,*,#697,.T.);
#394=ORIENTED_EDGE('',*,*,#698,.F.);
#395=ORIENTED_EDGE('',*,*,#699,.T.);
#396=ORIENTED_EDGE('',*,*,#700,.F.);
#397=ORIENTED_EDGE('',*,*,#701,.T.);
#398=ORIENTED_EDGE('',*,*,#702,.T.);
#399=ORIENTED_EDGE('',*,*,#691,.T.);
#400=ORIENTED_EDGE('',*,*,#703,.T.);
#401=ORIENTED_EDGE('',*,*,#704,.F.);
#402=ORIENTED_EDGE('',*,*,#705,.F.);
#403=ORIENTED_EDGE('',*,*,#697,.F.);
#404=ORIENTED_EDGE('',*,*,#669,.T.);
#405=ORIENTED_EDGE('',*,*,#706,.F.);
#406=ORIENTED_EDGE('',*,*,#693,.T.);
#407=ORIENTED_EDGE('',*,*,#707,.F.);
#408=ORIENTED_EDGE('',*,*,#708,.F.);
#409=ORIENTED_EDGE('',*,*,#675,.F.);
#410=ORIENTED_EDGE('',*,*,#708,.T.);
#411=ORIENTED_EDGE('',*,*,#709,.T.);
#412=ORIENTED_EDGE('',*,*,#710,.T.);
#413=ORIENTED_EDGE('',*,*,#676,.T.);
#414=ORIENTED_EDGE('',*,*,#709,.F.);
#415=ORIENTED_EDGE('',*,*,#707,.T.);
#416=ORIENTED_EDGE('',*,*,#692,.T.);
#417=ORIENTED_EDGE('',*,*,#711,.F.);
#418=ORIENTED_EDGE('',*,*,#682,.T.);
#419=ORIENTED_EDGE('',*,*,#712,.T.);
#420=ORIENTED_EDGE('',*,*,#713,.F.);
#421=ORIENTED_EDGE('',*,*,#714,.F.);
#422=ORIENTED_EDGE('',*,*,#706,.T.);
#423=ORIENTED_EDGE('',*,*,#668,.F.);
#424=ORIENTED_EDGE('',*,*,#715,.T.);
#425=ORIENTED_EDGE('',*,*,#716,.T.);
#426=ORIENTED_EDGE('',*,*,#717,.T.);
#427=ORIENTED_EDGE('',*,*,#685,.T.);
#428=ORIENTED_EDGE('',*,*,#718,.T.);
#429=ORIENTED_EDGE('',*,*,#695,.T.);
#430=ORIENTED_EDGE('',*,*,#705,.T.);
#431=ORIENTED_EDGE('',*,*,#716,.F.);
#432=ORIENTED_EDGE('',*,*,#719,.F.);
#433=ORIENTED_EDGE('',*,*,#720,.F.);
#434=ORIENTED_EDGE('',*,*,#712,.F.);
#435=ORIENTED_EDGE('',*,*,#684,.T.);
#436=ORIENTED_EDGE('',*,*,#679,.F.);
#437=ORIENTED_EDGE('',*,*,#721,.F.);
#438=ORIENTED_EDGE('',*,*,#722,.F.);
#439=ORIENTED_EDGE('',*,*,#713,.T.);
#440=ORIENTED_EDGE('',*,*,#721,.T.);
#441=ORIENTED_EDGE('',*,*,#678,.T.);
#442=ORIENTED_EDGE('',*,*,#710,.F.);
#443=ORIENTED_EDGE('',*,*,#714,.T.);
#444=ORIENTED_EDGE('',*,*,#722,.T.);
#445=ORIENTED_EDGE('',*,*,#677,.T.);
#446=ORIENTED_EDGE('',*,*,#673,.T.);
#447=ORIENTED_EDGE('',*,*,#660,.F.);
#448=ORIENTED_EDGE('',*,*,#671,.F.);
#449=ORIENTED_EDGE('',*,*,#696,.F.);
#450=ORIENTED_EDGE('',*,*,#718,.F.);
#451=ORIENTED_EDGE('',*,*,#687,.F.);
#452=ORIENTED_EDGE('',*,*,#663,.F.);
#453=ORIENTED_EDGE('',*,*,#656,.T.);
#454=ORIENTED_EDGE('',*,*,#681,.T.);
#455=ORIENTED_EDGE('',*,*,#683,.F.);
#456=ORIENTED_EDGE('',*,*,#711,.T.);
#457=ORIENTED_EDGE('',*,*,#694,.F.);
#458=ORIENTED_EDGE('',*,*,#723,.T.);
#459=ORIENTED_EDGE('',*,*,#701,.F.);
#460=ORIENTED_EDGE('',*,*,#724,.F.);
#461=ORIENTED_EDGE('',*,*,#689,.F.);
#462=ORIENTED_EDGE('',*,*,#717,.F.);
#463=ORIENTED_EDGE('',*,*,#725,.F.);
#464=ORIENTED_EDGE('',*,*,#665,.T.);
#465=ORIENTED_EDGE('',*,*,#686,.T.);
#466=ORIENTED_EDGE('',*,*,#725,.T.);
#467=ORIENTED_EDGE('',*,*,#720,.T.);
#468=ORIENTED_EDGE('',*,*,#726,.F.);
#469=ORIENTED_EDGE('',*,*,#666,.F.);
#470=ORIENTED_EDGE('',*,*,#726,.T.);
#471=ORIENTED_EDGE('',*,*,#719,.T.);
#472=ORIENTED_EDGE('',*,*,#715,.F.);
#473=ORIENTED_EDGE('',*,*,#667,.F.);
#474=ORIENTED_EDGE('',*,*,#704,.T.);
#475=ORIENTED_EDGE('',*,*,#727,.T.);
#476=ORIENTED_EDGE('',*,*,#728,.F.);
#477=ORIENTED_EDGE('',*,*,#729,.T.);
#478=ORIENTED_EDGE('',*,*,#728,.T.);
#479=ORIENTED_EDGE('',*,*,#730,.T.);
#480=ORIENTED_EDGE('',*,*,#731,.F.);
#481=ORIENTED_EDGE('',*,*,#732,.T.);
#482=ORIENTED_EDGE('',*,*,#731,.T.);
#483=ORIENTED_EDGE('',*,*,#733,.T.);
#484=ORIENTED_EDGE('',*,*,#734,.F.);
#485=ORIENTED_EDGE('',*,*,#735,.T.);
#486=ORIENTED_EDGE('',*,*,#736,.F.);
#487=ORIENTED_EDGE('',*,*,#699,.F.);
#488=ORIENTED_EDGE('',*,*,#737,.F.);
#489=ORIENTED_EDGE('',*,*,#734,.T.);
#490=ORIENTED_EDGE('',*,*,#737,.T.);
#491=ORIENTED_EDGE('',*,*,#698,.T.);
#492=ORIENTED_EDGE('',*,*,#723,.F.);
#493=ORIENTED_EDGE('',*,*,#688,.T.);
#494=ORIENTED_EDGE('',*,*,#702,.F.);
#495=ORIENTED_EDGE('',*,*,#729,.F.);
#496=ORIENTED_EDGE('',*,*,#732,.F.);
#497=ORIENTED_EDGE('',*,*,#735,.F.);
#498=ORIENTED_EDGE('',*,*,#736,.T.);
#499=ORIENTED_EDGE('',*,*,#733,.F.);
#500=ORIENTED_EDGE('',*,*,#730,.F.);
#501=ORIENTED_EDGE('',*,*,#727,.F.);
#502=ORIENTED_EDGE('',*,*,#703,.F.);
#503=ORIENTED_EDGE('',*,*,#690,.T.);
#504=ORIENTED_EDGE('',*,*,#724,.T.);
#505=ORIENTED_EDGE('',*,*,#700,.T.);
#506=ORIENTED_EDGE('',*,*,#658,.T.);
#507=ORIENTED_EDGE('',*,*,#672,.T.);
#508=ORIENTED_EDGE('',*,*,#654,.T.);
#509=ORIENTED_EDGE('',*,*,#662,.F.);
#510=EDGE_CURVE('',#738,#739,#890,.T.);
#511=EDGE_CURVE('',#740,#738,#891,.T.);
#512=EDGE_CURVE('',#741,#740,#892,.T.);
#513=EDGE_CURVE('',#739,#741,#893,.T.);
#514=EDGE_CURVE('',#742,#743,#894,.T.);
#515=EDGE_CURVE('',#744,#742,#895,.T.);
#516=EDGE_CURVE('',#745,#744,#896,.T.);
#517=EDGE_CURVE('',#743,#745,#897,.T.);
#518=EDGE_CURVE('',#746,#747,#898,.T.);
#519=EDGE_CURVE('',#748,#746,#899,.T.);
#520=EDGE_CURVE('',#749,#748,#900,.T.);
#521=EDGE_CURVE('',#747,#749,#901,.T.);
#522=EDGE_CURVE('',#750,#751,#902,.T.);
#523=EDGE_CURVE('',#752,#750,#903,.T.);
#524=EDGE_CURVE('',#752,#753,#904,.T.);
#525=EDGE_CURVE('',#753,#754,#905,.T.);
#526=EDGE_CURVE('',#754,#755,#906,.T.);
#527=EDGE_CURVE('',#756,#755,#907,.T.);
#528=EDGE_CURVE('',#757,#756,#908,.T.);
#529=EDGE_CURVE('',#758,#757,#909,.T.);
#530=EDGE_CURVE('',#758,#759,#910,.T.);
#531=EDGE_CURVE('',#760,#759,#911,.T.);
#532=EDGE_CURVE('',#761,#760,#912,.T.);
#533=EDGE_CURVE('',#762,#761,#913,.T.);
#534=EDGE_CURVE('',#762,#763,#914,.T.);
#535=EDGE_CURVE('',#763,#764,#915,.T.);
#536=EDGE_CURVE('',#764,#765,#916,.T.);
#537=EDGE_CURVE('',#766,#765,#917,.T.);
#538=EDGE_CURVE('',#767,#766,#918,.T.);
#539=EDGE_CURVE('',#768,#767,#919,.T.);
#540=EDGE_CURVE('',#768,#769,#920,.T.);
#541=EDGE_CURVE('',#751,#769,#921,.T.);
#542=EDGE_CURVE('',#770,#771,#922,.T.);
#543=EDGE_CURVE('',#771,#772,#923,.T.);
#544=EDGE_CURVE('',#772,#773,#924,.T.);
#545=EDGE_CURVE('',#773,#770,#925,.T.);
#546=EDGE_CURVE('',#774,#775,#926,.T.);
#547=EDGE_CURVE('',#775,#776,#927,.T.);
#548=EDGE_CURVE('',#776,#777,#928,.T.);
#549=EDGE_CURVE('',#777,#774,#929,.T.);
#550=EDGE_CURVE('',#778,#779,#930,.T.);
#551=EDGE_CURVE('',#779,#780,#931,.T.);
#552=EDGE_CURVE('',#780,#781,#932,.T.);
#553=EDGE_CURVE('',#781,#778,#933,.T.);
#554=EDGE_CURVE('',#782,#783,#934,.T.);
#555=EDGE_CURVE('',#783,#784,#935,.T.);
#556=EDGE_CURVE('',#784,#785,#936,.T.);
#557=EDGE_CURVE('',#786,#785,#937,.T.);
#558=EDGE_CURVE('',#786,#787,#938,.T.);
#559=EDGE_CURVE('',#787,#788,#939,.T.);
#560=EDGE_CURVE('',#788,#789,#940,.T.);
#561=EDGE_CURVE('',#790,#789,#941,.T.);
#562=EDGE_CURVE('',#791,#790,#942,.T.);
#563=EDGE_CURVE('',#792,#791,#943,.T.);
#564=EDGE_CURVE('',#792,#793,#944,.T.);
#565=EDGE_CURVE('',#793,#794,#945,.T.);
#566=EDGE_CURVE('',#794,#795,#946,.T.);
#567=EDGE_CURVE('',#796,#795,#947,.T.);
#568=EDGE_CURVE('',#796,#797,#948,.T.);
#569=EDGE_CURVE('',#797,#798,#949,.T.);
#570=EDGE_CURVE('',#798,#799,#950,.T.);
#571=EDGE_CURVE('',#800,#799,#951,.T.);
#572=EDGE_CURVE('',#801,#800,#952,.T.);
#573=EDGE_CURVE('',#782,#801,#953,.T.);
#574=EDGE_CURVE('',#752,#782,#954,.T.);
#575=EDGE_CURVE('',#753,#801,#955,.T.);
#576=EDGE_CURVE('',#769,#785,#956,.T.);
#577=EDGE_CURVE('',#768,#786,#957,.T.);
#578=EDGE_CURVE('',#765,#789,#958,.T.);
#579=EDGE_CURVE('',#764,#790,#959,.T.);
#580=EDGE_CURVE('',#762,#792,#960,.T.);
#581=EDGE_CURVE('',#763,#791,#961,.T.);
#582=EDGE_CURVE('',#759,#795,#962,.T.);
#583=EDGE_CURVE('',#758,#796,#963,.T.);
#584=EDGE_CURVE('',#755,#799,#964,.T.);
#585=EDGE_CURVE('',#754,#800,#965,.T.);
#586=EDGE_CURVE('',#746,#778,#966,.T.);
#587=EDGE_CURVE('',#747,#779,#967,.T.);
#588=EDGE_CURVE('',#748,#781,#968,.T.);
#589=EDGE_CURVE('',#749,#780,#969,.T.);
#590=EDGE_CURVE('',#742,#774,#970,.T.);
#591=EDGE_CURVE('',#743,#775,#971,.T.);
#592=EDGE_CURVE('',#744,#777,#972,.T.);
#593=EDGE_CURVE('',#745,#776,#973,.T.);
#594=EDGE_CURVE('',#738,#770,#974,.T.);
#595=EDGE_CURVE('',#739,#771,#975,.T.);
#596=EDGE_CURVE('',#740,#773,#976,.T.);
#597=EDGE_CURVE('',#741,#772,#977,.T.);
#598=EDGE_CURVE('',#756,#798,#978,.T.);
#599=EDGE_CURVE('',#757,#797,#979,.T.);
#600=EDGE_CURVE('',#761,#793,#980,.T.);
#601=EDGE_CURVE('',#760,#794,#981,.T.);
#602=EDGE_CURVE('',#767,#787,#982,.T.);
#603=EDGE_CURVE('',#766,#788,#983,.T.);
#604=EDGE_CURVE('',#750,#783,#984,.T.);
#605=EDGE_CURVE('',#751,#784,#985,.T.);
#606=EDGE_CURVE('',#802,#803,#986,.T.);
#607=EDGE_CURVE('',#804,#802,#987,.T.);
#608=EDGE_CURVE('',#804,#805,#988,.T.);
#609=EDGE_CURVE('',#805,#803,#989,.T.);
#610=EDGE_CURVE('',#806,#807,#990,.T.);
#611=EDGE_CURVE('',#806,#808,#991,.T.);
#612=EDGE_CURVE('',#809,#808,#992,.T.);
#613=EDGE_CURVE('',#807,#809,#993,.T.);
#614=EDGE_CURVE('',#802,#807,#994,.T.);
#615=EDGE_CURVE('',#809,#810,#995,.T.);
#616=EDGE_CURVE('',#810,#811,#996,.T.);
#617=EDGE_CURVE('',#811,#812,#997,.T.);
#618=EDGE_CURVE('',#812,#813,#998,.T.);
#619=EDGE_CURVE('',#813,#804,#999,.T.);
#620=EDGE_CURVE('',#803,#806,#1000,.T.);
#621=EDGE_CURVE('',#814,#805,#1001,.T.);
#622=EDGE_CURVE('',#815,#814,#1002,.T.);
#623=EDGE_CURVE('',#816,#815,#1003,.T.);
#624=EDGE_CURVE('',#817,#816,#1004,.T.);
#625=EDGE_CURVE('',#808,#817,#1005,.T.);
#626=EDGE_CURVE('',#818,#819,#1006,.T.);
#627=EDGE_CURVE('',#818,#817,#1007,.T.);
#628=EDGE_CURVE('',#819,#816,#1008,.T.);
#629=EDGE_CURVE('',#820,#821,#1009,.T.);
#630=EDGE_CURVE('',#822,#820,#1010,.T.);
#631=EDGE_CURVE('',#823,#822,#1011,.T.);
#632=EDGE_CURVE('',#823,#821,#1012,.T.);
#633=EDGE_CURVE('',#824,#825,#1013,.T.);
#634=EDGE_CURVE('',#824,#815,#1014,.T.);
#635=EDGE_CURVE('',#814,#825,#1015,.T.);
#636=EDGE_CURVE('',#826,#827,#1016,.T.);
#637=EDGE_CURVE('',#826,#828,#1017,.T.);
#638=EDGE_CURVE('',#829,#828,#1018,.T.);
#639=EDGE_CURVE('',#829,#827,#1019,.T.);
#640=EDGE_CURVE('',#819,#824,#1020,.T.);
#641=EDGE_CURVE('',#827,#820,#1021,.T.);
#642=EDGE_CURVE('',#822,#829,#1022,.T.);
#643=EDGE_CURVE('',#830,#831,#1023,.T.);
#644=EDGE_CURVE('',#811,#830,#1024,.T.);
#645=EDGE_CURVE('',#810,#831,#1025,.T.);
#646=EDGE_CURVE('',#832,#833,#1026,.T.);
#647=EDGE_CURVE('',#832,#813,#1027,.T.);
#648=EDGE_CURVE('',#812,#833,#1028,.T.);
#649=EDGE_CURVE('',#833,#830,#1029,.T.);
#650=EDGE_CURVE('',#825,#818,#1030,.T.);
#651=EDGE_CURVE('',#832,#831,#1031,.T.);
#652=EDGE_CURVE('',#826,#821,#1032,.T.);
#653=EDGE_CURVE('',#823,#828,#1033,.T.);
#654=EDGE_CURVE('',#834,#835,#1034,.T.);
#655=EDGE_CURVE('',#834,#836,#1035,.T.);
#656=EDGE_CURVE('',#837,#836,#1036,.T.);
#657=EDGE_CURVE('',#835,#837,#1037,.T.);
#658=EDGE_CURVE('',#838,#839,#1038,.T.);
#659=EDGE_CURVE('',#840,#838,#1039,.T.);
#660=EDGE_CURVE('',#840,#841,#1040,.T.);
#661=EDGE_CURVE('',#841,#839,#1041,.T.);
#662=EDGE_CURVE('',#838,#835,#1042,.T.);
#663=EDGE_CURVE('',#837,#842,#1043,.T.);
#664=EDGE_CURVE('',#842,#843,#1044,.T.);
#665=EDGE_CURVE('',#844,#843,#24,.T.);
#666=EDGE_CURVE('',#844,#845,#1045,.T.);
#667=EDGE_CURVE('',#845,#846,#1046,.T.);
#668=EDGE_CURVE('',#846,#847,#1047,.T.);
#669=EDGE_CURVE('',#848,#847,#25,.F.);
#670=EDGE_CURVE('',#848,#849,#1048,.T.);
#671=EDGE_CURVE('',#849,#840,#1049,.T.);
#672=EDGE_CURVE('',#839,#834,#1050,.T.);
#673=EDGE_CURVE('',#850,#841,#1051,.T.);
#674=EDGE_CURVE('',#851,#850,#1052,.T.);
#675=EDGE_CURVE('',#851,#852,#26,.F.);
#676=EDGE_CURVE('',#853,#852,#1053,.T.);
#677=EDGE_CURVE('',#854,#853,#1054,.T.);
#678=EDGE_CURVE('',#855,#854,#1055,.T.);
#679=EDGE_CURVE('',#855,#856,#27,.T.);
#680=EDGE_CURVE('',#857,#856,#1056,.T.);
#681=EDGE_CURVE('',#836,#857,#1057,.T.);
#682=EDGE_CURVE('',#858,#859,#1058,.T.);
#683=EDGE_CURVE('',#858,#857,#1059,.T.);
#684=EDGE_CURVE('',#859,#856,#1060,.T.);
#685=EDGE_CURVE('',#860,#861,#1061,.T.);
#686=EDGE_CURVE('',#843,#860,#1062,.T.);
#687=EDGE_CURVE('',#842,#861,#1063,.T.);
#688=EDGE_CURVE('',#862,#863,#1064,.T.);
#689=EDGE_CURVE('',#862,#864,#1065,.T.);
#690=EDGE_CURVE('',#865,#864,#1066,.T.);
#691=EDGE_CURVE('',#863,#865,#1067,.T.);
#692=EDGE_CURVE('',#866,#867,#1068,.T.);
#693=EDGE_CURVE('',#851,#866,#1069,.T.);
#694=EDGE_CURVE('',#850,#867,#1070,.T.);
#695=EDGE_CURVE('',#868,#869,#1071,.T.);
#696=EDGE_CURVE('',#868,#849,#1072,.T.);
#697=EDGE_CURVE('',#848,#869,#1073,.T.);
#698=EDGE_CURVE('',#870,#871,#1074,.T.);
#699=EDGE_CURVE('',#870,#872,#1075,.T.);
#700=EDGE_CURVE('',#873,#872,#1076,.T.);
#701=EDGE_CURVE('',#873,#871,#1077,.T.);
#702=EDGE_CURVE('',#874,#863,#28,.T.);
#703=EDGE_CURVE('',#865,#875,#29,.T.);
#704=EDGE_CURVE('',#874,#875,#1078,.T.);
#705=EDGE_CURVE('',#869,#876,#30,.F.);
#706=EDGE_CURVE('',#876,#847,#1079,.T.);
#707=EDGE_CURVE('',#877,#866,#31,.F.);
#708=EDGE_CURVE('',#852,#877,#1080,.T.);
#709=EDGE_CURVE('',#877,#878,#1081,.T.);
#710=EDGE_CURVE('',#878,#853,#1082,.T.);
#711=EDGE_CURVE('',#858,#867,#1083,.T.);
#712=EDGE_CURVE('',#859,#879,#32,.T.);
#713=EDGE_CURVE('',#880,#879,#1084,.T.);
#714=EDGE_CURVE('',#878,#880,#1085,.T.);
#715=EDGE_CURVE('',#846,#881,#1086,.T.);
#716=EDGE_CURVE('',#881,#876,#1087,.T.);
#717=EDGE_CURVE('',#882,#860,#33,.T.);
#718=EDGE_CURVE('',#861,#868,#1088,.T.);
#719=EDGE_CURVE('',#883,#881,#1089,.T.);
#720=EDGE_CURVE('',#882,#883,#1090,.T.);
#721=EDGE_CURVE('',#879,#855,#1091,.T.);
#722=EDGE_CURVE('',#880,#854,#1092,.T.);
#723=EDGE_CURVE('',#862,#871,#1093,.T.);
#724=EDGE_CURVE('',#864,#873,#1094,.T.);
#725=EDGE_CURVE('',#844,#882,#1095,.T.);
#726=EDGE_CURVE('',#845,#883,#1096,.T.);
#727=EDGE_CURVE('',#875,#884,#1097,.T.);
#728=EDGE_CURVE('',#885,#884,#1098,.T.);
#729=EDGE_CURVE('',#885,#874,#1099,.T.);
#730=EDGE_CURVE('',#884,#886,#1100,.T.);
#731=EDGE_CURVE('',#887,#886,#1101,.T.);
#732=EDGE_CURVE('',#887,#885,#1102,.T.);
#733=EDGE_CURVE('',#886,#888,#1103,.T.);
#734=EDGE_CURVE('',#889,#888,#1104,.T.);
#735=EDGE_CURVE('',#889,#887,#1105,.T.);
#736=EDGE_CURVE('',#872,#888,#34,.T.);
#737=EDGE_CURVE('',#889,#870,#35,.T.);
#738=VERTEX_POINT('',#2225);
#739=VERTEX_POINT('',#2226);
#740=VERTEX_POINT('',#2228);
#741=VERTEX_POINT('',#2230);
#742=VERTEX_POINT('',#2233);
#743=VERTEX_POINT('',#2234);
#744=VERTEX_POINT('',#2236);
#745=VERTEX_POINT('',#2238);
#746=VERTEX_POINT('',#2241);
#747=VERTEX_POINT('',#2242);
#748=VERTEX_POINT('',#2244);
#749=VERTEX_POINT('',#2246);
#750=VERTEX_POINT('',#2249);
#751=VERTEX_POINT('',#2250);
#752=VERTEX_POINT('',#2252);
#753=VERTEX_POINT('',#2254);
#754=VERTEX_POINT('',#2256);
#755=VERTEX_POINT('',#2258);
#756=VERTEX_POINT('',#2260);
#757=VERTEX_POINT('',#2262);
#758=VERTEX_POINT('',#2264);
#759=VERTEX_POINT('',#2266);
#760=VERTEX_POINT('',#2268);
#761=VERTEX_POINT('',#2270);
#762=VERTEX_POINT('',#2272);
#763=VERTEX_POINT('',#2274);
#764=VERTEX_POINT('',#2276);
#765=VERTEX_POINT('',#2278);
#766=VERTEX_POINT('',#2280);
#767=VERTEX_POINT('',#2282);
#768=VERTEX_POINT('',#2284);
#769=VERTEX_POINT('',#2286);
#770=VERTEX_POINT('',#2290);
#771=VERTEX_POINT('',#2291);
#772=VERTEX_POINT('',#2293);
#773=VERTEX_POINT('',#2295);
#774=VERTEX_POINT('',#2298);
#775=VERTEX_POINT('',#2299);
#776=VERTEX_POINT('',#2301);
#777=VERTEX_POINT('',#2303);
#778=VERTEX_POINT('',#2306);
#779=VERTEX_POINT('',#2307);
#780=VERTEX_POINT('',#2309);
#781=VERTEX_POINT('',#2311);
#782=VERTEX_POINT('',#2314);
#783=VERTEX_POINT('',#2315);
#784=VERTEX_POINT('',#2317);
#785=VERTEX_POINT('',#2319);
#786=VERTEX_POINT('',#2321);
#787=VERTEX_POINT('',#2323);
#788=VERTEX_POINT('',#2325);
#789=VERTEX_POINT('',#2327);
#790=VERTEX_POINT('',#2329);
#791=VERTEX_POINT('',#2331);
#792=VERTEX_POINT('',#2333);
#793=VERTEX_POINT('',#2335);
#794=VERTEX_POINT('',#2337);
#795=VERTEX_POINT('',#2339);
#796=VERTEX_POINT('',#2341);
#797=VERTEX_POINT('',#2343);
#798=VERTEX_POINT('',#2345);
#799=VERTEX_POINT('',#2347);
#800=VERTEX_POINT('',#2349);
#801=VERTEX_POINT('',#2351);
#802=VERTEX_POINT('',#2420);
#803=VERTEX_POINT('',#2421);
#804=VERTEX_POINT('',#2423);
#805=VERTEX_POINT('',#2425);
#806=VERTEX_POINT('',#2429);
#807=VERTEX_POINT('',#2430);
#808=VERTEX_POINT('',#2432);
#809=VERTEX_POINT('',#2434);
#810=VERTEX_POINT('',#2439);
#811=VERTEX_POINT('',#2441);
#812=VERTEX_POINT('',#2443);
#813=VERTEX_POINT('',#2445);
#814=VERTEX_POINT('',#2450);
#815=VERTEX_POINT('',#2452);
#816=VERTEX_POINT('',#2454);
#817=VERTEX_POINT('',#2456);
#818=VERTEX_POINT('',#2460);
#819=VERTEX_POINT('',#2461);
#820=VERTEX_POINT('',#2466);
#821=VERTEX_POINT('',#2467);
#822=VERTEX_POINT('',#2469);
#823=VERTEX_POINT('',#2471);
#824=VERTEX_POINT('',#2475);
#825=VERTEX_POINT('',#2476);
#826=VERTEX_POINT('',#2481);
#827=VERTEX_POINT('',#2482);
#828=VERTEX_POINT('',#2484);
#829=VERTEX_POINT('',#2486);
#830=VERTEX_POINT('',#2495);
#831=VERTEX_POINT('',#2496);
#832=VERTEX_POINT('',#2501);
#833=VERTEX_POINT('',#2502);
#834=VERTEX_POINT('',#2520);
#835=VERTEX_POINT('',#2521);
#836=VERTEX_POINT('',#2523);
#837=VERTEX_POINT('',#2525);
#838=VERTEX_POINT('',#2529);
#839=VERTEX_POINT('',#2530);
#840=VERTEX_POINT('',#2532);
#841=VERTEX_POINT('',#2534);
#842=VERTEX_POINT('',#2539);
#843=VERTEX_POINT('',#2541);
#844=VERTEX_POINT('',#2543);
#845=VERTEX_POINT('',#2545);
#846=VERTEX_POINT('',#2547);
#847=VERTEX_POINT('',#2549);
#848=VERTEX_POINT('',#2551);
#849=VERTEX_POINT('',#2553);
#850=VERTEX_POINT('',#2558);
#851=VERTEX_POINT('',#2560);
#852=VERTEX_POINT('',#2562);
#853=VERTEX_POINT('',#2564);
#854=VERTEX_POINT('',#2566);
#855=VERTEX_POINT('',#2568);
#856=VERTEX_POINT('',#2570);
#857=VERTEX_POINT('',#2572);
#858=VERTEX_POINT('',#2576);
#859=VERTEX_POINT('',#2577);
#860=VERTEX_POINT('',#2582);
#861=VERTEX_POINT('',#2583);
#862=VERTEX_POINT('',#2588);
#863=VERTEX_POINT('',#2589);
#864=VERTEX_POINT('',#2591);
#865=VERTEX_POINT('',#2593);
#866=VERTEX_POINT('',#2597);
#867=VERTEX_POINT('',#2598);
#868=VERTEX_POINT('',#2603);
#869=VERTEX_POINT('',#2604);
#870=VERTEX_POINT('',#2609);
#871=VERTEX_POINT('',#2610);
#872=VERTEX_POINT('',#2612);
#873=VERTEX_POINT('',#2614);
#874=VERTEX_POINT('',#2618);
#875=VERTEX_POINT('',#2620);
#876=VERTEX_POINT('',#2624);
#877=VERTEX_POINT('',#2628);
#878=VERTEX_POINT('',#2632);
#879=VERTEX_POINT('',#2637);
#880=VERTEX_POINT('',#2639);
#881=VERTEX_POINT('',#2643);
#882=VERTEX_POINT('',#2647);
#883=VERTEX_POINT('',#2650);
#884=VERTEX_POINT('',#2667);
#885=VERTEX_POINT('',#2669);
#886=VERTEX_POINT('',#2673);
#887=VERTEX_POINT('',#2675);
#888=VERTEX_POINT('',#2679);
#889=VERTEX_POINT('',#2681);
#890=LINE('',#2224,#1106);
#891=LINE('',#2227,#1107);
#892=LINE('',#2229,#1108);
#893=LINE('',#2231,#1109);
#894=LINE('',#2232,#1110);
#895=LINE('',#2235,#1111);
#896=LINE('',#2237,#1112);
#897=LINE('',#2239,#1113);
#898=LINE('',#2240,#1114);
#899=LINE('',#2243,#1115);
#900=LINE('',#2245,#1116);
#901=LINE('',#2247,#1117);
#902=LINE('',#2248,#1118);
#903=LINE('',#2251,#1119);
#904=LINE('',#2253,#1120);
#905=LINE('',#2255,#1121);
#906=LINE('',#2257,#1122);
#907=LINE('',#2259,#1123);
#908=LINE('',#2261,#1124);
#909=LINE('',#2263,#1125);
#910=LINE('',#2265,#1126);
#911=LINE('',#2267,#1127);
#912=LINE('',#2269,#1128);
#913=LINE('',#2271,#1129);
#914=LINE('',#2273,#1130);
#915=LINE('',#2275,#1131);
#916=LINE('',#2277,#1132);
#917=LINE('',#2279,#1133);
#918=LINE('',#2281,#1134);
#919=LINE('',#2283,#1135);
#920=LINE('',#2285,#1136);
#921=LINE('',#2287,#1137);
#922=LINE('',#2289,#1138);
#923=LINE('',#2292,#1139);
#924=LINE('',#2294,#1140);
#925=LINE('',#2296,#1141);
#926=LINE('',#2297,#1142);
#927=LINE('',#2300,#1143);
#928=LINE('',#2302,#1144);
#929=LINE('',#2304,#1145);
#930=LINE('',#2305,#1146);
#931=LINE('',#2308,#1147);
#932=LINE('',#2310,#1148);
#933=LINE('',#2312,#1149);
#934=LINE('',#2313,#1150);
#935=LINE('',#2316,#1151);
#936=LINE('',#2318,#1152);
#937=LINE('',#2320,#1153);
#938=LINE('',#2322,#1154);
#939=LINE('',#2324,#1155);
#940=LINE('',#2326,#1156);
#941=LINE('',#2328,#1157);
#942=LINE('',#2330,#1158);
#943=LINE('',#2332,#1159);
#944=LINE('',#2334,#1160);
#945=LINE('',#2336,#1161);
#946=LINE('',#2338,#1162);
#947=LINE('',#2340,#1163);
#948=LINE('',#2342,#1164);
#949=LINE('',#2344,#1165);
#950=LINE('',#2346,#1166);
#951=LINE('',#2348,#1167);
#952=LINE('',#2350,#1168);
#953=LINE('',#2352,#1169);
#954=LINE('',#2354,#1170);
#955=LINE('',#2355,#1171);
#956=LINE('',#2357,#1172);
#957=LINE('',#2358,#1173);
#958=LINE('',#2360,#1174);
#959=LINE('',#2361,#1175);
#960=LINE('',#2363,#1176);
#961=LINE('',#2364,#1177);
#962=LINE('',#2366,#1178);
#963=LINE('',#2367,#1179);
#964=LINE('',#2369,#1180);
#965=LINE('',#2370,#1181);
#966=LINE('',#2373,#1182);
#967=LINE('',#2374,#1183);
#968=LINE('',#2376,#1184);
#969=LINE('',#2378,#1185);
#970=LINE('',#2380,#1186);
#971=LINE('',#2381,#1187);
#972=LINE('',#2383,#1188);
#973=LINE('',#2385,#1189);
#974=LINE('',#2387,#1190);
#975=LINE('',#2388,#1191);
#976=LINE('',#2390,#1192);
#977=LINE('',#2392,#1193);
#978=LINE('',#2398,#1194);
#979=LINE('',#2400,#1195);
#980=LINE('',#2403,#1196);
#981=LINE('',#2405,#1197);
#982=LINE('',#2408,#1198);
#983=LINE('',#2410,#1199);
#984=LINE('',#2413,#1200);
#985=LINE('',#2415,#1201);
#986=LINE('',#2419,#1202);
#987=LINE('',#2422,#1203);
#988=LINE('',#2424,#1204);
#989=LINE('',#2426,#1205);
#990=LINE('',#2428,#1206);
#991=LINE('',#2431,#1207);
#992=LINE('',#2433,#1208);
#993=LINE('',#2435,#1209);
#994=LINE('',#2437,#1210);
#995=LINE('',#2438,#1211);
#996=LINE('',#2440,#1212);
#997=LINE('',#2442,#1213);
#998=LINE('',#2444,#1214);
#999=LINE('',#2446,#1215);
#1000=LINE('',#2448,#1216);
#1001=LINE('',#2449,#1217);
#1002=LINE('',#2451,#1218);
#1003=LINE('',#2453,#1219);
#1004=LINE('',#2455,#1220);
#1005=LINE('',#2457,#1221);
#1006=LINE('',#2459,#1222);
#1007=LINE('',#2462,#1223);
#1008=LINE('',#2463,#1224);
#1009=LINE('',#2465,#1225);
#1010=LINE('',#2468,#1226);
#1011=LINE('',#2470,#1227);
#1012=LINE('',#2472,#1228);
#1013=LINE('',#2474,#1229);
#1014=LINE('',#2477,#1230);
#1015=LINE('',#2478,#1231);
#1016=LINE('',#2480,#1232);
#1017=LINE('',#2483,#1233);
#1018=LINE('',#2485,#1234);
#1019=LINE('',#2487,#1235);
#1020=LINE('',#2489,#1236);
#1021=LINE('',#2491,#1237);
#1022=LINE('',#2492,#1238);
#1023=LINE('',#2494,#1239);
#1024=LINE('',#2497,#1240);
#1025=LINE('',#2498,#1241);
#1026=LINE('',#2500,#1242);
#1027=LINE('',#2503,#1243);
#1028=LINE('',#2504,#1244);
#1029=LINE('',#2506,#1245);
#1030=LINE('',#2508,#1246);
#1031=LINE('',#2509,#1247);
#1032=LINE('',#2510,#1248);
#1033=LINE('',#2511,#1249);
#1034=LINE('',#2519,#1250);
#1035=LINE('',#2522,#1251);
#1036=LINE('',#2524,#1252);
#1037=LINE('',#2526,#1253);
#1038=LINE('',#2528,#1254);
#1039=LINE('',#2531,#1255);
#1040=LINE('',#2533,#1256);
#1041=LINE('',#2535,#1257);
#1042=LINE('',#2537,#1258);
#1043=LINE('',#2538,#1259);
#1044=LINE('',#2540,#1260);
#1045=LINE('',#2544,#1261);
#1046=LINE('',#2546,#1262);
#1047=LINE('',#2548,#1263);
#1048=LINE('',#2552,#1264);
#1049=LINE('',#2554,#1265);
#1050=LINE('',#2556,#1266);
#1051=LINE('',#2557,#1267);
#1052=LINE('',#2559,#1268);
#1053=LINE('',#2563,#1269);
#1054=LINE('',#2565,#1270);
#1055=LINE('',#2567,#1271);
#1056=LINE('',#2571,#1272);
#1057=LINE('',#2573,#1273);
#1058=LINE('',#2575,#1274);
#1059=LINE('',#2578,#1275);
#1060=LINE('',#2579,#1276);
#1061=LINE('',#2581,#1277);
#1062=LINE('',#2584,#1278);
#1063=LINE('',#2585,#1279);
#1064=LINE('',#2587,#1280);
#1065=LINE('',#2590,#1281);
#1066=LINE('',#2592,#1282);
#1067=LINE('',#2594,#1283);
#1068=LINE('',#2596,#1284);
#1069=LINE('',#2599,#1285);
#1070=LINE('',#2600,#1286);
#1071=LINE('',#2602,#1287);
#1072=LINE('',#2605,#1288);
#1073=LINE('',#2606,#1289);
#1074=LINE('',#2608,#1290);
#1075=LINE('',#2611,#1291);
#1076=LINE('',#2613,#1292);
#1077=LINE('',#2615,#1293);
#1078=LINE('',#2621,#1294);
#1079=LINE('',#2625,#1295);
#1080=LINE('',#2629,#1296);
#1081=LINE('',#2631,#1297);
#1082=LINE('',#2633,#1298);
#1083=LINE('',#2635,#1299);
#1084=LINE('',#2638,#1300);
#1085=LINE('',#2640,#1301);
#1086=LINE('',#2642,#1302);
#1087=LINE('',#2644,#1303);
#1088=LINE('',#2648,#1304);
#1089=LINE('',#2649,#1305);
#1090=LINE('',#2651,#1306);
#1091=LINE('',#2653,#1307);
#1092=LINE('',#2655,#1308);
#1093=LINE('',#2658,#1309);
#1094=LINE('',#2659,#1310);
#1095=LINE('',#2661,#1311);
#1096=LINE('',#2663,#1312);
#1097=LINE('',#2666,#1313);
#1098=LINE('',#2668,#1314);
#1099=LINE('',#2670,#1315);
#1100=LINE('',#2672,#1316);
#1101=LINE('',#2674,#1317);
#1102=LINE('',#2676,#1318);
#1103=LINE('',#2678,#1319);
#1104=LINE('',#2680,#1320);
#1105=LINE('',#2682,#1321);
#1106=VECTOR('',#1810,39.3700787401575);
#1107=VECTOR('',#1811,39.3700787401575);
#1108=VECTOR('',#1812,39.3700787401575);
#1109=VECTOR('',#1813,39.3700787401575);
#1110=VECTOR('',#1814,39.3700787401575);
#1111=VECTOR('',#1815,39.3700787401575);
#1112=VECTOR('',#1816,39.3700787401575);
#1113=VECTOR('',#1817,39.3700787401575);
#1114=VECTOR('',#1818,39.3700787401575);
#1115=VECTOR('',#1819,39.3700787401575);
#1116=VECTOR('',#1820,39.3700787401575);
#1117=VECTOR('',#1821,39.3700787401575);
#1118=VECTOR('',#1822,39.3700787401575);
#1119=VECTOR('',#1823,39.3700787401575);
#1120=VECTOR('',#1824,39.3700787401575);
#1121=VECTOR('',#1825,39.3700787401575);
#1122=VECTOR('',#1826,39.3700787401575);
#1123=VECTOR('',#1827,39.3700787401575);
#1124=VECTOR('',#1828,39.3700787401575);
#1125=VECTOR('',#1829,39.3700787401575);
#1126=VECTOR('',#1830,39.3700787401575);
#1127=VECTOR('',#1831,39.3700787401575);
#1128=VECTOR('',#1832,39.3700787401575);
#1129=VECTOR('',#1833,39.3700787401575);
#1130=VECTOR('',#1834,39.3700787401575);
#1131=VECTOR('',#1835,39.3700787401575);
#1132=VECTOR('',#1836,39.3700787401575);
#1133=VECTOR('',#1837,39.3700787401575);
#1134=VECTOR('',#1838,39.3700787401575);
#1135=VECTOR('',#1839,39.3700787401575);
#1136=VECTOR('',#1840,39.3700787401575);
#1137=VECTOR('',#1841,39.3700787401575);
#1138=VECTOR('',#1844,39.3700787401575);
#1139=VECTOR('',#1845,39.3700787401575);
#1140=VECTOR('',#1846,39.3700787401575);
#1141=VECTOR('',#1847,39.3700787401575);
#1142=VECTOR('',#1848,39.3700787401575);
#1143=VECTOR('',#1849,39.3700787401575);
#1144=VECTOR('',#1850,39.3700787401575);
#1145=VECTOR('',#1851,39.3700787401575);
#1146=VECTOR('',#1852,39.3700787401575);
#1147=VECTOR('',#1853,39.3700787401575);
#1148=VECTOR('',#1854,39.3700787401575);
#1149=VECTOR('',#1855,39.3700787401575);
#1150=VECTOR('',#1856,39.3700787401575);
#1151=VECTOR('',#1857,39.3700787401575);
#1152=VECTOR('',#1858,39.3700787401575);
#1153=VECTOR('',#1859,39.3700787401575);
#1154=VECTOR('',#1860,39.3700787401575);
#1155=VECTOR('',#1861,39.3700787401575);
#1156=VECTOR('',#1862,39.3700787401575);
#1157=VECTOR('',#1863,39.3700787401575);
#1158=VECTOR('',#1864,39.3700787401575);
#1159=VECTOR('',#1865,39.3700787401575);
#1160=VECTOR('',#1866,39.3700787401575);
#1161=VECTOR('',#1867,39.3700787401575);
#1162=VECTOR('',#1868,39.3700787401575);
#1163=VECTOR('',#1869,39.3700787401575);
#1164=VECTOR('',#1870,39.3700787401575);
#1165=VECTOR('',#1871,39.3700787401575);
#1166=VECTOR('',#1872,39.3700787401575);
#1167=VECTOR('',#1873,39.3700787401575);
#1168=VECTOR('',#1874,39.3700787401575);
#1169=VECTOR('',#1875,39.3700787401575);
#1170=VECTOR('',#1878,39.3700787401575);
#1171=VECTOR('',#1879,39.3700787401575);
#1172=VECTOR('',#1882,39.3700787401575);
#1173=VECTOR('',#1883,39.3700787401575);
#1174=VECTOR('',#1886,39.3700787401575);
#1175=VECTOR('',#1887,39.3700787401575);
#1176=VECTOR('',#1890,39.3700787401575);
#1177=VECTOR('',#1891,39.3700787401575);
#1178=VECTOR('',#1894,39.3700787401575);
#1179=VECTOR('',#1895,39.3700787401575);
#1180=VECTOR('',#1898,39.3700787401575);
#1181=VECTOR('',#1899,39.3700787401575);
#1182=VECTOR('',#1904,39.3700787401575);
#1183=VECTOR('',#1905,39.3700787401575);
#1184=VECTOR('',#1908,39.3700787401575);
#1185=VECTOR('',#1911,39.3700787401575);
#1186=VECTOR('',#1914,39.3700787401575);
#1187=VECTOR('',#1915,39.3700787401575);
#1188=VECTOR('',#1918,39.3700787401575);
#1189=VECTOR('',#1921,39.3700787401575);
#1190=VECTOR('',#1924,39.3700787401575);
#1191=VECTOR('',#1925,39.3700787401575);
#1192=VECTOR('',#1928,39.3700787401575);
#1193=VECTOR('',#1931,39.3700787401575);
#1194=VECTOR('',#1942,39.3700787401575);
#1195=VECTOR('',#1945,39.3700787401575);
#1196=VECTOR('',#1950,39.3700787401575);
#1197=VECTOR('',#1953,39.3700787401575);
#1198=VECTOR('',#1958,39.3700787401575);
#1199=VECTOR('',#1961,39.3700787401575);
#1200=VECTOR('',#1966,39.3700787401575);
#1201=VECTOR('',#1969,39.3700787401575);
#1202=VECTOR('',#1976,39.3700787401575);
#1203=VECTOR('',#1977,39.3700787401575);
#1204=VECTOR('',#1978,39.3700787401575);
#1205=VECTOR('',#1979,39.3700787401575);
#1206=VECTOR('',#1982,39.3700787401575);
#1207=VECTOR('',#1983,39.3700787401575);
#1208=VECTOR('',#1984,39.3700787401575);
#1209=VECTOR('',#1985,39.3700787401575);
#1210=VECTOR('',#1988,39.3700787401575);
#1211=VECTOR('',#1989,39.3700787401575);
#1212=VECTOR('',#1990,39.3700787401575);
#1213=VECTOR('',#1991,39.3700787401575);
#1214=VECTOR('',#1992,39.3700787401575);
#1215=VECTOR('',#1993,39.3700787401575);
#1216=VECTOR('',#1996,39.3700787401575);
#1217=VECTOR('',#1997,39.3700787401575);
#1218=VECTOR('',#1998,39.3700787401575);
#1219=VECTOR('',#1999,39.3700787401575);
#1220=VECTOR('',#2000,39.3700787401575);
#1221=VECTOR('',#2001,39.3700787401575);
#1222=VECTOR('',#2004,39.3700787401575);
#1223=VECTOR('',#2005,39.3700787401575);
#1224=VECTOR('',#2006,39.3700787401575);
#1225=VECTOR('',#2009,39.3700787401575);
#1226=VECTOR('',#2010,39.3700787401575);
#1227=VECTOR('',#2011,39.3700787401575);
#1228=VECTOR('',#2012,39.3700787401575);
#1229=VECTOR('',#2015,39.3700787401575);
#1230=VECTOR('',#2016,39.3700787401575);
#1231=VECTOR('',#2017,39.3700787401575);
#1232=VECTOR('',#2020,39.3700787401575);
#1233=VECTOR('',#2021,39.3700787401575);
#1234=VECTOR('',#2022,39.3700787401575);
#1235=VECTOR('',#2023,39.3700787401575);
#1236=VECTOR('',#2026,39.3700787401575);
#1237=VECTOR('',#2029,39.3700787401575);
#1238=VECTOR('',#2030,39.3700787401575);
#1239=VECTOR('',#2033,39.3700787401575);
#1240=VECTOR('',#2034,39.3700787401575);
#1241=VECTOR('',#2035,39.3700787401575);
#1242=VECTOR('',#2038,39.3700787401575);
#1243=VECTOR('',#2039,39.3700787401575);
#1244=VECTOR('',#2040,39.3700787401575);
#1245=VECTOR('',#2043,39.3700787401575);
#1246=VECTOR('',#2046,39.3700787401575);
#1247=VECTOR('',#2047,39.3700787401575);
#1248=VECTOR('',#2048,39.3700787401575);
#1249=VECTOR('',#2049,39.3700787401575);
#1250=VECTOR('',#2064,39.3700787401575);
#1251=VECTOR('',#2065,39.3700787401575);
#1252=VECTOR('',#2066,39.3700787401575);
#1253=VECTOR('',#2067,39.3700787401575);
#1254=VECTOR('',#2070,39.3700787401575);
#1255=VECTOR('',#2071,39.3700787401575);
#1256=VECTOR('',#2072,39.3700787401575);
#1257=VECTOR('',#2073,39.3700787401575);
#1258=VECTOR('',#2076,39.3700787401575);
#1259=VECTOR('',#2077,39.3700787401575);
#1260=VECTOR('',#2078,39.3700787401575);
#1261=VECTOR('',#2081,39.3700787401575);
#1262=VECTOR('',#2082,39.3700787401575);
#1263=VECTOR('',#2083,39.3700787401575);
#1264=VECTOR('',#2086,39.3700787401575);
#1265=VECTOR('',#2087,39.3700787401575);
#1266=VECTOR('',#2090,39.3700787401575);
#1267=VECTOR('',#2091,39.3700787401575);
#1268=VECTOR('',#2092,39.3700787401575);
#1269=VECTOR('',#2095,39.3700787401575);
#1270=VECTOR('',#2096,39.3700787401575);
#1271=VECTOR('',#2097,39.3700787401575);
#1272=VECTOR('',#2100,39.3700787401575);
#1273=VECTOR('',#2101,39.3700787401575);
#1274=VECTOR('',#2104,39.3700787401575);
#1275=VECTOR('',#2105,39.3700787401575);
#1276=VECTOR('',#2106,39.3700787401575);
#1277=VECTOR('',#2109,39.3700787401575);
#1278=VECTOR('',#2110,39.3700787401575);
#1279=VECTOR('',#2111,39.3700787401575);
#1280=VECTOR('',#2114,39.3700787401575);
#1281=VECTOR('',#2115,39.3700787401575);
#1282=VECTOR('',#2116,39.3700787401575);
#1283=VECTOR('',#2117,39.3700787401575);
#1284=VECTOR('',#2120,39.3700787401575);
#1285=VECTOR('',#2121,39.3700787401575);
#1286=VECTOR('',#2122,39.3700787401575);
#1287=VECTOR('',#2125,39.3700787401575);
#1288=VECTOR('',#2126,39.3700787401575);
#1289=VECTOR('',#2127,39.3700787401575);
#1290=VECTOR('',#2130,39.3700787401575);
#1291=VECTOR('',#2131,39.3700787401575);
#1292=VECTOR('',#2132,39.3700787401575);
#1293=VECTOR('',#2133,39.3700787401575);
#1294=VECTOR('',#2140,39.3700787401575);
#1295=VECTOR('',#2145,39.3700787401575);
#1296=VECTOR('',#2150,39.3700787401575);
#1297=VECTOR('',#2153,39.3700787401575);
#1298=VECTOR('',#2154,39.3700787401575);
#1299=VECTOR('',#2157,39.3700787401575);
#1300=VECTOR('',#2160,39.3700787401575);
#1301=VECTOR('',#2161,39.3700787401575);
#1302=VECTOR('',#2164,39.3700787401575);
#1303=VECTOR('',#2165,39.3700787401575);
#1304=VECTOR('',#2170,39.3700787401575);
#1305=VECTOR('',#2171,39.3700787401575);
#1306=VECTOR('',#2172,39.3700787401575);
#1307=VECTOR('',#2175,39.3700787401575);
#1308=VECTOR('',#2178,39.3700787401575);
#1309=VECTOR('',#2183,39.3700787401575);
#1310=VECTOR('',#2184,39.3700787401575);
#1311=VECTOR('',#2187,39.3700787401575);
#1312=VECTOR('',#2190,39.3700787401575);
#1313=VECTOR('',#2195,39.3700787401575);
#1314=VECTOR('',#2196,39.3700787401575);
#1315=VECTOR('',#2197,39.3700787401575);
#1316=VECTOR('',#2200,39.3700787401575);
#1317=VECTOR('',#2201,39.3700787401575);
#1318=VECTOR('',#2202,39.3700787401575);
#1319=VECTOR('',#2205,39.3700787401575);
#1320=VECTOR('',#2206,39.3700787401575);
#1321=VECTOR('',#2207,39.3700787401575);
#1322=EDGE_LOOP('',(#54,#55,#56,#57));
#1323=EDGE_LOOP('',(#58,#59,#60,#61));
#1324=EDGE_LOOP('',(#62,#63,#64,#65));
#1325=EDGE_LOOP('',(#66,#67,#68,#69,#70,#71,#72,#73,#74,#75,#76,#77,#78,
#79,#80,#81,#82,#83,#84,#85));
#1326=EDGE_LOOP('',(#86,#87,#88,#89));
#1327=EDGE_LOOP('',(#90,#91,#92,#93));
#1328=EDGE_LOOP('',(#94,#95,#96,#97));
#1329=EDGE_LOOP('',(#98,#99,#100,#101,#102,#103,#104,#105,#106,#107,#108,
#109,#110,#111,#112,#113,#114,#115,#116,#117));
#1330=EDGE_LOOP('',(#118,#119,#120,#121));
#1331=EDGE_LOOP('',(#122,#123,#124,#125));
#1332=EDGE_LOOP('',(#126,#127,#128,#129));
#1333=EDGE_LOOP('',(#130,#131,#132,#133));
#1334=EDGE_LOOP('',(#134,#135,#136,#137));
#1335=EDGE_LOOP('',(#138,#139,#140,#141));
#1336=EDGE_LOOP('',(#142,#143,#144,#145));
#1337=EDGE_LOOP('',(#146,#147,#148,#149));
#1338=EDGE_LOOP('',(#150,#151,#152,#153));
#1339=EDGE_LOOP('',(#154,#155,#156,#157));
#1340=EDGE_LOOP('',(#158,#159,#160,#161));
#1341=EDGE_LOOP('',(#162,#163,#164,#165));
#1342=EDGE_LOOP('',(#166,#167,#168,#169));
#1343=EDGE_LOOP('',(#170,#171,#172,#173));
#1344=EDGE_LOOP('',(#174,#175,#176,#177));
#1345=EDGE_LOOP('',(#178,#179,#180,#181));
#1346=EDGE_LOOP('',(#182,#183,#184,#185));
#1347=EDGE_LOOP('',(#186,#187,#188,#189));
#1348=EDGE_LOOP('',(#190,#191,#192,#193));
#1349=EDGE_LOOP('',(#194,#195,#196,#197));
#1350=EDGE_LOOP('',(#198,#199,#200,#201));
#1351=EDGE_LOOP('',(#202,#203,#204,#205));
#1352=EDGE_LOOP('',(#206,#207,#208,#209));
#1353=EDGE_LOOP('',(#210,#211,#212,#213));
#1354=EDGE_LOOP('',(#214,#215,#216,#217));
#1355=EDGE_LOOP('',(#218,#219,#220,#221));
#1356=EDGE_LOOP('',(#222,#223,#224,#225));
#1357=EDGE_LOOP('',(#226,#227,#228,#229));
#1358=EDGE_LOOP('',(#230,#231,#232,#233));
#1359=EDGE_LOOP('',(#234,#235,#236,#237));
#1360=EDGE_LOOP('',(#238,#239,#240,#241));
#1361=EDGE_LOOP('',(#242,#243,#244,#245));
#1362=EDGE_LOOP('',(#246,#247,#248,#249));
#1363=EDGE_LOOP('',(#250,#251,#252,#253));
#1364=EDGE_LOOP('',(#254,#255,#256,#257,#258,#259,#260,#261));
#1365=EDGE_LOOP('',(#262,#263,#264,#265,#266,#267,#268,#269));
#1366=EDGE_LOOP('',(#270,#271,#272,#273));
#1367=EDGE_LOOP('',(#274,#275,#276,#277));
#1368=EDGE_LOOP('',(#278,#279,#280,#281));
#1369=EDGE_LOOP('',(#282,#283,#284,#285));
#1370=EDGE_LOOP('',(#286,#287,#288,#289));
#1371=EDGE_LOOP('',(#290,#291,#292,#293));
#1372=EDGE_LOOP('',(#294,#295,#296,#297));
#1373=EDGE_LOOP('',(#298,#299,#300,#301));
#1374=EDGE_LOOP('',(#302,#303,#304,#305));
#1375=EDGE_LOOP('',(#306,#307,#308,#309,#310,#311,#312,#313,#314,#315,#316,
#317));
#1376=EDGE_LOOP('',(#318,#319,#320,#321));
#1377=EDGE_LOOP('',(#322,#323,#324,#325));
#1378=EDGE_LOOP('',(#326,#327,#328,#329));
#1379=EDGE_LOOP('',(#330,#331,#332,#333));
#1380=EDGE_LOOP('',(#334,#335,#336,#337));
#1381=EDGE_LOOP('',(#338,#339,#340,#341));
#1382=EDGE_LOOP('',(#342,#343,#344,#345));
#1383=EDGE_LOOP('',(#346,#347,#348,#349));
#1384=EDGE_LOOP('',(#350,#351,#352,#353,#354,#355,#356,#357,#358,#359,#360,
#361));
#1385=EDGE_LOOP('',(#362,#363,#364,#365,#366,#367,#368,#369,#370,#371,#372,
#373));
#1386=EDGE_LOOP('',(#374,#375,#376,#377));
#1387=EDGE_LOOP('',(#378,#379,#380,#381));
#1388=EDGE_LOOP('',(#382,#383,#384,#385));
#1389=EDGE_LOOP('',(#386,#387,#388,#389));
#1390=EDGE_LOOP('',(#390,#391,#392,#393));
#1391=EDGE_LOOP('',(#394,#395,#396,#397));
#1392=EDGE_LOOP('',(#398,#399,#400,#401));
#1393=EDGE_LOOP('',(#402,#403,#404,#405));
#1394=EDGE_LOOP('',(#406,#407,#408,#409));
#1395=EDGE_LOOP('',(#410,#411,#412,#413));
#1396=EDGE_LOOP('',(#414,#415,#416,#417,#418,#419,#420,#421));
#1397=EDGE_LOOP('',(#422,#423,#424,#425));
#1398=EDGE_LOOP('',(#426,#427,#428,#429,#430,#431,#432,#433));
#1399=EDGE_LOOP('',(#434,#435,#436,#437));
#1400=EDGE_LOOP('',(#438,#439,#440,#441));
#1401=EDGE_LOOP('',(#442,#443,#444,#445));
#1402=EDGE_LOOP('',(#446,#447,#448,#449,#450,#451,#452,#453,#454,#455,#456,
#457));
#1403=EDGE_LOOP('',(#458,#459,#460,#461));
#1404=EDGE_LOOP('',(#462,#463,#464,#465));
#1405=EDGE_LOOP('',(#466,#467,#468,#469));
#1406=EDGE_LOOP('',(#470,#471,#472,#473));
#1407=EDGE_LOOP('',(#474,#475,#476,#477));
#1408=EDGE_LOOP('',(#478,#479,#480,#481));
#1409=EDGE_LOOP('',(#482,#483,#484,#485));
#1410=EDGE_LOOP('',(#486,#487,#488,#489));
#1411=EDGE_LOOP('',(#490,#491,#492,#493,#494,#495,#496,#497));
#1412=EDGE_LOOP('',(#498,#499,#500,#501,#502,#503,#504,#505));
#1413=EDGE_LOOP('',(#506,#507,#508,#509));
#1414=FACE_BOUND('',#1322,.T.);
#1415=FACE_BOUND('',#1323,.T.);
#1416=FACE_BOUND('',#1324,.T.);
#1417=FACE_BOUND('',#1325,.T.);
#1418=FACE_BOUND('',#1326,.T.);
#1419=FACE_BOUND('',#1327,.T.);
#1420=FACE_BOUND('',#1328,.T.);
#1421=FACE_BOUND('',#1329,.T.);
#1422=FACE_BOUND('',#1330,.T.);
#1423=FACE_BOUND('',#1331,.T.);
#1424=FACE_BOUND('',#1332,.T.);
#1425=FACE_BOUND('',#1333,.T.);
#1426=FACE_BOUND('',#1334,.T.);
#1427=FACE_BOUND('',#1335,.T.);
#1428=FACE_BOUND('',#1336,.T.);
#1429=FACE_BOUND('',#1337,.T.);
#1430=FACE_BOUND('',#1338,.T.);
#1431=FACE_BOUND('',#1339,.T.);
#1432=FACE_BOUND('',#1340,.T.);
#1433=FACE_BOUND('',#1341,.T.);
#1434=FACE_BOUND('',#1342,.T.);
#1435=FACE_BOUND('',#1343,.T.);
#1436=FACE_BOUND('',#1344,.T.);
#1437=FACE_BOUND('',#1345,.T.);
#1438=FACE_BOUND('',#1346,.T.);
#1439=FACE_BOUND('',#1347,.T.);
#1440=FACE_BOUND('',#1348,.T.);
#1441=FACE_BOUND('',#1349,.T.);
#1442=FACE_BOUND('',#1350,.T.);
#1443=FACE_BOUND('',#1351,.T.);
#1444=FACE_BOUND('',#1352,.T.);
#1445=FACE_BOUND('',#1353,.T.);
#1446=FACE_BOUND('',#1354,.T.);
#1447=FACE_BOUND('',#1355,.T.);
#1448=FACE_BOUND('',#1356,.T.);
#1449=FACE_BOUND('',#1357,.T.);
#1450=FACE_BOUND('',#1358,.T.);
#1451=FACE_BOUND('',#1359,.T.);
#1452=FACE_BOUND('',#1360,.T.);
#1453=FACE_BOUND('',#1361,.T.);
#1454=FACE_BOUND('',#1362,.T.);
#1455=FACE_BOUND('',#1363,.T.);
#1456=FACE_BOUND('',#1364,.T.);
#1457=FACE_BOUND('',#1365,.T.);
#1458=FACE_BOUND('',#1366,.T.);
#1459=FACE_BOUND('',#1367,.T.);
#1460=FACE_BOUND('',#1368,.T.);
#1461=FACE_BOUND('',#1369,.T.);
#1462=FACE_BOUND('',#1370,.T.);
#1463=FACE_BOUND('',#1371,.T.);
#1464=FACE_BOUND('',#1372,.T.);
#1465=FACE_BOUND('',#1373,.T.);
#1466=FACE_BOUND('',#1374,.T.);
#1467=FACE_BOUND('',#1375,.T.);
#1468=FACE_BOUND('',#1376,.T.);
#1469=FACE_BOUND('',#1377,.T.);
#1470=FACE_BOUND('',#1378,.T.);
#1471=FACE_BOUND('',#1379,.T.);
#1472=FACE_BOUND('',#1380,.T.);
#1473=FACE_BOUND('',#1381,.T.);
#1474=FACE_BOUND('',#1382,.T.);
#1475=FACE_BOUND('',#1383,.T.);
#1476=FACE_BOUND('',#1384,.T.);
#1477=FACE_BOUND('',#1385,.T.);
#1478=FACE_BOUND('',#1386,.T.);
#1479=FACE_BOUND('',#1387,.T.);
#1480=FACE_BOUND('',#1388,.T.);
#1481=FACE_BOUND('',#1389,.T.);
#1482=FACE_BOUND('',#1390,.T.);
#1483=FACE_BOUND('',#1391,.T.);
#1484=FACE_BOUND('',#1392,.T.);
#1485=FACE_BOUND('',#1393,.T.);
#1486=FACE_BOUND('',#1394,.T.);
#1487=FACE_BOUND('',#1395,.T.);
#1488=FACE_BOUND('',#1396,.T.);
#1489=FACE_BOUND('',#1397,.T.);
#1490=FACE_BOUND('',#1398,.T.);
#1491=FACE_BOUND('',#1399,.T.);
#1492=FACE_BOUND('',#1400,.T.);
#1493=FACE_BOUND('',#1401,.T.);
#1494=FACE_BOUND('',#1402,.T.);
#1495=FACE_BOUND('',#1403,.T.);
#1496=FACE_BOUND('',#1404,.T.);
#1497=FACE_BOUND('',#1405,.T.);
#1498=FACE_BOUND('',#1406,.T.);
#1499=FACE_BOUND('',#1407,.T.);
#1500=FACE_BOUND('',#1408,.T.);
#1501=FACE_BOUND('',#1409,.T.);
#1502=FACE_BOUND('',#1410,.T.);
#1503=FACE_BOUND('',#1411,.T.);
#1504=FACE_BOUND('',#1412,.T.);
#1505=FACE_BOUND('',#1413,.T.);
#1506=PLANE('',#1707);
#1507=PLANE('',#1708);
#1508=PLANE('',#1709);
#1509=PLANE('',#1710);
#1510=PLANE('',#1711);
#1511=PLANE('',#1712);
#1512=PLANE('',#1713);
#1513=PLANE('',#1714);
#1514=PLANE('',#1715);
#1515=PLANE('',#1716);
#1516=PLANE('',#1717);
#1517=PLANE('',#1718);
#1518=PLANE('',#1719);
#1519=PLANE('',#1720);
#1520=PLANE('',#1721);
#1521=PLANE('',#1722);
#1522=PLANE('',#1723);
#1523=PLANE('',#1724);
#1524=PLANE('',#1725);
#1525=PLANE('',#1726);
#1526=PLANE('',#1727);
#1527=PLANE('',#1728);
#1528=PLANE('',#1729);
#1529=PLANE('',#1730);
#1530=PLANE('',#1731);
#1531=PLANE('',#1732);
#1532=PLANE('',#1733);
#1533=PLANE('',#1734);
#1534=PLANE('',#1735);
#1535=PLANE('',#1736);
#1536=PLANE('',#1737);
#1537=PLANE('',#1738);
#1538=PLANE('',#1739);
#1539=PLANE('',#1740);
#1540=PLANE('',#1742);
#1541=PLANE('',#1743);
#1542=PLANE('',#1744);
#1543=PLANE('',#1745);
#1544=PLANE('',#1746);
#1545=PLANE('',#1747);
#1546=PLANE('',#1748);
#1547=PLANE('',#1749);
#1548=PLANE('',#1750);
#1549=PLANE('',#1751);
#1550=PLANE('',#1752);
#1551=PLANE('',#1753);
#1552=PLANE('',#1754);
#1553=PLANE('',#1755);
#1554=PLANE('',#1756);
#1555=PLANE('',#1757);
#1556=PLANE('',#1758);
#1557=PLANE('',#1759);
#1558=PLANE('',#1760);
#1559=PLANE('',#1762);
#1560=PLANE('',#1763);
#1561=PLANE('',#1764);
#1562=PLANE('',#1767);
#1563=PLANE('',#1770);
#1564=PLANE('',#1771);
#1565=PLANE('',#1772);
#1566=PLANE('',#1773);
#1567=PLANE('',#1774);
#1568=PLANE('',#1775);
#1569=PLANE('',#1783);
#1570=PLANE('',#1784);
#1571=PLANE('',#1786);
#1572=PLANE('',#1787);
#1573=PLANE('',#1790);
#1574=PLANE('',#1791);
#1575=PLANE('',#1792);
#1576=PLANE('',#1794);
#1577=PLANE('',#1795);
#1578=PLANE('',#1796);
#1579=PLANE('',#1797);
#1580=PLANE('',#1798);
#1581=PLANE('',#1802);
#1582=PLANE('',#1803);
#1583=PLANE('',#1804);
#1584=ADVANCED_FACE('',(#1414,#1415,#1416,#1417),#1506,.T.);
#1585=ADVANCED_FACE('',(#1418,#1419,#1420,#1421),#1507,.F.);
#1586=ADVANCED_FACE('',(#1422),#1508,.F.);
#1587=ADVANCED_FACE('',(#1423),#1509,.F.);
#1588=ADVANCED_FACE('',(#1424),#1510,.F.);
#1589=ADVANCED_FACE('',(#1425),#1511,.F.);
#1590=ADVANCED_FACE('',(#1426),#1512,.F.);
#1591=ADVANCED_FACE('',(#1427),#1513,.F.);
#1592=ADVANCED_FACE('',(#1428),#1514,.F.);
#1593=ADVANCED_FACE('',(#1429),#1515,.T.);
#1594=ADVANCED_FACE('',(#1430),#1516,.T.);
#1595=ADVANCED_FACE('',(#1431),#1517,.T.);
#1596=ADVANCED_FACE('',(#1432),#1518,.T.);
#1597=ADVANCED_FACE('',(#1433),#1519,.T.);
#1598=ADVANCED_FACE('',(#1434),#1520,.T.);
#1599=ADVANCED_FACE('',(#1435),#1521,.T.);
#1600=ADVANCED_FACE('',(#1436),#1522,.T.);
#1601=ADVANCED_FACE('',(#1437),#1523,.T.);
#1602=ADVANCED_FACE('',(#1438),#1524,.T.);
#1603=ADVANCED_FACE('',(#1439),#1525,.T.);
#1604=ADVANCED_FACE('',(#1440),#1526,.T.);
#1605=ADVANCED_FACE('',(#1441),#1527,.F.);
#1606=ADVANCED_FACE('',(#1442),#1528,.T.);
#1607=ADVANCED_FACE('',(#1443),#1529,.T.);
#1608=ADVANCED_FACE('',(#1444),#1530,.T.);
#1609=ADVANCED_FACE('',(#1445),#1531,.T.);
#1610=ADVANCED_FACE('',(#1446),#1532,.T.);
#1611=ADVANCED_FACE('',(#1447),#1533,.T.);
#1612=ADVANCED_FACE('',(#1448),#1534,.T.);
#1613=ADVANCED_FACE('',(#1449),#1535,.T.);
#1614=ADVANCED_FACE('',(#1450),#1536,.T.);
#1615=ADVANCED_FACE('',(#1451),#1537,.T.);
#1616=ADVANCED_FACE('',(#1452),#1538,.T.);
#1617=ADVANCED_FACE('',(#1453),#1539,.T.);
#1618=ADVANCED_FACE('',(#1454),#1540,.F.);
#1619=ADVANCED_FACE('',(#1455),#1541,.F.);
#1620=ADVANCED_FACE('',(#1456),#1542,.T.);
#1621=ADVANCED_FACE('',(#1457),#1543,.F.);
#1622=ADVANCED_FACE('',(#1458),#1544,.F.);
#1623=ADVANCED_FACE('',(#1459),#1545,.F.);
#1624=ADVANCED_FACE('',(#1460),#1546,.F.);
#1625=ADVANCED_FACE('',(#1461),#1547,.F.);
#1626=ADVANCED_FACE('',(#1462),#1548,.F.);
#1627=ADVANCED_FACE('',(#1463),#1549,.F.);
#1628=ADVANCED_FACE('',(#1464),#1550,.F.);
#1629=ADVANCED_FACE('',(#1465),#1551,.F.);
#1630=ADVANCED_FACE('',(#1466),#1552,.F.);
#1631=ADVANCED_FACE('',(#1467,#1468),#1553,.F.);
#1632=ADVANCED_FACE('',(#1469),#1554,.T.);
#1633=ADVANCED_FACE('',(#1470),#1555,.T.);
#1634=ADVANCED_FACE('',(#1471),#1556,.T.);
#1635=ADVANCED_FACE('',(#1472),#1557,.T.);
#1636=ADVANCED_FACE('',(#1473),#1558,.T.);
#1637=ADVANCED_FACE('',(#1474),#1559,.F.);
#1638=ADVANCED_FACE('',(#1475),#1560,.F.);
#1639=ADVANCED_FACE('',(#1476),#1561,.T.);
#1640=ADVANCED_FACE('',(#1477),#1562,.F.);
#1641=ADVANCED_FACE('',(#1478),#1563,.F.);
#1642=ADVANCED_FACE('',(#1479),#1564,.F.);
#1643=ADVANCED_FACE('',(#1480),#1565,.F.);
#1644=ADVANCED_FACE('',(#1481),#1566,.F.);
#1645=ADVANCED_FACE('',(#1482),#1567,.F.);
#1646=ADVANCED_FACE('',(#1483),#1568,.F.);
#1647=ADVANCED_FACE('',(#1484),#18,.T.);
#1648=ADVANCED_FACE('',(#1485),#19,.T.);
#1649=ADVANCED_FACE('',(#1486),#20,.T.);
#1650=ADVANCED_FACE('',(#1487),#1569,.F.);
#1651=ADVANCED_FACE('',(#1488),#1570,.F.);
#1652=ADVANCED_FACE('',(#1489),#1571,.F.);
#1653=ADVANCED_FACE('',(#1490),#1572,.F.);
#1654=ADVANCED_FACE('',(#1491),#21,.F.);
#1655=ADVANCED_FACE('',(#1492),#1573,.F.);
#1656=ADVANCED_FACE('',(#1493),#1574,.F.);
#1657=ADVANCED_FACE('',(#1494,#1495),#1575,.F.);
#1658=ADVANCED_FACE('',(#1496),#22,.F.);
#1659=ADVANCED_FACE('',(#1497),#1576,.F.);
#1660=ADVANCED_FACE('',(#1498),#1577,.F.);
#1661=ADVANCED_FACE('',(#1499),#1578,.F.);
#1662=ADVANCED_FACE('',(#1500),#1579,.F.);
#1663=ADVANCED_FACE('',(#1501),#1580,.F.);
#1664=ADVANCED_FACE('',(#1502),#23,.F.);
#1665=ADVANCED_FACE('',(#1503),#1581,.F.);
#1666=ADVANCED_FACE('',(#1504),#1582,.F.);
#1667=ADVANCED_FACE('',(#1505),#1583,.T.);
#1668=CLOSED_SHELL('',(#1584,#1585,#1586,#1587,#1588,#1589,#1590,#1591,
#1592,#1593,#1594,#1595,#1596,#1597,#1598,#1599,#1600,#1601,#1602,#1603,
#1604,#1605,#1606,#1607,#1608,#1609,#1610,#1611,#1612,#1613,#1614,#1615,
#1616,#1617));
#1669=CLOSED_SHELL('',(#1618,#1619,#1620,#1621,#1622,#1623,#1624,#1625,
#1626,#1627,#1628,#1629,#1630,#1631,#1632,#1633,#1634,#1635,#1636));
#1670=CLOSED_SHELL('',(#1637,#1638,#1639,#1640,#1641,#1642,#1643,#1644,
#1645,#1646,#1647,#1648,#1649,#1650,#1651,#1652,#1653,#1654,#1655,#1656,
#1657,#1658,#1659,#1660,#1661,#1662,#1663,#1664,#1665,#1666,#1667));
#1671=STYLED_ITEM('',(#1674),#1695);
#1672=STYLED_ITEM('',(#1675),#1696);
#1673=STYLED_ITEM('',(#1676),#1697);
#1674=PRESENTATION_STYLE_ASSIGNMENT((#1677));
#1675=PRESENTATION_STYLE_ASSIGNMENT((#1678));
#1676=PRESENTATION_STYLE_ASSIGNMENT((#1679));
#1677=SURFACE_STYLE_USAGE(.BOTH.,#1680);
#1678=SURFACE_STYLE_USAGE(.BOTH.,#1681);
#1679=SURFACE_STYLE_USAGE(.BOTH.,#1682);
#1680=SURFACE_SIDE_STYLE('',(#1683));
#1681=SURFACE_SIDE_STYLE('',(#1684));
#1682=SURFACE_SIDE_STYLE('',(#1685));
#1683=SURFACE_STYLE_FILL_AREA(#1686);
#1684=SURFACE_STYLE_FILL_AREA(#1687);
#1685=SURFACE_STYLE_FILL_AREA(#1688);
#1686=FILL_AREA_STYLE('',(#1689));
#1687=FILL_AREA_STYLE('',(#1690));
#1688=FILL_AREA_STYLE('',(#1691));
#1689=FILL_AREA_STYLE_COLOUR('',#1692);
#1690=FILL_AREA_STYLE_COLOUR('',#1693);
#1691=FILL_AREA_STYLE_COLOUR('',#1694);
#1692=COLOUR_RGB('',0.0549019612371922,0.0549019612371922,0.0549019612371922);
#1693=COLOUR_RGB('',0.831372559070587,0.701960802078247,0.176470592617989);
#1694=COLOUR_RGB('',0.670588254928589,0.670588254928589,0.670588254928589);
#1695=MANIFOLD_SOLID_BREP('TSM-103-01-SV_body',#1668);
#1696=MANIFOLD_SOLID_BREP('T-1S6-16-L(-01-3-SV)',#1669);
#1697=MANIFOLD_SOLID_BREP('T-1S6-16-L(-01-3-SV)2',#1670);
#1698=SHAPE_DEFINITION_REPRESENTATION(#2705,#1702);
#1699=SHAPE_DEFINITION_REPRESENTATION(#2706,#1703);
#1700=SHAPE_DEFINITION_REPRESENTATION(#2708,#1704);
#1701=SHAPE_DEFINITION_REPRESENTATION(#2710,#1705);
#1702=SHAPE_REPRESENTATION('TSM-103-01-L-SV',(#1706,#1741,#1761,#1805),
#2691);
#1703=SHAPE_REPRESENTATION('TSM-103-01-SV_body',(#1706),#2692);
#1704=SHAPE_REPRESENTATION('T-1S6-16-L(-01-3-SV)',(#1706),#2693);
#1705=SHAPE_REPRESENTATION('T-1S6-16-L(-01-3-SV)2',(#1706),#2694);
#1706=AXIS2_PLACEMENT_3D('',#2222,#1806,#1807);
#1707=AXIS2_PLACEMENT_3D('',#2223,#1808,#1809);
#1708=AXIS2_PLACEMENT_3D('',#2288,#1842,#1843);
#1709=AXIS2_PLACEMENT_3D('',#2353,#1876,#1877);
#1710=AXIS2_PLACEMENT_3D('',#2356,#1880,#1881);
#1711=AXIS2_PLACEMENT_3D('',#2359,#1884,#1885);
#1712=AXIS2_PLACEMENT_3D('',#2362,#1888,#1889);
#1713=AXIS2_PLACEMENT_3D('',#2365,#1892,#1893);
#1714=AXIS2_PLACEMENT_3D('',#2368,#1896,#1897);
#1715=AXIS2_PLACEMENT_3D('',#2371,#1900,#1901);
#1716=AXIS2_PLACEMENT_3D('',#2372,#1902,#1903);
#1717=AXIS2_PLACEMENT_3D('',#2375,#1906,#1907);
#1718=AXIS2_PLACEMENT_3D('',#2377,#1909,#1910);
#1719=AXIS2_PLACEMENT_3D('',#2379,#1912,#1913);
#1720=AXIS2_PLACEMENT_3D('',#2382,#1916,#1917);
#1721=AXIS2_PLACEMENT_3D('',#2384,#1919,#1920);
#1722=AXIS2_PLACEMENT_3D('',#2386,#1922,#1923);
#1723=AXIS2_PLACEMENT_3D('',#2389,#1926,#1927);
#1724=AXIS2_PLACEMENT_3D('',#2391,#1929,#1930);
#1725=AXIS2_PLACEMENT_3D('',#2393,#1932,#1933);
#1726=AXIS2_PLACEMENT_3D('',#2394,#1934,#1935);
#1727=AXIS2_PLACEMENT_3D('',#2395,#1936,#1937);
#1728=AXIS2_PLACEMENT_3D('',#2396,#1938,#1939);
#1729=AXIS2_PLACEMENT_3D('',#2397,#1940,#1941);
#1730=AXIS2_PLACEMENT_3D('',#2399,#1943,#1944);
#1731=AXIS2_PLACEMENT_3D('',#2401,#1946,#1947);
#1732=AXIS2_PLACEMENT_3D('',#2402,#1948,#1949);
#1733=AXIS2_PLACEMENT_3D('',#2404,#1951,#1952);
#1734=AXIS2_PLACEMENT_3D('',#2406,#1954,#1955);
#1735=AXIS2_PLACEMENT_3D('',#2407,#1956,#1957);
#1736=AXIS2_PLACEMENT_3D('',#2409,#1959,#1960);
#1737=AXIS2_PLACEMENT_3D('',#2411,#1962,#1963);
#1738=AXIS2_PLACEMENT_3D('',#2412,#1964,#1965);
#1739=AXIS2_PLACEMENT_3D('',#2414,#1967,#1968);
#1740=AXIS2_PLACEMENT_3D('',#2416,#1970,#1971);
#1741=AXIS2_PLACEMENT_3D('',#2417,#1972,#1973);
#1742=AXIS2_PLACEMENT_3D('',#2418,#1974,#1975);
#1743=AXIS2_PLACEMENT_3D('',#2427,#1980,#1981);
#1744=AXIS2_PLACEMENT_3D('',#2436,#1986,#1987);
#1745=AXIS2_PLACEMENT_3D('',#2447,#1994,#1995);
#1746=AXIS2_PLACEMENT_3D('',#2458,#2002,#2003);
#1747=AXIS2_PLACEMENT_3D('',#2464,#2007,#2008);
#1748=AXIS2_PLACEMENT_3D('',#2473,#2013,#2014);
#1749=AXIS2_PLACEMENT_3D('',#2479,#2018,#2019);
#1750=AXIS2_PLACEMENT_3D('',#2488,#2024,#2025);
#1751=AXIS2_PLACEMENT_3D('',#2490,#2027,#2028);
#1752=AXIS2_PLACEMENT_3D('',#2493,#2031,#2032);
#1753=AXIS2_PLACEMENT_3D('',#2499,#2036,#2037);
#1754=AXIS2_PLACEMENT_3D('',#2505,#2041,#2042);
#1755=AXIS2_PLACEMENT_3D('',#2507,#2044,#2045);
#1756=AXIS2_PLACEMENT_3D('',#2512,#2050,#2051);
#1757=AXIS2_PLACEMENT_3D('',#2513,#2052,#2053);
#1758=AXIS2_PLACEMENT_3D('',#2514,#2054,#2055);
#1759=AXIS2_PLACEMENT_3D('',#2515,#2056,#2057);
#1760=AXIS2_PLACEMENT_3D('',#2516,#2058,#2059);
#1761=AXIS2_PLACEMENT_3D('',#2517,#2060,#2061);
#1762=AXIS2_PLACEMENT_3D('',#2518,#2062,#2063);
#1763=AXIS2_PLACEMENT_3D('',#2527,#2068,#2069);
#1764=AXIS2_PLACEMENT_3D('',#2536,#2074,#2075);
#1765=AXIS2_PLACEMENT_3D('',#2542,#2079,#2080);
#1766=AXIS2_PLACEMENT_3D('',#2550,#2084,#2085);
#1767=AXIS2_PLACEMENT_3D('',#2555,#2088,#2089);
#1768=AXIS2_PLACEMENT_3D('',#2561,#2093,#2094);
#1769=AXIS2_PLACEMENT_3D('',#2569,#2098,#2099);
#1770=AXIS2_PLACEMENT_3D('',#2574,#2102,#2103);
#1771=AXIS2_PLACEMENT_3D('',#2580,#2107,#2108);
#1772=AXIS2_PLACEMENT_3D('',#2586,#2112,#2113);
#1773=AXIS2_PLACEMENT_3D('',#2595,#2118,#2119);
#1774=AXIS2_PLACEMENT_3D('',#2601,#2123,#2124);
#1775=AXIS2_PLACEMENT_3D('',#2607,#2128,#2129);
#1776=AXIS2_PLACEMENT_3D('',#2616,#2134,#2135);
#1777=AXIS2_PLACEMENT_3D('',#2617,#2136,#2137);
#1778=AXIS2_PLACEMENT_3D('',#2619,#2138,#2139);
#1779=AXIS2_PLACEMENT_3D('',#2622,#2141,#2142);
#1780=AXIS2_PLACEMENT_3D('',#2623,#2143,#2144);
#1781=AXIS2_PLACEMENT_3D('',#2626,#2146,#2147);
#1782=AXIS2_PLACEMENT_3D('',#2627,#2148,#2149);
#1783=AXIS2_PLACEMENT_3D('',#2630,#2151,#2152);
#1784=AXIS2_PLACEMENT_3D('',#2634,#2155,#2156);
#1785=AXIS2_PLACEMENT_3D('',#2636,#2158,#2159);
#1786=AXIS2_PLACEMENT_3D('',#2641,#2162,#2163);
#1787=AXIS2_PLACEMENT_3D('',#2645,#2166,#2167);
#1788=AXIS2_PLACEMENT_3D('',#2646,#2168,#2169);
#1789=AXIS2_PLACEMENT_3D('',#2652,#2173,#2174);
#1790=AXIS2_PLACEMENT_3D('',#2654,#2176,#2177);
#1791=AXIS2_PLACEMENT_3D('',#2656,#2179,#2180);
#1792=AXIS2_PLACEMENT_3D('',#2657,#2181,#2182);
#1793=AXIS2_PLACEMENT_3D('',#2660,#2185,#2186);
#1794=AXIS2_PLACEMENT_3D('',#2662,#2188,#2189);
#1795=AXIS2_PLACEMENT_3D('',#2664,#2191,#2192);
#1796=AXIS2_PLACEMENT_3D('',#2665,#2193,#2194);
#1797=AXIS2_PLACEMENT_3D('',#2671,#2198,#2199);
#1798=AXIS2_PLACEMENT_3D('',#2677,#2203,#2204);
#1799=AXIS2_PLACEMENT_3D('',#2683,#2208,#2209);
#1800=AXIS2_PLACEMENT_3D('',#2684,#2210,#2211);
#1801=AXIS2_PLACEMENT_3D('',#2685,#2212,#2213);
#1802=AXIS2_PLACEMENT_3D('',#2686,#2214,#2215);
#1803=AXIS2_PLACEMENT_3D('',#2687,#2216,#2217);
#1804=AXIS2_PLACEMENT_3D('',#2688,#2218,#2219);
#1805=AXIS2_PLACEMENT_3D('',#2689,#2220,#2221);
#1806=DIRECTION('',(0.,0.,1.));
#1807=DIRECTION('',(1.,0.,0.));
#1808=DIRECTION('',(0.,1.,0.));
#1809=DIRECTION('',(0.,0.,1.));
#1810=DIRECTION('',(0.,0.,1.));
#1811=DIRECTION('',(-1.,0.,0.));
#1812=DIRECTION('',(0.,0.,-1.));
#1813=DIRECTION('',(1.,0.,0.));
#1814=DIRECTION('',(0.,0.,1.));
#1815=DIRECTION('',(-1.,0.,0.));
#1816=DIRECTION('',(0.,0.,-1.));
#1817=DIRECTION('',(1.,0.,0.));
#1818=DIRECTION('',(0.,0.,1.));
#1819=DIRECTION('',(-1.,0.,0.));
#1820=DIRECTION('',(0.,0.,-1.));
#1821=DIRECTION('',(1.,0.,0.));
#1822=DIRECTION('',(1.,0.,0.));
#1823=DIRECTION('',(0.500000000000013,0.,0.866025403784431));
#1824=DIRECTION('',(-1.,0.,0.));
#1825=DIRECTION('',(0.,0.,1.));
#1826=DIRECTION('',(1.,0.,0.));
#1827=DIRECTION('',(-0.500000000000001,0.,0.866025403784438));
#1828=DIRECTION('',(-1.,0.,0.));
#1829=DIRECTION('',(-0.5,0.,-0.866025403784439));
#1830=DIRECTION('',(1.,0.,0.));
#1831=DIRECTION('',(-0.5,0.,0.866025403784439));
#1832=DIRECTION('',(-1.,0.,0.));
#1833=DIRECTION('',(-0.499999999999999,0.,-0.866025403784439));
#1834=DIRECTION('',(1.,0.,0.));
#1835=DIRECTION('',(0.,0.,-1.));
#1836=DIRECTION('',(-1.,0.,0.));
#1837=DIRECTION('',(0.500000000000013,0.,-0.866025403784431));
#1838=DIRECTION('',(1.,0.,0.));
#1839=DIRECTION('',(0.499999999999984,0.,0.866025403784448));
#1840=DIRECTION('',(-1.,0.,0.));
#1841=DIRECTION('',(0.499999999999999,0.,-0.866025403784439));
#1842=DIRECTION('',(0.,1.,0.));
#1843=DIRECTION('',(0.,0.,1.));
#1844=DIRECTION('',(0.,0.,1.));
#1845=DIRECTION('',(1.,0.,0.));
#1846=DIRECTION('',(0.,0.,-1.));
#1847=DIRECTION('',(-1.,0.,0.));
#1848=DIRECTION('',(0.,0.,1.));
#1849=DIRECTION('',(1.,0.,0.));
#1850=DIRECTION('',(0.,0.,-1.));
#1851=DIRECTION('',(-1.,0.,0.));
#1852=DIRECTION('',(0.,0.,1.));
#1853=DIRECTION('',(1.,0.,0.));
#1854=DIRECTION('',(0.,0.,-1.));
#1855=DIRECTION('',(-1.,0.,0.));
#1856=DIRECTION('',(0.500000000000013,0.,0.866025403784431));
#1857=DIRECTION('',(1.,0.,0.));
#1858=DIRECTION('',(0.499999999999999,0.,-0.866025403784439));
#1859=DIRECTION('',(-1.,0.,0.));
#1860=DIRECTION('',(0.499999999999984,0.,0.866025403784448));
#1861=DIRECTION('',(1.,0.,0.));
#1862=DIRECTION('',(0.500000000000013,0.,-0.866025403784431));
#1863=DIRECTION('',(-1.,0.,0.));
#1864=DIRECTION('',(0.,0.,-1.));
#1865=DIRECTION('',(1.,0.,0.));
#1866=DIRECTION('',(-0.499999999999999,0.,-0.866025403784439));
#1867=DIRECTION('',(-1.,0.,0.));
#1868=DIRECTION('',(-0.5,0.,0.866025403784439));
#1869=DIRECTION('',(1.,0.,0.));
#1870=DIRECTION('',(-0.5,0.,-0.866025403784439));
#1871=DIRECTION('',(-1.,0.,0.));
#1872=DIRECTION('',(-0.500000000000001,0.,0.866025403784438));
#1873=DIRECTION('',(1.,0.,0.));
#1874=DIRECTION('',(0.,0.,1.));
#1875=DIRECTION('',(-1.,0.,0.));
#1876=DIRECTION('',(0.,0.,1.));
#1877=DIRECTION('',(1.,0.,0.));
#1878=DIRECTION('',(0.,-1.,0.));
#1879=DIRECTION('',(0.,-1.,0.));
#1880=DIRECTION('',(0.,0.,1.));
#1881=DIRECTION('',(1.,0.,0.));
#1882=DIRECTION('',(0.,-1.,0.));
#1883=DIRECTION('',(0.,-1.,0.));
#1884=DIRECTION('',(0.,0.,1.));
#1885=DIRECTION('',(1.,0.,0.));
#1886=DIRECTION('',(0.,-1.,0.));
#1887=DIRECTION('',(0.,-1.,0.));
#1888=DIRECTION('',(0.,0.,-1.));
#1889=DIRECTION('',(-1.,0.,0.));
#1890=DIRECTION('',(0.,-1.,0.));
#1891=DIRECTION('',(0.,-1.,0.));
#1892=DIRECTION('',(0.,0.,-1.));
#1893=DIRECTION('',(-1.,0.,0.));
#1894=DIRECTION('',(0.,-1.,0.));
#1895=DIRECTION('',(0.,-1.,0.));
#1896=DIRECTION('',(0.,0.,-1.));
#1897=DIRECTION('',(-1.,0.,0.));
#1898=DIRECTION('',(0.,-1.,0.));
#1899=DIRECTION('',(0.,-1.,0.));
#1900=DIRECTION('',(1.,0.,0.));
#1901=DIRECTION('',(0.,0.,-1.));
#1902=DIRECTION('',(1.,0.,0.));
#1903=DIRECTION('',(0.,0.,-1.));
#1904=DIRECTION('',(0.,-1.,0.));
#1905=DIRECTION('',(0.,-1.,0.));
#1906=DIRECTION('',(0.,0.,1.));
#1907=DIRECTION('',(1.,0.,0.));
#1908=DIRECTION('',(0.,-1.,0.));
#1909=DIRECTION('',(-1.,0.,0.));
#1910=DIRECTION('',(0.,0.,1.));
#1911=DIRECTION('',(0.,-1.,0.));
#1912=DIRECTION('',(1.,0.,0.));
#1913=DIRECTION('',(0.,0.,-1.));
#1914=DIRECTION('',(0.,-1.,0.));
#1915=DIRECTION('',(0.,-1.,0.));
#1916=DIRECTION('',(0.,0.,1.));
#1917=DIRECTION('',(1.,0.,0.));
#1918=DIRECTION('',(0.,-1.,0.));
#1919=DIRECTION('',(-1.,0.,0.));
#1920=DIRECTION('',(0.,0.,1.));
#1921=DIRECTION('',(0.,-1.,0.));
#1922=DIRECTION('',(1.,0.,0.));
#1923=DIRECTION('',(0.,0.,-1.));
#1924=DIRECTION('',(0.,-1.,0.));
#1925=DIRECTION('',(0.,-1.,0.));
#1926=DIRECTION('',(0.,0.,1.));
#1927=DIRECTION('',(1.,0.,0.));
#1928=DIRECTION('',(0.,-1.,0.));
#1929=DIRECTION('',(-1.,0.,0.));
#1930=DIRECTION('',(0.,0.,1.));
#1931=DIRECTION('',(0.,-1.,0.));
#1932=DIRECTION('',(0.,0.,-1.));
#1933=DIRECTION('',(-1.,0.,0.));
#1934=DIRECTION('',(0.,0.,-1.));
#1935=DIRECTION('',(-1.,0.,0.));
#1936=DIRECTION('',(0.,0.,-1.));
#1937=DIRECTION('',(-1.,0.,0.));
#1938=DIRECTION('',(-1.,0.,0.));
#1939=DIRECTION('',(0.,0.,1.));
#1940=DIRECTION('',(0.866025403784438,0.,0.5));
#1941=DIRECTION('',(0.5,0.,-0.866025403784438));
#1942=DIRECTION('',(0.,-1.,0.));
#1943=DIRECTION('',(0.,0.,1.));
#1944=DIRECTION('',(1.,0.,0.));
#1945=DIRECTION('',(0.,-1.,0.));
#1946=DIRECTION('',(-0.866025403784439,0.,0.5));
#1947=DIRECTION('',(0.5,0.,0.866025403784439));
#1948=DIRECTION('',(-0.866025403784439,0.,0.499999999999999));
#1949=DIRECTION('',(0.5,0.,0.866025403784439));
#1950=DIRECTION('',(0.,-1.,0.));
#1951=DIRECTION('',(0.,0.,1.));
#1952=DIRECTION('',(1.,0.,0.));
#1953=DIRECTION('',(0.,-1.,0.));
#1954=DIRECTION('',(0.866025403784439,0.,0.5));
#1955=DIRECTION('',(0.5,0.,-0.866025403784439));
#1956=DIRECTION('',(0.866025403784448,0.,-0.499999999999984));
#1957=DIRECTION('',(-0.499999999999984,0.,-0.866025403784448));
#1958=DIRECTION('',(0.,-1.,0.));
#1959=DIRECTION('',(-0.866025403784431,0.,-0.500000000000013));
#1960=DIRECTION('',(-0.500000000000013,0.,0.866025403784431));
#1961=DIRECTION('',(0.,-1.,0.));
#1962=DIRECTION('',(0.,0.,-1.));
#1963=DIRECTION('',(-1.,0.,0.));
#1964=DIRECTION('',(0.866025403784431,0.,-0.500000000000013));
#1965=DIRECTION('',(-0.500000000000013,0.,-0.866025403784431));
#1966=DIRECTION('',(0.,-1.,0.));
#1967=DIRECTION('',(0.,0.,-1.));
#1968=DIRECTION('',(-1.,0.,0.));
#1969=DIRECTION('',(0.,-1.,0.));
#1970=DIRECTION('',(-0.866025403784439,0.,-0.499999999999999));
#1971=DIRECTION('',(-0.499999999999999,0.,0.866025403784439));
#1972=DIRECTION('',(0.,0.,1.));
#1973=DIRECTION('',(1.,0.,0.));
#1974=DIRECTION('',(0.,0.,-1.));
#1975=DIRECTION('',(-1.,0.,0.));
#1976=DIRECTION('',(-1.,0.,0.));
#1977=DIRECTION('',(0.,-1.,0.));
#1978=DIRECTION('',(-1.,0.,0.));
#1979=DIRECTION('',(0.,-1.,0.));
#1980=DIRECTION('',(0.,0.,1.));
#1981=DIRECTION('',(1.,0.,0.));
#1982=DIRECTION('',(1.,0.,0.));
#1983=DIRECTION('',(0.,1.,0.));
#1984=DIRECTION('',(-1.,0.,0.));
#1985=DIRECTION('',(0.,1.,0.));
#1986=DIRECTION('',(1.,0.,0.));
#1987=DIRECTION('',(0.,0.,-1.));
#1988=DIRECTION('',(0.,-8.11017373119078E-17,-1.));
#1989=DIRECTION('',(0.,0.,1.));
#1990=DIRECTION('',(0.,1.,1.91127424929869E-17));
#1991=DIRECTION('',(0.,0.,1.));
#1992=DIRECTION('',(0.,-1.,0.));
#1993=DIRECTION('',(0.,0.,1.));
#1994=DIRECTION('',(1.,0.,0.));
#1995=DIRECTION('',(0.,0.,-1.));
#1996=DIRECTION('',(0.,-8.11017373119078E-17,-1.));
#1997=DIRECTION('',(0.,0.,1.));
#1998=DIRECTION('',(0.,-1.,0.));
#1999=DIRECTION('',(0.,0.,1.));
#2000=DIRECTION('',(0.,1.,1.91127424929869E-17));
#2001=DIRECTION('',(0.,0.,1.));
#2002=DIRECTION('',(0.,-1.91127424929869E-17,1.));
#2003=DIRECTION('',(0.,-1.,-1.91127424929869E-17));
#2004=DIRECTION('',(0.,1.,1.91127424929869E-17));
#2005=DIRECTION('',(-1.,0.,0.));
#2006=DIRECTION('',(-1.,0.,0.));
#2007=DIRECTION('',(0.,-1.91127424929869E-17,1.));
#2008=DIRECTION('',(0.,-1.,-1.91127424929869E-17));
#2009=DIRECTION('',(0.,-1.,-1.91127424929869E-17));
#2010=DIRECTION('',(-1.,0.,0.));
#2011=DIRECTION('',(0.,1.,1.91127424929869E-17));
#2012=DIRECTION('',(-1.,0.,0.));
#2013=DIRECTION('',(0.,0.,-1.));
#2014=DIRECTION('',(-1.,0.,0.));
#2015=DIRECTION('',(0.,-1.,0.));
#2016=DIRECTION('',(-1.,0.,0.));
#2017=DIRECTION('',(1.,0.,0.));
#2018=DIRECTION('',(0.,0.,-1.));
#2019=DIRECTION('',(-1.,0.,0.));
#2020=DIRECTION('',(0.,1.,0.));
#2021=DIRECTION('',(1.,0.,0.));
#2022=DIRECTION('',(0.,-1.,0.));
#2023=DIRECTION('',(-1.,0.,0.));
#2024=DIRECTION('',(0.,-1.,0.));
#2025=DIRECTION('',(0.,0.,-1.));
#2026=DIRECTION('',(0.,0.,1.));
#2027=DIRECTION('',(0.,-1.,0.));
#2028=DIRECTION('',(0.,0.,-1.));
#2029=DIRECTION('',(0.,0.,-1.));
#2030=DIRECTION('',(0.,0.,1.));
#2031=DIRECTION('',(0.,-1.91127424929869E-17,1.));
#2032=DIRECTION('',(0.,-1.,-1.91127424929869E-17));
#2033=DIRECTION('',(0.,-1.,-1.91127424929869E-17));
#2034=DIRECTION('',(-1.,0.,0.));
#2035=DIRECTION('',(-1.,0.,0.));
#2036=DIRECTION('',(0.,0.,-1.));
#2037=DIRECTION('',(-1.,0.,0.));
#2038=DIRECTION('',(0.,1.,0.));
#2039=DIRECTION('',(1.,0.,0.));
#2040=DIRECTION('',(-1.,0.,0.));
#2041=DIRECTION('',(0.,-1.,0.));
#2042=DIRECTION('',(0.,0.,-1.));
#2043=DIRECTION('',(0.,0.,-1.));
#2044=DIRECTION('',(0.,-1.,0.));
#2045=DIRECTION('',(0.,0.,-1.));
#2046=DIRECTION('',(0.,0.,-1.));
#2047=DIRECTION('',(0.,0.,-1.));
#2048=DIRECTION('',(0.,0.,-1.));
#2049=DIRECTION('',(0.,0.,1.));
#2050=DIRECTION('',(1.,0.,0.));
#2051=DIRECTION('',(0.,0.,-1.));
#2052=DIRECTION('',(-1.,0.,0.));
#2053=DIRECTION('',(0.,0.,1.));
#2054=DIRECTION('',(1.,0.,0.));
#2055=DIRECTION('',(0.,0.,-1.));
#2056=DIRECTION('',(-1.,0.,0.));
#2057=DIRECTION('',(0.,0.,1.));
#2058=DIRECTION('',(0.,-1.,8.11017373119078E-17));
#2059=DIRECTION('',(0.,-8.11017373119078E-17,-1.));
#2060=DIRECTION('',(0.,0.,1.));
#2061=DIRECTION('',(1.,0.,0.));
#2062=DIRECTION('',(0.,0.,-1.));
#2063=DIRECTION('',(-1.,0.,0.));
#2064=DIRECTION('',(1.,0.,0.));
#2065=DIRECTION('',(0.,-1.,0.));
#2066=DIRECTION('',(-1.,0.,0.));
#2067=DIRECTION('',(0.,-1.,0.));
#2068=DIRECTION('',(0.,0.,1.));
#2069=DIRECTION('',(1.,0.,0.));
#2070=DIRECTION('',(-1.,0.,0.));
#2071=DIRECTION('',(0.,1.,0.));
#2072=DIRECTION('',(-1.,0.,0.));
#2073=DIRECTION('',(0.,1.,0.));
#2074=DIRECTION('',(1.,0.,0.));
#2075=DIRECTION('',(0.,0.,-1.));
#2076=DIRECTION('',(0.,-8.11017373119078E-17,1.));
#2077=DIRECTION('',(0.,0.,-1.));
#2078=DIRECTION('',(0.,-1.,0.));
#2079=DIRECTION('',(1.,0.,0.));
#2080=DIRECTION('',(0.,0.,-1.));
#2081=DIRECTION('',(0.,1.79098426158059E-16,1.));
#2082=DIRECTION('',(0.,-1.,0.));
#2083=DIRECTION('',(0.,0.,-1.));
#2084=DIRECTION('',(1.,0.,0.));
#2085=DIRECTION('',(0.,0.,-1.));
#2086=DIRECTION('',(0.,1.,1.91127424929869E-17));
#2087=DIRECTION('',(0.,0.,-1.));
#2088=DIRECTION('',(1.,0.,0.));
#2089=DIRECTION('',(0.,0.,-1.));
#2090=DIRECTION('',(0.,-8.11017373119078E-17,1.));
#2091=DIRECTION('',(0.,0.,-1.));
#2092=DIRECTION('',(0.,1.,1.91127424929869E-17));
#2093=DIRECTION('',(1.,0.,0.));
#2094=DIRECTION('',(0.,0.,-1.));
#2095=DIRECTION('',(0.,0.,-1.));
#2096=DIRECTION('',(0.,-1.,0.));
#2097=DIRECTION('',(0.,1.79098426158059E-16,1.));
#2098=DIRECTION('',(1.,0.,0.));
#2099=DIRECTION('',(0.,0.,-1.));
#2100=DIRECTION('',(0.,-1.,0.));
#2101=DIRECTION('',(0.,0.,-1.));
#2102=DIRECTION('',(0.,0.,-1.));
#2103=DIRECTION('',(-1.,0.,0.));
#2104=DIRECTION('',(0.,-1.,0.));
#2105=DIRECTION('',(-1.,0.,0.));
#2106=DIRECTION('',(-1.,0.,0.));
#2107=DIRECTION('',(0.,0.,-1.));
#2108=DIRECTION('',(-1.,0.,0.));
#2109=DIRECTION('',(1.70740499604016E-17,1.,0.));
#2110=DIRECTION('',(-1.,0.,0.));
#2111=DIRECTION('',(-1.,0.,0.));
#2112=DIRECTION('',(0.,0.,-1.));
#2113=DIRECTION('',(-1.,0.,0.));
#2114=DIRECTION('',(0.,-1.,0.));
#2115=DIRECTION('',(-1.,0.,0.));
#2116=DIRECTION('',(0.,1.,0.));
#2117=DIRECTION('',(-1.,0.,2.43914999434309E-17));
#2118=DIRECTION('',(0.,-1.91127424929869E-17,1.));
#2119=DIRECTION('',(0.,-1.,-1.91127424929869E-17));
#2120=DIRECTION('',(0.,1.,1.91127424929869E-17));
#2121=DIRECTION('',(1.,0.,6.09787498585773E-17));
#2122=DIRECTION('',(1.,0.,0.));
#2123=DIRECTION('',(0.,-1.91127424929869E-17,1.));
#2124=DIRECTION('',(0.,-1.,-1.91127424929869E-17));
#2125=DIRECTION('',(-1.70740499604016E-17,-1.,-1.91127424929869E-17));
#2126=DIRECTION('',(1.,0.,0.));
#2127=DIRECTION('',(-1.,0.,0.));
#2128=DIRECTION('',(0.,-1.91127424929869E-17,1.));
#2129=DIRECTION('',(0.,-1.,-1.91127424929869E-17));
#2130=DIRECTION('',(0.,1.,1.91127424929869E-17));
#2131=DIRECTION('',(-1.,0.,0.));
#2132=DIRECTION('',(0.,-1.,-1.91127424929869E-17));
#2133=DIRECTION('',(1.,0.,0.));
#2134=DIRECTION('',(-1.,0.,0.));
#2135=DIRECTION('',(0.,0.,1.));
#2136=DIRECTION('',(-1.,0.,0.));
#2137=DIRECTION('',(0.,0.,1.));
#2138=DIRECTION('',(1.,0.,0.));
#2139=DIRECTION('',(0.,0.,-1.));
#2140=DIRECTION('',(-1.,-2.43914999434309E-17,1.49354861660628E-33));
#2141=DIRECTION('',(1.,0.,0.));
#2142=DIRECTION('',(0.,0.,-1.));
#2143=DIRECTION('',(1.,0.,0.));
#2144=DIRECTION('',(0.,0.,-1.));
#2145=DIRECTION('',(1.,6.09787498585773E-17,3.73387154151569E-33));
#2146=DIRECTION('',(1.,0.,0.));
#2147=DIRECTION('',(0.,0.,-1.));
#2148=DIRECTION('',(-1.,0.,0.));
#2149=DIRECTION('',(0.,0.,1.));
#2150=DIRECTION('',(1.,6.09787498585773E-17,3.73387154151569E-33));
#2151=DIRECTION('',(0.,1.,0.));
#2152=DIRECTION('',(0.,0.,1.));
#2153=DIRECTION('',(0.,0.,1.));
#2154=DIRECTION('',(-1.,0.,0.));
#2155=DIRECTION('',(-1.,0.,0.));
#2156=DIRECTION('',(0.,0.,1.));
#2157=DIRECTION('',(0.,0.,-1.));
#2158=DIRECTION('',(-1.,0.,0.));
#2159=DIRECTION('',(0.,0.,1.));
#2160=DIRECTION('',(0.,-1.79098426158059E-16,-1.));
#2161=DIRECTION('',(0.,1.,0.));
#2162=DIRECTION('',(0.,1.,0.));
#2163=DIRECTION('',(0.,0.,1.));
#2164=DIRECTION('',(-1.,0.,0.));
#2165=DIRECTION('',(0.,0.,-1.));
#2166=DIRECTION('',(1.,0.,0.));
#2167=DIRECTION('',(0.,0.,-1.));
#2168=DIRECTION('',(1.,0.,0.));
#2169=DIRECTION('',(0.,0.,-1.));
#2170=DIRECTION('',(0.,0.,-1.));
#2171=DIRECTION('',(0.,-1.,0.));
#2172=DIRECTION('',(0.,1.79098426158059E-16,1.));
#2173=DIRECTION('',(-1.,0.,0.));
#2174=DIRECTION('',(0.,0.,1.));
#2175=DIRECTION('',(-1.,0.,0.));
#2176=DIRECTION('',(0.,-1.,1.79098426158059E-16));
#2177=DIRECTION('',(0.,-1.79098426158059E-16,-1.));
#2178=DIRECTION('',(-1.,0.,0.));
#2179=DIRECTION('',(0.,0.,-1.));
#2180=DIRECTION('',(-1.,0.,0.));
#2181=DIRECTION('',(0.,1.,0.));
#2182=DIRECTION('',(0.,0.,1.));
#2183=DIRECTION('',(0.,0.,-1.));
#2184=DIRECTION('',(0.,0.,-1.));
#2185=DIRECTION('',(-1.,0.,0.));
#2186=DIRECTION('',(0.,0.,1.));
#2187=DIRECTION('',(-1.,0.,0.));
#2188=DIRECTION('',(0.,-1.,1.79098426158059E-16));
#2189=DIRECTION('',(0.,-1.79098426158059E-16,-1.));
#2190=DIRECTION('',(-1.,0.,0.));
#2191=DIRECTION('',(0.,0.,-1.));
#2192=DIRECTION('',(-1.,0.,0.));
#2193=DIRECTION('',(0.,1.,0.));
#2194=DIRECTION('',(0.,0.,1.));
#2195=DIRECTION('',(0.,0.,-1.));
#2196=DIRECTION('',(-1.,0.,0.));
#2197=DIRECTION('',(0.,0.,1.));
#2198=DIRECTION('',(0.,0.,1.));
#2199=DIRECTION('',(1.,0.,0.));
#2200=DIRECTION('',(0.,1.,0.));
#2201=DIRECTION('',(-1.,0.,0.));
#2202=DIRECTION('',(0.,-1.,0.));
#2203=DIRECTION('',(0.,-1.,1.79098426158059E-16));
#2204=DIRECTION('',(0.,-1.79098426158059E-16,-1.));
#2205=DIRECTION('',(0.,1.79098426158059E-16,1.));
#2206=DIRECTION('',(-1.,0.,0.));
#2207=DIRECTION('',(0.,-1.79098426158059E-16,-1.));
#2208=DIRECTION('',(-1.,0.,0.));
#2209=DIRECTION('',(0.,0.,1.));
#2210=DIRECTION('',(1.,0.,0.));
#2211=DIRECTION('',(0.,0.,-1.));
#2212=DIRECTION('',(-1.,0.,0.));
#2213=DIRECTION('',(0.,0.,1.));
#2214=DIRECTION('',(-1.,0.,0.));
#2215=DIRECTION('',(0.,0.,1.));
#2216=DIRECTION('',(1.,0.,0.));
#2217=DIRECTION('',(0.,0.,-1.));
#2218=DIRECTION('',(0.,1.,8.11017373119078E-17));
#2219=DIRECTION('',(0.,-8.11017373119078E-17,1.));
#2220=DIRECTION('',(0.,0.,1.));
#2221=DIRECTION('',(1.,0.,0.));
#2222=CARTESIAN_POINT('',(0.,0.,0.));
#2223=CARTESIAN_POINT('',(0.,0.05,0.));
#2224=CARTESIAN_POINT('',(-0.1125,0.05,-0.0125));
#2225=CARTESIAN_POINT('',(-0.1125,0.05,-0.0125));
#2226=CARTESIAN_POINT('',(-0.1125,0.05,0.0125));
#2227=CARTESIAN_POINT('',(-0.0875,0.05,-0.0125));
#2228=CARTESIAN_POINT('',(-0.0875,0.05,-0.0125));
#2229=CARTESIAN_POINT('',(-0.0875,0.05,0.0125));
#2230=CARTESIAN_POINT('',(-0.0875,0.05,0.0125));
#2231=CARTESIAN_POINT('',(-0.1125,0.05,0.0125));
#2232=CARTESIAN_POINT('',(-0.0125,0.05,-0.0125));
#2233=CARTESIAN_POINT('',(-0.0125,0.05,-0.0125));
#2234=CARTESIAN_POINT('',(-0.0125,0.05,0.0125));
#2235=CARTESIAN_POINT('',(0.0125,0.05,-0.0125));
#2236=CARTESIAN_POINT('',(0.0125,0.05,-0.0125));
#2237=CARTESIAN_POINT('',(0.0125,0.05,0.0125));
#2238=CARTESIAN_POINT('',(0.0125,0.05,0.0125));
#2239=CARTESIAN_POINT('',(-0.0125,0.05,0.0125));
#2240=CARTESIAN_POINT('',(0.0875,0.05,-0.0125));
#2241=CARTESIAN_POINT('',(0.0875,0.05,-0.0125));
#2242=CARTESIAN_POINT('',(0.0875,0.05,0.0125));
#2243=CARTESIAN_POINT('',(0.1125,0.05,-0.0125));
#2244=CARTESIAN_POINT('',(0.1125,0.05,-0.0125));
#2245=CARTESIAN_POINT('',(0.1125,0.05,0.0125));
#2246=CARTESIAN_POINT('',(0.1125,0.05,0.0125));
#2247=CARTESIAN_POINT('',(0.0875,0.05,0.0125));
#2248=CARTESIAN_POINT('',(-0.0542264973081037,0.05,-0.04));
#2249=CARTESIAN_POINT('',(-0.0542264973081037,0.05,-0.04));
#2250=CARTESIAN_POINT('',(-0.0457735026918963,0.05,-0.04));
#2251=CARTESIAN_POINT('',(-0.0600000000000001,0.05,-0.05));
#2252=CARTESIAN_POINT('',(-0.0600000000000001,0.05,-0.05));
#2253=CARTESIAN_POINT('',(0.15,0.05,-0.05));
#2254=CARTESIAN_POINT('',(-0.15,0.05,-0.05));
#2255=CARTESIAN_POINT('',(-0.15,0.05,-0.05));
#2256=CARTESIAN_POINT('',(-0.15,0.05,0.05));
#2257=CARTESIAN_POINT('',(-0.15,0.05,0.05));
#2258=CARTESIAN_POINT('',(-0.06,0.05,0.05));
#2259=CARTESIAN_POINT('',(-0.0542264973081037,0.05,0.04));
#2260=CARTESIAN_POINT('',(-0.0542264973081037,0.05,0.04));
#2261=CARTESIAN_POINT('',(-0.0457735026918962,0.05,0.04));
#2262=CARTESIAN_POINT('',(-0.0457735026918962,0.05,0.04));
#2263=CARTESIAN_POINT('',(-0.04,0.05,0.05));
#2264=CARTESIAN_POINT('',(-0.04,0.05,0.05));
#2265=CARTESIAN_POINT('',(-0.15,0.05,0.05));
#2266=CARTESIAN_POINT('',(0.04,0.05,0.05));
#2267=CARTESIAN_POINT('',(0.0457735026918963,0.05,0.04));
#2268=CARTESIAN_POINT('',(0.0457735026918963,0.05,0.04));
#2269=CARTESIAN_POINT('',(0.0542264973081038,0.05,0.04));
#2270=CARTESIAN_POINT('',(0.0542264973081038,0.05,0.04));
#2271=CARTESIAN_POINT('',(0.06,0.05,0.05));
#2272=CARTESIAN_POINT('',(0.06,0.05,0.05));
#2273=CARTESIAN_POINT('',(-0.15,0.05,0.05));
#2274=CARTESIAN_POINT('',(0.15,0.05,0.05));
#2275=CARTESIAN_POINT('',(0.15,0.05,0.05));
#2276=CARTESIAN_POINT('',(0.15,0.05,-0.05));
#2277=CARTESIAN_POINT('',(0.15,0.05,-0.05));
#2278=CARTESIAN_POINT('',(0.0600000000000001,0.05,-0.05));
#2279=CARTESIAN_POINT('',(0.0542264973081036,0.05,-0.04));
#2280=CARTESIAN_POINT('',(0.0542264973081036,0.05,-0.04));
#2281=CARTESIAN_POINT('',(0.0457735026918961,0.05,-0.04));
#2282=CARTESIAN_POINT('',(0.0457735026918961,0.05,-0.04));
#2283=CARTESIAN_POINT('',(0.0400000000000001,0.05,-0.05));
#2284=CARTESIAN_POINT('',(0.0400000000000001,0.05,-0.05));
#2285=CARTESIAN_POINT('',(0.15,0.05,-0.05));
#2286=CARTESIAN_POINT('',(-0.04,0.05,-0.05));
#2287=CARTESIAN_POINT('',(-0.0457735026918963,0.05,-0.04));
#2288=CARTESIAN_POINT('',(0.,-0.05,0.));
#2289=CARTESIAN_POINT('',(-0.1125,-0.05,-0.0125));
#2290=CARTESIAN_POINT('',(-0.1125,-0.05,-0.0125));
#2291=CARTESIAN_POINT('',(-0.1125,-0.05,0.0125));
#2292=CARTESIAN_POINT('',(-0.1125,-0.05,0.0125));
#2293=CARTESIAN_POINT('',(-0.0875,-0.05,0.0125));
#2294=CARTESIAN_POINT('',(-0.0875,-0.05,0.0125));
#2295=CARTESIAN_POINT('',(-0.0875,-0.05,-0.0125));
#2296=CARTESIAN_POINT('',(-0.0875,-0.05,-0.0125));
#2297=CARTESIAN_POINT('',(-0.0125,-0.05,-0.0125));
#2298=CARTESIAN_POINT('',(-0.0125,-0.05,-0.0125));
#2299=CARTESIAN_POINT('',(-0.0125,-0.05,0.0125));
#2300=CARTESIAN_POINT('',(-0.0125,-0.05,0.0125));
#2301=CARTESIAN_POINT('',(0.0125,-0.05,0.0125));
#2302=CARTESIAN_POINT('',(0.0125,-0.05,0.0125));
#2303=CARTESIAN_POINT('',(0.0125,-0.05,-0.0125));
#2304=CARTESIAN_POINT('',(0.0125,-0.05,-0.0125));
#2305=CARTESIAN_POINT('',(0.0875,-0.05,-0.0125));
#2306=CARTESIAN_POINT('',(0.0875,-0.05,-0.0125));
#2307=CARTESIAN_POINT('',(0.0875,-0.05,0.0125));
#2308=CARTESIAN_POINT('',(0.0875,-0.05,0.0125));
#2309=CARTESIAN_POINT('',(0.1125,-0.05,0.0125));
#2310=CARTESIAN_POINT('',(0.1125,-0.05,0.0125));
#2311=CARTESIAN_POINT('',(0.1125,-0.05,-0.0125));
#2312=CARTESIAN_POINT('',(0.1125,-0.05,-0.0125));
#2313=CARTESIAN_POINT('',(-0.0600000000000001,-0.05,-0.05));
#2314=CARTESIAN_POINT('',(-0.0600000000000001,-0.05,-0.05));
#2315=CARTESIAN_POINT('',(-0.0542264973081037,-0.05,-0.04));
#2316=CARTESIAN_POINT('',(-0.0542264973081037,-0.05,-0.04));
#2317=CARTESIAN_POINT('',(-0.0457735026918963,-0.05,-0.04));
#2318=CARTESIAN_POINT('',(-0.0457735026918963,-0.05,-0.04));
#2319=CARTESIAN_POINT('',(-0.0400000000000001,-0.05,-0.05));
#2320=CARTESIAN_POINT('',(0.15,-0.05,-0.05));
#2321=CARTESIAN_POINT('',(0.0400000000000001,-0.05,-0.05));
#2322=CARTESIAN_POINT('',(0.0400000000000001,-0.05,-0.05));
#2323=CARTESIAN_POINT('',(0.0457735026918961,-0.05,-0.04));
#2324=CARTESIAN_POINT('',(0.0457735026918961,-0.05,-0.04));
#2325=CARTESIAN_POINT('',(0.0542264973081036,-0.05,-0.04));
#2326=CARTESIAN_POINT('',(0.0542264973081036,-0.05,-0.04));
#2327=CARTESIAN_POINT('',(0.0600000000000001,-0.05,-0.05));
#2328=CARTESIAN_POINT('',(0.15,-0.05,-0.05));
#2329=CARTESIAN_POINT('',(0.15,-0.05,-0.05));
#2330=CARTESIAN_POINT('',(0.15,-0.05,0.05));
#2331=CARTESIAN_POINT('',(0.15,-0.05,0.05));
#2332=CARTESIAN_POINT('',(-0.15,-0.05,0.05));
#2333=CARTESIAN_POINT('',(0.06,-0.05,0.05));
#2334=CARTESIAN_POINT('',(0.06,-0.05,0.05));
#2335=CARTESIAN_POINT('',(0.0542264973081038,-0.05,0.04));
#2336=CARTESIAN_POINT('',(0.0542264973081038,-0.05,0.04));
#2337=CARTESIAN_POINT('',(0.0457735026918963,-0.05,0.04));
#2338=CARTESIAN_POINT('',(0.0457735026918963,-0.05,0.04));
#2339=CARTESIAN_POINT('',(0.0399999999999999,-0.05,0.05));
#2340=CARTESIAN_POINT('',(-0.15,-0.05,0.05));
#2341=CARTESIAN_POINT('',(-0.04,-0.05,0.05));
#2342=CARTESIAN_POINT('',(-0.04,-0.05,0.05));
#2343=CARTESIAN_POINT('',(-0.0457735026918962,-0.05,0.04));
#2344=CARTESIAN_POINT('',(-0.0457735026918962,-0.05,0.04));
#2345=CARTESIAN_POINT('',(-0.0542264973081037,-0.05,0.04));
#2346=CARTESIAN_POINT('',(-0.0542264973081037,-0.05,0.04));
#2347=CARTESIAN_POINT('',(-0.06,-0.05,0.05));
#2348=CARTESIAN_POINT('',(-0.15,-0.05,0.05));
#2349=CARTESIAN_POINT('',(-0.15,-0.05,0.05));
#2350=CARTESIAN_POINT('',(-0.15,-0.05,-0.05));
#2351=CARTESIAN_POINT('',(-0.15,-0.05,-0.05));
#2352=CARTESIAN_POINT('',(0.15,-0.05,-0.05));
#2353=CARTESIAN_POINT('',(0.15,0.05,-0.05));
#2354=CARTESIAN_POINT('',(-0.0600000000000001,0.05,-0.05));
#2355=CARTESIAN_POINT('',(-0.15,0.05,-0.05));
#2356=CARTESIAN_POINT('',(0.15,0.05,-0.05));
#2357=CARTESIAN_POINT('',(-0.0400000000000001,0.05,-0.05));
#2358=CARTESIAN_POINT('',(0.0400000000000001,0.05,-0.05));
#2359=CARTESIAN_POINT('',(0.15,0.05,-0.05));
#2360=CARTESIAN_POINT('',(0.0600000000000001,0.05,-0.05));
#2361=CARTESIAN_POINT('',(0.15,0.05,-0.05));
#2362=CARTESIAN_POINT('',(-0.15,0.05,0.05));
#2363=CARTESIAN_POINT('',(0.06,0.05,0.05));
#2364=CARTESIAN_POINT('',(0.15,0.05,0.05));
#2365=CARTESIAN_POINT('',(-0.15,0.05,0.05));
#2366=CARTESIAN_POINT('',(0.04,0.05,0.05));
#2367=CARTESIAN_POINT('',(-0.04,0.05,0.05));
#2368=CARTESIAN_POINT('',(-0.15,0.05,0.05));
#2369=CARTESIAN_POINT('',(-0.06,0.05,0.05));
#2370=CARTESIAN_POINT('',(-0.15,0.05,0.05));
#2371=CARTESIAN_POINT('',(-0.15,0.05,-0.05));
#2372=CARTESIAN_POINT('',(0.0875,0.05,-0.0125));
#2373=CARTESIAN_POINT('',(0.0875,0.05,-0.0125));
#2374=CARTESIAN_POINT('',(0.0875,0.05,0.0125));
#2375=CARTESIAN_POINT('',(0.1125,0.05,-0.0125));
#2376=CARTESIAN_POINT('',(0.1125,0.05,-0.0125));
#2377=CARTESIAN_POINT('',(0.1125,0.05,0.0125));
#2378=CARTESIAN_POINT('',(0.1125,0.05,0.0125));
#2379=CARTESIAN_POINT('',(-0.0125,0.05,-0.0125));
#2380=CARTESIAN_POINT('',(-0.0125,0.05,-0.0125));
#2381=CARTESIAN_POINT('',(-0.0125,0.05,0.0125));
#2382=CARTESIAN_POINT('',(0.0125,0.05,-0.0125));
#2383=CARTESIAN_POINT('',(0.0125,0.05,-0.0125));
#2384=CARTESIAN_POINT('',(0.0125,0.05,0.0125));
#2385=CARTESIAN_POINT('',(0.0125,0.05,0.0125));
#2386=CARTESIAN_POINT('',(-0.1125,0.05,-0.0125));
#2387=CARTESIAN_POINT('',(-0.1125,0.05,-0.0125));
#2388=CARTESIAN_POINT('',(-0.1125,0.05,0.0125));
#2389=CARTESIAN_POINT('',(-0.0875,0.05,-0.0125));
#2390=CARTESIAN_POINT('',(-0.0875,0.05,-0.0125));
#2391=CARTESIAN_POINT('',(-0.0875,0.05,0.0125));
#2392=CARTESIAN_POINT('',(-0.0875,0.05,0.0125));
#2393=CARTESIAN_POINT('',(0.0875,0.05,0.0125));
#2394=CARTESIAN_POINT('',(-0.0125,0.05,0.0125));
#2395=CARTESIAN_POINT('',(-0.1125,0.05,0.0125));
#2396=CARTESIAN_POINT('',(0.15,0.05,0.05));
#2397=CARTESIAN_POINT('',(-0.0542264973081037,0.05,0.04));
#2398=CARTESIAN_POINT('',(-0.0542264973081037,0.05,0.04));
#2399=CARTESIAN_POINT('',(-0.0457735026918962,0.05,0.04));
#2400=CARTESIAN_POINT('',(-0.0457735026918962,0.05,0.04));
#2401=CARTESIAN_POINT('',(-0.04,0.05,0.05));
#2402=CARTESIAN_POINT('',(0.06,0.05,0.05));
#2403=CARTESIAN_POINT('',(0.0542264973081038,0.05,0.04));
#2404=CARTESIAN_POINT('',(0.0542264973081038,0.05,0.04));
#2405=CARTESIAN_POINT('',(0.0457735026918963,0.05,0.04));
#2406=CARTESIAN_POINT('',(0.0457735026918963,0.05,0.04));
#2407=CARTESIAN_POINT('',(0.0400000000000001,0.05,-0.05));
#2408=CARTESIAN_POINT('',(0.0457735026918961,0.05,-0.04));
#2409=CARTESIAN_POINT('',(0.0542264973081036,0.05,-0.04));
#2410=CARTESIAN_POINT('',(0.0542264973081036,0.05,-0.04));
#2411=CARTESIAN_POINT('',(0.0457735026918961,0.05,-0.04));
#2412=CARTESIAN_POINT('',(-0.0600000000000001,0.05,-0.05));
#2413=CARTESIAN_POINT('',(-0.0542264973081037,0.05,-0.04));
#2414=CARTESIAN_POINT('',(-0.0542264973081037,0.05,-0.04));
#2415=CARTESIAN_POINT('',(-0.0457735026918963,0.05,-0.04));
#2416=CARTESIAN_POINT('',(-0.0457735026918963,0.05,-0.04));
#2417=CARTESIAN_POINT('',(0.,0.05,6.12323399573677E-18));
#2418=CARTESIAN_POINT('',(0.1125,0.105,0.0145));
#2419=CARTESIAN_POINT('',(0.1125,0.101999999999998,0.0145));
#2420=CARTESIAN_POINT('',(0.1125,0.101999999999998,0.0145));
#2421=CARTESIAN_POINT('',(-0.1125,0.101999999999998,0.0145));
#2422=CARTESIAN_POINT('',(0.1125,0.105,0.0145));
#2423=CARTESIAN_POINT('',(0.1125,0.105,0.0145));
#2424=CARTESIAN_POINT('',(0.1125,0.105,0.0145));
#2425=CARTESIAN_POINT('',(-0.1125,0.105,0.0145));
#2426=CARTESIAN_POINT('',(-0.1125,0.105,0.0145));
#2427=CARTESIAN_POINT('',(0.1125,0.1,-0.0145));
#2428=CARTESIAN_POINT('',(0.1125,0.101999999999998,-0.0145));
#2429=CARTESIAN_POINT('',(-0.1125,0.101999999999998,-0.0145));
#2430=CARTESIAN_POINT('',(0.1125,0.101999999999998,-0.0145));
#2431=CARTESIAN_POINT('',(-0.1125,0.1,-0.0145));
#2432=CARTESIAN_POINT('',(-0.1125,0.105,-0.0145));
#2433=CARTESIAN_POINT('',(0.1125,0.105,-0.0145));
#2434=CARTESIAN_POINT('',(0.1125,0.105,-0.0145));
#2435=CARTESIAN_POINT('',(0.1125,0.1,-0.0145));
#2436=CARTESIAN_POINT('',(0.1125,0.,0.));
#2437=CARTESIAN_POINT('',(0.1125,0.101999999999998,-8.27237720581447E-18));
#2438=CARTESIAN_POINT('',(0.1125,0.105,-0.0145));
#2439=CARTESIAN_POINT('',(0.1125,0.105,-0.0125));
#2440=CARTESIAN_POINT('',(0.1125,0.045,-0.0125));
#2441=CARTESIAN_POINT('',(0.1125,0.38,-0.0125));
#2442=CARTESIAN_POINT('',(0.1125,0.38,-0.0125));
#2443=CARTESIAN_POINT('',(0.1125,0.38,0.0125));
#2444=CARTESIAN_POINT('',(0.1125,0.38,0.0125));
#2445=CARTESIAN_POINT('',(0.1125,0.105,0.0125));
#2446=CARTESIAN_POINT('',(0.1125,0.105,-0.0145));
#2447=CARTESIAN_POINT('',(-0.1125,0.,0.));
#2448=CARTESIAN_POINT('',(-0.1125,0.101999999999998,-8.27237720581447E-18));
#2449=CARTESIAN_POINT('',(-0.1125,0.105,-0.0145));
#2450=CARTESIAN_POINT('',(-0.1125,0.105,0.0125));
#2451=CARTESIAN_POINT('',(-0.1125,0.38,0.0125));
#2452=CARTESIAN_POINT('',(-0.1125,0.38,0.0125));
#2453=CARTESIAN_POINT('',(-0.1125,0.38,-0.0125));
#2454=CARTESIAN_POINT('',(-0.1125,0.38,-0.0125));
#2455=CARTESIAN_POINT('',(-0.1125,0.045,-0.0125));
#2456=CARTESIAN_POINT('',(-0.1125,0.105,-0.0125));
#2457=CARTESIAN_POINT('',(-0.1125,0.105,-0.0145));
#2458=CARTESIAN_POINT('',(0.1125,0.045,-0.0125));
#2459=CARTESIAN_POINT('',(-0.0875,0.045,-0.0125));
#2460=CARTESIAN_POINT('',(-0.0875,0.105,-0.0124999999999999));
#2461=CARTESIAN_POINT('',(-0.0875,0.38,-0.0125));
#2462=CARTESIAN_POINT('',(0.1125,0.105,-0.0125));
#2463=CARTESIAN_POINT('',(0.1125,0.38,-0.0125));
#2464=CARTESIAN_POINT('',(0.1125,0.045,-0.0125));
#2465=CARTESIAN_POINT('',(-0.0125,0.045,-0.0125));
#2466=CARTESIAN_POINT('',(-0.0125,0.38,-0.0125));
#2467=CARTESIAN_POINT('',(-0.0125,0.105,-0.0124999999999999));
#2468=CARTESIAN_POINT('',(0.1125,0.38,-0.0125));
#2469=CARTESIAN_POINT('',(0.0125,0.38,-0.0125));
#2470=CARTESIAN_POINT('',(0.0125,0.045,-0.0125));
#2471=CARTESIAN_POINT('',(0.0125,0.105,-0.0125));
#2472=CARTESIAN_POINT('',(0.1125,0.105,-0.0125));
#2473=CARTESIAN_POINT('',(0.1125,0.38,0.0125));
#2474=CARTESIAN_POINT('',(-0.0875,0.38,0.0125));
#2475=CARTESIAN_POINT('',(-0.0875,0.38,0.0125));
#2476=CARTESIAN_POINT('',(-0.0875,0.105,0.0124999999999999));
#2477=CARTESIAN_POINT('',(0.1125,0.38,0.0125));
#2478=CARTESIAN_POINT('',(0.1125,0.105,0.0125));
#2479=CARTESIAN_POINT('',(0.1125,0.38,0.0125));
#2480=CARTESIAN_POINT('',(-0.0125,0.38,0.0125));
#2481=CARTESIAN_POINT('',(-0.0125,0.105,0.0124999999999999));
#2482=CARTESIAN_POINT('',(-0.0125,0.38,0.0125));
#2483=CARTESIAN_POINT('',(0.1125,0.105,0.0125));
#2484=CARTESIAN_POINT('',(0.0125,0.105,0.0125));
#2485=CARTESIAN_POINT('',(0.0125,0.38,0.0125));
#2486=CARTESIAN_POINT('',(0.0125,0.38,0.0125));
#2487=CARTESIAN_POINT('',(0.1125,0.38,0.0125));
#2488=CARTESIAN_POINT('',(0.1125,0.38,-0.0125));
#2489=CARTESIAN_POINT('',(-0.0875,0.38,-0.0125));
#2490=CARTESIAN_POINT('',(0.1125,0.38,-0.0125));
#2491=CARTESIAN_POINT('',(-0.0125,0.38,-0.0125));
#2492=CARTESIAN_POINT('',(0.0125,0.38,-0.0125));
#2493=CARTESIAN_POINT('',(0.1125,0.045,-0.0125));
#2494=CARTESIAN_POINT('',(0.0875,0.045,-0.0125));
#2495=CARTESIAN_POINT('',(0.0875,0.38,-0.0125));
#2496=CARTESIAN_POINT('',(0.0875,0.105,-0.0125));
#2497=CARTESIAN_POINT('',(0.1125,0.38,-0.0125));
#2498=CARTESIAN_POINT('',(0.1125,0.105,-0.0125));
#2499=CARTESIAN_POINT('',(0.1125,0.38,0.0125));
#2500=CARTESIAN_POINT('',(0.0875,0.38,0.0125));
#2501=CARTESIAN_POINT('',(0.0875,0.105,0.0125));
#2502=CARTESIAN_POINT('',(0.0875,0.38,0.0125));
#2503=CARTESIAN_POINT('',(0.1125,0.105,0.0125));
#2504=CARTESIAN_POINT('',(0.1125,0.38,0.0125));
#2505=CARTESIAN_POINT('',(0.1125,0.38,-0.0125));
#2506=CARTESIAN_POINT('',(0.0875,0.38,-0.0125));
#2507=CARTESIAN_POINT('',(0.1125,0.105,-0.0145));
#2508=CARTESIAN_POINT('',(-0.0875,0.105,1.));
#2509=CARTESIAN_POINT('',(0.0875,0.105,0.23));
#2510=CARTESIAN_POINT('',(-0.0125,0.105,1.));
#2511=CARTESIAN_POINT('',(0.0125,0.105,-0.23));
#2512=CARTESIAN_POINT('',(0.0125,0.565,-0.23));
#2513=CARTESIAN_POINT('',(0.0875,0.565,0.23));
#2514=CARTESIAN_POINT('',(-0.0875,1.105,1.));
#2515=CARTESIAN_POINT('',(-0.0125,0.105,1.));
#2516=CARTESIAN_POINT('',(50.,0.101999999999997,-20.));
#2517=CARTESIAN_POINT('',(0.,-0.05,6.12323399573677E-18));
#2518=CARTESIAN_POINT('',(0.1125,0.105,0.0145));
#2519=CARTESIAN_POINT('',(0.1125,0.101999999999998,0.0145));
#2520=CARTESIAN_POINT('',(-0.1125,0.101999999999998,0.0145));
#2521=CARTESIAN_POINT('',(0.1125,0.101999999999998,0.0145));
#2522=CARTESIAN_POINT('',(-0.1125,0.105,0.0145));
#2523=CARTESIAN_POINT('',(-0.1125,0.1,0.0145));
#2524=CARTESIAN_POINT('',(0.1125,0.1,0.0145));
#2525=CARTESIAN_POINT('',(0.1125,0.1,0.0145));
#2526=CARTESIAN_POINT('',(0.1125,0.105,0.0145));
#2527=CARTESIAN_POINT('',(0.1125,0.1,-0.0145));
#2528=CARTESIAN_POINT('',(0.1125,0.101999999999998,-0.0145));
#2529=CARTESIAN_POINT('',(0.1125,0.101999999999998,-0.0145));
#2530=CARTESIAN_POINT('',(-0.1125,0.101999999999998,-0.0145));
#2531=CARTESIAN_POINT('',(0.1125,0.1,-0.0145));
#2532=CARTESIAN_POINT('',(0.1125,0.1,-0.0145));
#2533=CARTESIAN_POINT('',(0.1125,0.1,-0.0145));
#2534=CARTESIAN_POINT('',(-0.1125,0.1,-0.0145));
#2535=CARTESIAN_POINT('',(-0.1125,0.1,-0.0145));
#2536=CARTESIAN_POINT('',(0.1125,0.,0.));
#2537=CARTESIAN_POINT('',(0.1125,0.101999999999998,8.27237720581447E-18));
#2538=CARTESIAN_POINT('',(0.1125,0.1,0.0145));
#2539=CARTESIAN_POINT('',(0.1125,0.1,0.0125));
#2540=CARTESIAN_POINT('',(0.1125,0.38,0.0125));
#2541=CARTESIAN_POINT('',(0.1125,0.045,0.0125));
#2542=CARTESIAN_POINT('',(0.1125,0.045,0.0325));
#2543=CARTESIAN_POINT('',(0.1125,0.025,0.0325));
#2544=CARTESIAN_POINT('',(0.1125,0.025,0.0325));
#2545=CARTESIAN_POINT('',(0.1125,0.025,0.104));
#2546=CARTESIAN_POINT('',(0.1125,0.025,0.104));
#2547=CARTESIAN_POINT('',(0.1125,4.26851249010041E-18,0.104));
#2548=CARTESIAN_POINT('',(0.1125,0.,0.104));
#2549=CARTESIAN_POINT('',(0.1125,-1.31104312195941E-17,0.0325));
#2550=CARTESIAN_POINT('',(0.1125,0.045,0.0325));
#2551=CARTESIAN_POINT('',(0.1125,0.045,-0.0125));
#2552=CARTESIAN_POINT('',(0.1125,0.045,-0.0125));
#2553=CARTESIAN_POINT('',(0.1125,0.1,-0.0125));
#2554=CARTESIAN_POINT('',(0.1125,0.1,0.0145));
#2555=CARTESIAN_POINT('',(-0.1125,0.,0.));
#2556=CARTESIAN_POINT('',(-0.1125,0.101999999999998,8.27237720581447E-18));
#2557=CARTESIAN_POINT('',(-0.1125,0.1,0.0145));
#2558=CARTESIAN_POINT('',(-0.1125,0.1,-0.0125));
#2559=CARTESIAN_POINT('',(-0.1125,0.045,-0.0125));
#2560=CARTESIAN_POINT('',(-0.1125,0.045,-0.0125));
#2561=CARTESIAN_POINT('',(-0.1125,0.045,0.0325));
#2562=CARTESIAN_POINT('',(-0.1125,-1.46348999660586E-17,0.0325));
#2563=CARTESIAN_POINT('',(-0.1125,0.,0.104));
#2564=CARTESIAN_POINT('',(-0.1125,4.26851249010041E-18,0.104));
#2565=CARTESIAN_POINT('',(-0.1125,0.025,0.104));
#2566=CARTESIAN_POINT('',(-0.1125,0.025,0.104));
#2567=CARTESIAN_POINT('',(-0.1125,0.025,0.0325));
#2568=CARTESIAN_POINT('',(-0.1125,0.025,0.0325));
#2569=CARTESIAN_POINT('',(-0.1125,0.045,0.0325));
#2570=CARTESIAN_POINT('',(-0.1125,0.045,0.0125));
#2571=CARTESIAN_POINT('',(-0.1125,0.38,0.0125));
#2572=CARTESIAN_POINT('',(-0.1125,0.1,0.0125));
#2573=CARTESIAN_POINT('',(-0.1125,0.1,0.0145));
#2574=CARTESIAN_POINT('',(0.1125,0.38,0.0125));
#2575=CARTESIAN_POINT('',(-0.0875,0.38,0.0125));
#2576=CARTESIAN_POINT('',(-0.0875,0.1,0.0124999999999999));
#2577=CARTESIAN_POINT('',(-0.0875,0.045,0.0125));
#2578=CARTESIAN_POINT('',(0.1125,0.1,0.0125));
#2579=CARTESIAN_POINT('',(0.1125,0.045,0.0125));
#2580=CARTESIAN_POINT('',(0.1125,0.38,0.0125));
#2581=CARTESIAN_POINT('',(0.0875,0.38,0.0125));
#2582=CARTESIAN_POINT('',(0.0875,0.045,0.0125));
#2583=CARTESIAN_POINT('',(0.0875,0.1,0.0124999999999999));
#2584=CARTESIAN_POINT('',(0.1125,0.045,0.0125));
#2585=CARTESIAN_POINT('',(0.1125,0.1,0.0125));
#2586=CARTESIAN_POINT('',(0.1125,0.38,0.0125));
#2587=CARTESIAN_POINT('',(0.0125,0.38,0.0125));
#2588=CARTESIAN_POINT('',(0.0125,0.1,0.0124999999999999));
#2589=CARTESIAN_POINT('',(0.0125,0.045,0.0125));
#2590=CARTESIAN_POINT('',(0.1125,0.1,0.0125));
#2591=CARTESIAN_POINT('',(-0.0125,0.1,0.0124999999999999));
#2592=CARTESIAN_POINT('',(-0.0125,0.38,0.0125));
#2593=CARTESIAN_POINT('',(-0.0125,0.045,0.0125));
#2594=CARTESIAN_POINT('',(0.0875,0.045,0.0125));
#2595=CARTESIAN_POINT('',(0.1125,0.045,-0.0125));
#2596=CARTESIAN_POINT('',(-0.0875,0.045,-0.0125));
#2597=CARTESIAN_POINT('',(-0.0875,0.045,-0.0125));
#2598=CARTESIAN_POINT('',(-0.0875,0.1,-0.0124999999999999));
#2599=CARTESIAN_POINT('',(-0.1875,0.045,-0.0125));
#2600=CARTESIAN_POINT('',(0.1125,0.1,-0.0125));
#2601=CARTESIAN_POINT('',(0.1125,0.045,-0.0125));
#2602=CARTESIAN_POINT('',(0.0875,0.045,-0.0125));
#2603=CARTESIAN_POINT('',(0.0875,0.1,-0.0124999999999999));
#2604=CARTESIAN_POINT('',(0.0875,0.045,-0.0125));
#2605=CARTESIAN_POINT('',(0.1125,0.1,-0.0125));
#2606=CARTESIAN_POINT('',(0.1125,0.045,-0.0125));
#2607=CARTESIAN_POINT('',(0.1125,0.045,-0.0125));
#2608=CARTESIAN_POINT('',(0.0125,0.045,-0.0125));
#2609=CARTESIAN_POINT('',(0.0125,0.045,-0.0125));
#2610=CARTESIAN_POINT('',(0.0125,0.1,-0.0124999999999999));
#2611=CARTESIAN_POINT('',(0.1125,0.045,-0.0125));
#2612=CARTESIAN_POINT('',(-0.0125000000000001,0.045,-0.0125));
#2613=CARTESIAN_POINT('',(-0.0125,0.045,-0.0125));
#2614=CARTESIAN_POINT('',(-0.0125,0.1,-0.0124999999999999));
#2615=CARTESIAN_POINT('',(0.1125,0.1,-0.0125));
#2616=CARTESIAN_POINT('',(-0.0875,0.045,-0.0325));
#2617=CARTESIAN_POINT('',(0.0125,0.045,-0.0325));
#2618=CARTESIAN_POINT('',(0.0125,-8.53702498020082E-18,-0.0325));
#2619=CARTESIAN_POINT('',(-0.0125000000000001,0.045,-0.0325));
#2620=CARTESIAN_POINT('',(-0.0125000000000001,-6.7076624844435E-18,-0.0325));
#2621=CARTESIAN_POINT('',(0.0875,-4.26851249010041E-18,-0.0325));
#2622=CARTESIAN_POINT('',(0.1875,0.045,0.0325));
#2623=CARTESIAN_POINT('',(0.0875,0.045,0.0325));
#2624=CARTESIAN_POINT('',(0.0875,-1.46348999660586E-17,0.0325));
#2625=CARTESIAN_POINT('',(0.0125,-1.92083062054519E-17,0.0325));
#2626=CARTESIAN_POINT('',(-0.0125000000000001,0.045,0.0325));
#2627=CARTESIAN_POINT('',(-0.0875,0.045,0.0325));
#2628=CARTESIAN_POINT('',(-0.0875,-1.31104312195941E-17,0.0325));
#2629=CARTESIAN_POINT('',(-0.1875,-1.92083062054519E-17,0.0325));
#2630=CARTESIAN_POINT('',(0.1125,0.,0.104));
#2631=CARTESIAN_POINT('',(-0.0875,0.,0.104));
#2632=CARTESIAN_POINT('',(-0.0875,0.,0.104));
#2633=CARTESIAN_POINT('',(0.1125,4.26851249010041E-18,0.104));
#2634=CARTESIAN_POINT('',(-0.0875,-8.53702498020082E-18,-0.0325));
#2635=CARTESIAN_POINT('',(-0.0875,0.1,1.));
#2636=CARTESIAN_POINT('',(-0.0875,0.045,0.0325));
#2637=CARTESIAN_POINT('',(-0.0875,0.025,0.0325));
#2638=CARTESIAN_POINT('',(-0.0875,0.025,0.0325));
#2639=CARTESIAN_POINT('',(-0.0875,0.025,0.104));
#2640=CARTESIAN_POINT('',(-0.0875,0.025,0.104));
#2641=CARTESIAN_POINT('',(0.1125,0.,0.104));
#2642=CARTESIAN_POINT('',(0.1125,4.26851249010041E-18,0.104));
#2643=CARTESIAN_POINT('',(0.0875,0.,0.104));
#2644=CARTESIAN_POINT('',(0.0875,0.,0.104));
#2645=CARTESIAN_POINT('',(0.0875,-0.11,-0.0325));
#2646=CARTESIAN_POINT('',(0.0875,0.045,0.0325));
#2647=CARTESIAN_POINT('',(0.0875,0.025,0.0325));
#2648=CARTESIAN_POINT('',(0.0875,0.1,1.));
#2649=CARTESIAN_POINT('',(0.0875,0.025,0.104));
#2650=CARTESIAN_POINT('',(0.0875,0.025,0.104));
#2651=CARTESIAN_POINT('',(0.0875,0.025,0.0325));
#2652=CARTESIAN_POINT('',(0.1125,0.045,0.0325));
#2653=CARTESIAN_POINT('',(0.1125,0.025,0.0325));
#2654=CARTESIAN_POINT('',(0.1125,0.025,0.0325));
#2655=CARTESIAN_POINT('',(0.1125,0.025,0.104));
#2656=CARTESIAN_POINT('',(0.1125,0.025,0.104));
#2657=CARTESIAN_POINT('',(0.1125,0.1,0.0145));
#2658=CARTESIAN_POINT('',(0.0125,0.1,1.));
#2659=CARTESIAN_POINT('',(-0.0125,0.1,1.));
#2660=CARTESIAN_POINT('',(0.1125,0.045,0.0325));
#2661=CARTESIAN_POINT('',(0.1125,0.025,0.0325));
#2662=CARTESIAN_POINT('',(0.1125,0.025,0.0325));
#2663=CARTESIAN_POINT('',(0.1125,0.025,0.104));
#2664=CARTESIAN_POINT('',(0.1125,0.025,0.104));
#2665=CARTESIAN_POINT('',(0.1125,0.,0.104));
#2666=CARTESIAN_POINT('',(-0.0125000000000001,0.,0.104));
#2667=CARTESIAN_POINT('',(-0.0125000000000001,0.,-0.104));
#2668=CARTESIAN_POINT('',(0.1125,0.,-0.104));
#2669=CARTESIAN_POINT('',(0.0125,0.,-0.104));
#2670=CARTESIAN_POINT('',(0.0125,0.,0.104));
#2671=CARTESIAN_POINT('',(0.1125,0.,-0.104));
#2672=CARTESIAN_POINT('',(-0.0125000000000001,0.,-0.104));
#2673=CARTESIAN_POINT('',(-0.0125000000000001,0.025,-0.104));
#2674=CARTESIAN_POINT('',(0.1125,0.025,-0.104));
#2675=CARTESIAN_POINT('',(0.0125,0.025,-0.104));
#2676=CARTESIAN_POINT('',(0.0125,0.,-0.104));
#2677=CARTESIAN_POINT('',(0.1125,0.025,-0.104));
#2678=CARTESIAN_POINT('',(-0.0125000000000001,0.025,-0.104));
#2679=CARTESIAN_POINT('',(-0.0125000000000001,0.025,-0.0325));
#2680=CARTESIAN_POINT('',(0.1125,0.025,-0.0325));
#2681=CARTESIAN_POINT('',(0.0125,0.025,-0.0325));
#2682=CARTESIAN_POINT('',(0.0125,0.025,-0.104));
#2683=CARTESIAN_POINT('',(0.1125,0.045,-0.0325));
#2684=CARTESIAN_POINT('',(-0.0125000000000001,0.045,-0.0325));
#2685=CARTESIAN_POINT('',(0.0125,0.045,-0.0325));
#2686=CARTESIAN_POINT('',(0.0125,-0.3,0.0325));
#2687=CARTESIAN_POINT('',(-0.0125000000000001,-8.53702498020082E-18,0.0325));
#2688=CARTESIAN_POINT('',(50.,0.101999999999997,20.));
#2689=CARTESIAN_POINT('',(0.,-0.05,6.12323399573677E-18));
#2690=MECHANICAL_DESIGN_GEOMETRIC_PRESENTATION_REPRESENTATION('',(#1671,
#1672,#1673),#2691);
#2691=(
GEOMETRIC_REPRESENTATION_CONTEXT(3)
GLOBAL_UNCERTAINTY_ASSIGNED_CONTEXT((#2695))
GLOBAL_UNIT_ASSIGNED_CONTEXT((#2701,#2700,#2699))
REPRESENTATION_CONTEXT('TSM-103-01-L-SV','TOP_LEVEL_ASSEMBLY_PART')
);
#2692=(
GEOMETRIC_REPRESENTATION_CONTEXT(3)
GLOBAL_UNCERTAINTY_ASSIGNED_CONTEXT((#2696))
GLOBAL_UNIT_ASSIGNED_CONTEXT((#2701,#2700,#2699))
REPRESENTATION_CONTEXT('TSM-103-01-SV_body','COMPONENT_PART')
);
#2693=(
GEOMETRIC_REPRESENTATION_CONTEXT(3)
GLOBAL_UNCERTAINTY_ASSIGNED_CONTEXT((#2697))
GLOBAL_UNIT_ASSIGNED_CONTEXT((#2701,#2700,#2699))
REPRESENTATION_CONTEXT('T-1S6-16-L(-01-3-SV)','COMPONENT_PART')
);
#2694=(
GEOMETRIC_REPRESENTATION_CONTEXT(3)
GLOBAL_UNCERTAINTY_ASSIGNED_CONTEXT((#2698))
GLOBAL_UNIT_ASSIGNED_CONTEXT((#2701,#2700,#2699))
REPRESENTATION_CONTEXT('T-1S6-16-L(-01-3-SV)2','COMPONENT_PART')
);
#2695=UNCERTAINTY_MEASURE_WITH_UNIT(LENGTH_MEASURE(0.000196850393700787),
#2701,'DISTANCE_ACCURACY_VALUE','Maximum Tolerance applied to model');
#2696=UNCERTAINTY_MEASURE_WITH_UNIT(LENGTH_MEASURE(0.000196850393700787),
#2701,'DISTANCE_ACCURACY_VALUE','Maximum Tolerance applied to model');
#2697=UNCERTAINTY_MEASURE_WITH_UNIT(LENGTH_MEASURE(0.000196850393700787),
#2701,'DISTANCE_ACCURACY_VALUE','Maximum Tolerance applied to model');
#2698=UNCERTAINTY_MEASURE_WITH_UNIT(LENGTH_MEASURE(0.000196850393700787),
#2701,'DISTANCE_ACCURACY_VALUE','Maximum Tolerance applied to model');
#2699=(
NAMED_UNIT(*)
SI_UNIT($,.STERADIAN.)
SOLID_ANGLE_UNIT()
);
#2700=(
NAMED_UNIT(*)
PLANE_ANGLE_UNIT()
SI_UNIT($,.RADIAN.)
);
#2701=(
CONVERSION_BASED_UNIT('INCH',#2703)
LENGTH_UNIT()
NAMED_UNIT(#2702)
);
#2702=DIMENSIONAL_EXPONENTS(1.,0.,0.,0.,0.,0.,0.);
#2703=LENGTH_MEASURE_WITH_UNIT(LENGTH_MEASURE(25.4),#2704);
#2704=(
LENGTH_UNIT()
NAMED_UNIT(*)
SI_UNIT(.MILLI.,.METRE.)
);
#2705=PRODUCT_DEFINITION_SHAPE('','',#2712);
#2706=PRODUCT_DEFINITION_SHAPE('','',#2713);
#2707=PRODUCT_DEFINITION_SHAPE(' ','NAUO PRDDFN',#39);
#2708=PRODUCT_DEFINITION_SHAPE('','',#2714);
#2709=PRODUCT_DEFINITION_SHAPE(' ','NAUO PRDDFN',#40);
#2710=PRODUCT_DEFINITION_SHAPE('','',#2715);
#2711=PRODUCT_DEFINITION_SHAPE(' ','NAUO PRDDFN',#41);
#2712=PRODUCT_DEFINITION('','',#2720,#2716);
#2713=PRODUCT_DEFINITION('','',#2721,#2717);
#2714=PRODUCT_DEFINITION('','',#2722,#2718);
#2715=PRODUCT_DEFINITION('','',#2723,#2719);
#2716=PRODUCT_DEFINITION_CONTEXT('',#2741,'design');
#2717=PRODUCT_DEFINITION_CONTEXT('',#2741,'design');
#2718=PRODUCT_DEFINITION_CONTEXT('',#2741,'design');
#2719=PRODUCT_DEFINITION_CONTEXT('',#2741,'design');
#2720=PRODUCT_DEFINITION_FORMATION_WITH_SPECIFIED_SOURCE('','',#2728,
 .NOT_KNOWN.);
#2721=PRODUCT_DEFINITION_FORMATION_WITH_SPECIFIED_SOURCE('','',#2729,
 .NOT_KNOWN.);
#2722=PRODUCT_DEFINITION_FORMATION_WITH_SPECIFIED_SOURCE('','',#2730,
 .NOT_KNOWN.);
#2723=PRODUCT_DEFINITION_FORMATION_WITH_SPECIFIED_SOURCE('','',#2731,
 .NOT_KNOWN.);
#2724=PRODUCT_RELATED_PRODUCT_CATEGORY('','',(#2728));
#2725=PRODUCT_RELATED_PRODUCT_CATEGORY('','',(#2729));
#2726=PRODUCT_RELATED_PRODUCT_CATEGORY('','',(#2730));
#2727=PRODUCT_RELATED_PRODUCT_CATEGORY('','',(#2731));
#2728=PRODUCT('TSM-103-01-L-SV','TSM-103-01-L-SV','TSM-103-01-L-SV',(#2736));
#2729=PRODUCT('TSM-103-01-SV_body','TSM-103-01-SV_body',
'TSM-103-01-SV_body',(#2737));
#2730=PRODUCT('T-1S6-16-L(-01-3-SV)','T-1S6-16-L(-01-3-SV)',
'T-1S6-16-L(-01-3-SV)',(#2738));
#2731=PRODUCT('T-1S6-16-L(-01-3-SV)2','T-1S6-16-L(-01-3-SV)2',
'T-1S6-16-L(-01-3-SV)2',(#2739));
#2732=PRODUCT_CATEGORY('','');
#2733=PRODUCT_CATEGORY('','');
#2734=PRODUCT_CATEGORY('','');
#2735=PRODUCT_CATEGORY('','');
#2736=PRODUCT_CONTEXT('',#2741,'mechanical');
#2737=PRODUCT_CONTEXT('',#2741,'mechanical');
#2738=PRODUCT_CONTEXT('',#2741,'mechanical');
#2739=PRODUCT_CONTEXT('',#2741,'mechanical');
#2740=APPLICATION_PROTOCOL_DEFINITION('international standard',
'automotive_design',2010,#2741);
#2741=APPLICATION_CONTEXT(
'core data for automotive mechanical design processes');
ENDSEC;
END-ISO-10303-21;
